2025-09-08 06:15:28,630 - 1494961 - clay.server - INFO - Loading WSGI middleware clay.middleware.route_stats.RouteStatsMiddleware
2025-09-08 06:15:28,636 - 1494961 - clay.server - INFO - Loading WSGI middleware piper.views.middleware.piper_route_middleware.PiperRouteStatsMiddleware
2025-09-08 06:15:29,965 - 1495530 - clay.server - INFO - Loading WSGI middleware clay.middleware.route_stats.RouteStatsMiddleware
2025-09-08 06:15:29,966 - 1495530 - clay.server - INFO - Loading WSGI middleware piper.views.middleware.piper_route_middleware.PiperRouteStatsMiddleware
2025-09-08 06:15:30,339 - 1495530 - piper.models - INFO - Working on test environment
2025-09-08 06:15:30,340 - 1495530 - piper.models - INFO - Piper Database is configured to uber@127.0.0.1:3306/piper_test
2025-09-08 06:15:30,340 - 1495530 - piper.models - INFO - Piper Slave Database is configured to uber@127.0.0.1:3306/piper_test
2025-09-08 06:15:31,187 - 1495530 - raven.contrib.tornado.AsyncSentryClient - INFO - Raven is not configured (logging is disabled). Please see the documentation for more information.
2025-09-08 06:15:31,812 - 1495530 - piper - INFO - Using executor LocalExecutor
2025-09-08 06:15:32,081 - 1495530 - piper - INFO - Metadata Database in the other env is configured to uber@127.0.0.1:3306/piper_test
2025-09-08 06:15:32,081 - 1495530 - piper - INFO - Multi DC Database Master is configured to uber@127.0.0.1:3306/multi_dc_test
2025-09-08 06:15:32,082 - 1495530 - piper - INFO - Multi DC Database Slave is configured to uber@127.0.0.1:3306/multi_dc_test
2025-09-08 06:15:33,214 - 1495530 - piper - INFO - Piper is being run on Python version: 3
2025-09-08 06:15:33,215 - 1495530 - clay_runtime_config - INFO - Setting up Clay Runtime Config to load from the directory ./uconfig/crc_configs
2025-09-08 06:15:33,215 - 1495530 - clay_runtime_config - INFO - Setting up Clay Runtime Config to load from the directory ./uconfig/crc_configs
2025-09-08 06:15:33,215 - 1495530 - clay_runtime_config - INFO - Redis is disabled therefor not posting runtime state to Redis.
2025-09-08 06:15:33,306 - 1495530 - piper.organizer - INFO - organizer uuid: bgill3_068d41301f3847c595850c440603c0dc
2025-09-08 06:15:33,306 - 1495530 - piper.organizer - INFO - Running the Pipeline Organizer 2025-09-08T06:15:33.306234
2025-09-08 06:15:33,313 - 1495530 - piper.organizer - INFO - Monitoring process with target PipelineOrganizer.execute and pid 1495890
2025-09-08 06:15:33,441 - 1495890 - piper.organizer - ERROR - []
2025-09-08 06:15:33,441 - 1495890 - piper.organizer - ERROR - []
2025-09-08 06:15:33,442 - 1495890 - piper.organizer - ERROR - []
2025-09-08 06:15:33,457 - 1495890 - piper.organizer - ERROR - []
2025-09-08 06:15:33,457 - 1495890 - piper.organizer - ERROR - []
2025-09-08 06:15:33,463 - 1495890 - piper.organizer - ERROR - []
2025-09-08 06:15:33,466 - 1495890 - piper.organizer - ERROR - []
2025-09-08 06:15:33,466 - 1495890 - piper.organizer - ERROR - []
2025-09-08 06:15:33,466 - 1495890 - piper.organizer - ERROR - []
2025-09-08 06:15:33,466 - 1495890 - piper.organizer - ERROR - []
2025-09-08 06:15:33,470 - 1495890 - piper.organizer - ERROR - []
2025-09-08 06:15:33,470 - 1495890 - piper.organizer - ERROR - []
2025-09-08 06:15:33,471 - 1495890 - piper.organizer - ERROR - []
2025-09-08 06:15:33,471 - 1495890 - piper.organizer - ERROR - []
2025-09-08 06:15:33,471 - 1495890 - piper.organizer - ERROR - []
2025-09-08 06:15:33,472 - 1495890 - piper.organizer - ERROR - []
2025-09-08 06:15:33,472 - 1495890 - piper.organizer - ERROR - []
2025-09-08 06:15:33,473 - 1495890 - piper.organizer - ERROR - []
2025-09-08 06:15:33,473 - 1495890 - piper.organizer - ERROR - []
2025-09-08 06:15:33,474 - 1495890 - piper.organizer - ERROR - []
2025-09-08 06:15:33,474 - 1495890 - piper.organizer - ERROR - []
2025-09-08 06:15:33,477 - 1495890 - piper.organizer - ERROR - []
2025-09-08 06:15:33,478 - 1495890 - piper.organizer - ERROR - []
2025-09-08 06:15:33,479 - 1495890 - piper.organizer - ERROR - []
2025-09-08 06:15:33,479 - 1495890 - piper.organizer - ERROR - []
2025-09-08 06:15:33,480 - 1495890 - piper.organizer - ERROR - []
2025-09-08 06:15:33,480 - 1495890 - piper.organizer - ERROR - []
2025-09-08 06:15:33,481 - 1495890 - piper.organizer - ERROR - []
2025-09-08 06:15:33,481 - 1495890 - piper.organizer - ERROR - []
2025-09-08 06:15:33,481 - 1495890 - piper.organizer - ERROR - []
2025-09-08 06:15:33,481 - 1495890 - piper.organizer - ERROR - []
2025-09-08 06:15:33,482 - 1495890 - piper.organizer - ERROR - []
2025-09-08 06:15:33,506 - 1495890 - piper.organizer - ERROR - []
2025-09-08 06:15:33,506 - 1495890 - piper.organizer - ERROR - []
2025-09-08 06:15:33,507 - 1495890 - piper.organizer - ERROR - []
2025-09-08 06:15:33,507 - 1495890 - piper.organizer - ERROR - []
2025-09-08 06:15:33,507 - 1495890 - piper.organizer - ERROR - []
2025-09-08 06:15:33,514 - 1495890 - piper.organizer - ERROR - []
2025-09-08 06:15:33,515 - 1495890 - piper.organizer - ERROR - []
2025-09-08 06:15:33,516 - 1495890 - piper.organizer - ERROR - []
2025-09-08 06:15:33,517 - 1495890 - piper.organizer - ERROR - []
2025-09-08 06:15:33,518 - 1495890 - piper.organizer - ERROR - []
2025-09-08 06:15:33,518 - 1495890 - piper.organizer - ERROR - []
2025-09-08 06:15:33,518 - 1495890 - piper.organizer - ERROR - []
2025-09-08 06:15:33,518 - 1495890 - piper.organizer - ERROR - []
2025-09-08 06:15:33,518 - 1495890 - piper.organizer - ERROR - []
2025-09-08 06:15:33,522 - 1495890 - piper.organizer - ERROR - []
2025-09-08 06:15:33,522 - 1495890 - piper.organizer - ERROR - []
2025-09-08 06:15:33,522 - 1495890 - piper.organizer - ERROR - []
2025-09-08 06:15:33,523 - 1495890 - piper.organizer - ERROR - []
2025-09-08 06:15:33,523 - 1495890 - piper.organizer - ERROR - []
2025-09-08 06:15:33,523 - 1495890 - piper.organizer - ERROR - []
2025-09-08 06:15:33,523 - 1495890 - piper.organizer - ERROR - []
2025-09-08 06:15:33,524 - 1495890 - piper.organizer - ERROR - []
2025-09-08 06:15:33,524 - 1495890 - piper.organizer - ERROR - []
2025-09-08 06:15:33,524 - 1495890 - piper.organizer - ERROR - []
2025-09-08 06:15:33,525 - 1495890 - piper.organizer - ERROR - []
2025-09-08 06:15:33,525 - 1495890 - piper.organizer - ERROR - []
2025-09-08 06:15:33,525 - 1495890 - piper.organizer - ERROR - []
2025-09-08 06:15:33,525 - 1495890 - piper.organizer - ERROR - []
2025-09-08 06:15:33,526 - 1495890 - piper.organizer - ERROR - []
2025-09-08 06:15:33,526 - 1495890 - piper.organizer - ERROR - []
2025-09-08 06:15:33,526 - 1495890 - piper.organizer - ERROR - []
2025-09-08 06:15:33,527 - 1495890 - piper.organizer - ERROR - []
2025-09-08 06:15:33,527 - 1495890 - piper.organizer - ERROR - []
2025-09-08 06:15:33,527 - 1495890 - piper.organizer - ERROR - []
2025-09-08 06:15:33,527 - 1495890 - piper.organizer - ERROR - []
2025-09-08 06:15:33,528 - 1495890 - piper.organizer - ERROR - []
2025-09-08 06:15:33,528 - 1495890 - piper.organizer - ERROR - []
2025-09-08 06:15:33,528 - 1495890 - piper.organizer - ERROR - []
2025-09-08 06:15:33,529 - 1495890 - piper.organizer - ERROR - []
2025-09-08 06:15:33,529 - 1495890 - piper.organizer - ERROR - []
2025-09-08 06:15:33,529 - 1495890 - piper.organizer - ERROR - []
2025-09-08 06:15:33,529 - 1495890 - piper.organizer - ERROR - []
2025-09-08 06:15:33,530 - 1495890 - piper.organizer - ERROR - []
2025-09-08 06:15:33,530 - 1495890 - piper.organizer - ERROR - []
2025-09-08 06:15:33,530 - 1495890 - piper.organizer - ERROR - []
2025-09-08 06:15:33,531 - 1495890 - piper.organizer - ERROR - []
2025-09-08 06:15:33,531 - 1495890 - piper.organizer - ERROR - []
2025-09-08 06:15:33,531 - 1495890 - piper.organizer - ERROR - []
2025-09-08 06:15:33,532 - 1495890 - piper.organizer - ERROR - []
2025-09-08 06:15:33,532 - 1495890 - piper.organizer - ERROR - []
2025-09-08 06:15:33,532 - 1495890 - piper.organizer - ERROR - []
2025-09-08 06:15:33,532 - 1495890 - piper.organizer - ERROR - []
2025-09-08 06:15:33,533 - 1495890 - piper.organizer - ERROR - []
2025-09-08 06:15:33,533 - 1495890 - piper.organizer - ERROR - []
2025-09-08 06:15:33,533 - 1495890 - piper.organizer - ERROR - []
2025-09-08 06:15:33,534 - 1495890 - piper.organizer - ERROR - []
2025-09-08 06:15:33,534 - 1495890 - piper.organizer - ERROR - []
2025-09-08 06:15:33,534 - 1495890 - piper.organizer - ERROR - []
2025-09-08 06:15:33,535 - 1495890 - piper.organizer - ERROR - []
2025-09-08 06:15:33,535 - 1495890 - piper.organizer - ERROR - []
2025-09-08 06:15:33,535 - 1495890 - piper.organizer - ERROR - []
2025-09-08 06:15:33,535 - 1495890 - piper.organizer - ERROR - []
2025-09-08 06:15:33,535 - 1495890 - piper.organizer - ERROR - []
2025-09-08 06:15:33,536 - 1495890 - piper.organizer - ERROR - []
2025-09-08 06:15:33,537 - 1495890 - piper.organizer - ERROR - []
2025-09-08 06:15:33,537 - 1495890 - piper.organizer - ERROR - []
2025-09-08 06:15:33,537 - 1495890 - piper.organizer - ERROR - []
2025-09-08 06:15:33,537 - 1495890 - piper.organizer - ERROR - []
2025-09-08 06:15:33,537 - 1495890 - piper.organizer - ERROR - []
2025-09-08 06:15:33,537 - 1495890 - piper.organizer - ERROR - []
2025-09-08 06:15:33,539 - 1495890 - piper.organizer - ERROR - []
2025-09-08 06:15:33,539 - 1495890 - piper.organizer - ERROR - []
2025-09-08 06:15:33,539 - 1495890 - piper.organizer - ERROR - []
2025-09-08 06:15:33,540 - 1495890 - piper.organizer - ERROR - []
2025-09-08 06:15:33,540 - 1495890 - piper.organizer - ERROR - []
2025-09-08 06:15:33,540 - 1495890 - piper.organizer - ERROR - []
2025-09-08 06:15:33,540 - 1495890 - piper.organizer - ERROR - []
2025-09-08 06:15:33,544 - 1495890 - piper.organizer - ERROR - []
2025-09-08 06:15:33,544 - 1495890 - piper.organizer - ERROR - []
2025-09-08 06:15:33,544 - 1495890 - piper.organizer - ERROR - []
2025-09-08 06:15:33,545 - 1495890 - piper.organizer - ERROR - []
2025-09-08 06:15:33,545 - 1495890 - piper.organizer - ERROR - []
2025-09-08 06:15:33,546 - 1495890 - piper.organizer - ERROR - []
2025-09-08 06:15:33,546 - 1495890 - piper.organizer - ERROR - []
2025-09-08 06:15:33,546 - 1495890 - piper.organizer - ERROR - []
2025-09-08 06:15:33,552 - 1495890 - piper.organizer - ERROR - []
2025-09-08 06:15:33,552 - 1495890 - piper.organizer - ERROR - []
2025-09-08 06:15:33,553 - 1495890 - piper.organizer - ERROR - []
2025-09-08 06:15:33,553 - 1495890 - piper.organizer - ERROR - []
2025-09-08 06:15:33,553 - 1495890 - piper.organizer - ERROR - []
2025-09-08 06:15:33,553 - 1495890 - piper.organizer - ERROR - []
2025-09-08 06:15:33,561 - 1495890 - piper.organizer - ERROR - []
2025-09-08 06:15:33,561 - 1495890 - piper.organizer - ERROR - []
2025-09-08 06:15:33,562 - 1495890 - piper.organizer - ERROR - []
2025-09-08 06:15:33,562 - 1495890 - piper.organizer - ERROR - []
2025-09-08 06:15:33,567 - 1495890 - piper.organizer - ERROR - []
2025-09-08 06:15:33,567 - 1495890 - piper.organizer - ERROR - []
2025-09-08 06:15:33,568 - 1495890 - piper.organizer - ERROR - []
2025-09-08 06:15:33,568 - 1495890 - piper.organizer - ERROR - []
2025-09-08 06:15:33,568 - 1495890 - piper.organizer - ERROR - []
2025-09-08 06:15:33,568 - 1495890 - piper.organizer - ERROR - []
2025-09-08 06:15:33,568 - 1495890 - piper.organizer - ERROR - []
2025-09-08 06:15:33,568 - 1495890 - piper.organizer - ERROR - []
2025-09-08 06:15:33,572 - 1495890 - piper.organizer - ERROR - []
2025-09-08 06:15:33,572 - 1495890 - piper.organizer - ERROR - []
2025-09-08 06:15:33,573 - 1495890 - piper.organizer - ERROR - []
2025-09-08 06:15:33,573 - 1495890 - piper.organizer - ERROR - []
2025-09-08 06:15:33,573 - 1495890 - piper.organizer - ERROR - []
2025-09-08 06:15:33,573 - 1495890 - piper.organizer - ERROR - []
2025-09-08 06:15:33,574 - 1495890 - piper.organizer - ERROR - []
2025-09-08 06:15:33,575 - 1495890 - piper.organizer - ERROR - []
2025-09-08 06:15:33,575 - 1495890 - piper.organizer - ERROR - []
2025-09-08 06:15:33,575 - 1495890 - piper.organizer - ERROR - []
2025-09-08 06:15:33,576 - 1495890 - piper.organizer - ERROR - []
2025-09-08 06:15:33,576 - 1495890 - piper.organizer - ERROR - []
2025-09-08 06:15:33,576 - 1495890 - piper.organizer - ERROR - []
2025-09-08 06:15:33,576 - 1495890 - piper.organizer - ERROR - []
2025-09-08 06:15:33,579 - 1495890 - piper.organizer - ERROR - []
2025-09-08 06:15:33,579 - 1495890 - piper.organizer - ERROR - []
2025-09-08 06:15:33,580 - 1495890 - piper.organizer - ERROR - []
2025-09-08 06:15:33,580 - 1495890 - piper.organizer - ERROR - []
2025-09-08 06:15:33,580 - 1495890 - piper.organizer - ERROR - []
2025-09-08 06:15:33,596 - 1495890 - piper.organizer - ERROR - []
2025-09-08 06:15:33,598 - 1495890 - piper.organizer - ERROR - []
2025-09-08 06:15:33,598 - 1495890 - piper.organizer - ERROR - []
2025-09-08 06:15:33,599 - 1495890 - piper.organizer - ERROR - []
2025-09-08 06:15:33,599 - 1495890 - piper.organizer - ERROR - []
2025-09-08 06:15:33,599 - 1495890 - piper.organizer - ERROR - []
2025-09-08 06:15:33,600 - 1495890 - piper.organizer - ERROR - []
2025-09-08 06:15:33,600 - 1495890 - piper.organizer - ERROR - []
2025-09-08 06:15:33,600 - 1495890 - piper.organizer - ERROR - []
2025-09-08 06:15:33,601 - 1495890 - piper.organizer - ERROR - []
2025-09-08 06:15:33,608 - 1495890 - piper.organizer - ERROR - []
2025-09-08 06:15:33,608 - 1495890 - piper.organizer - ERROR - []
2025-09-08 06:15:33,610 - 1495890 - piper.organizer - ERROR - []
2025-09-08 06:15:33,611 - 1495890 - piper.organizer - ERROR - []
2025-09-08 06:15:33,611 - 1495890 - piper.organizer - ERROR - []
2025-09-08 06:15:33,611 - 1495890 - piper.organizer - ERROR - []
2025-09-08 06:15:33,612 - 1495890 - piper.organizer - ERROR - []
2025-09-08 06:15:33,612 - 1495890 - piper.organizer - ERROR - []
2025-09-08 06:15:33,612 - 1495890 - piper.organizer - ERROR - []
2025-09-08 06:15:33,615 - 1495890 - piper.organizer - ERROR - []
2025-09-08 06:15:33,616 - 1495890 - piper.organizer - ERROR - []
2025-09-08 06:15:33,616 - 1495890 - piper.organizer - ERROR - []
2025-09-08 06:15:33,617 - 1495890 - piper.organizer - ERROR - []
2025-09-08 06:15:33,617 - 1495890 - piper.organizer - ERROR - []
2025-09-08 06:15:33,618 - 1495890 - piper.organizer - ERROR - []
2025-09-08 06:15:33,619 - 1495890 - piper.organizer - ERROR - []
2025-09-08 06:15:33,619 - 1495890 - piper.organizer - ERROR - []
2025-09-08 06:15:33,619 - 1495890 - piper.organizer - ERROR - []
2025-09-08 06:15:33,619 - 1495890 - piper.organizer - ERROR - []
2025-09-08 06:15:33,619 - 1495890 - piper.organizer - ERROR - []
2025-09-08 06:15:33,620 - 1495890 - piper.organizer - ERROR - []
2025-09-08 06:15:33,620 - 1495890 - piper.organizer - ERROR - []
2025-09-08 06:15:33,621 - 1495890 - piper.organizer - ERROR - []
2025-09-08 06:15:33,621 - 1495890 - piper.organizer - ERROR - []
2025-09-08 06:15:33,622 - 1495890 - piper.organizer - ERROR - []
2025-09-08 06:15:33,622 - 1495890 - piper.organizer - ERROR - []
2025-09-08 06:15:33,622 - 1495890 - piper.organizer - ERROR - []
2025-09-08 06:15:33,622 - 1495890 - piper.organizer - ERROR - []
2025-09-08 06:15:33,623 - 1495890 - piper.organizer - ERROR - []
2025-09-08 06:15:33,623 - 1495890 - piper.organizer - ERROR - []
2025-09-08 06:15:33,624 - 1495890 - piper.organizer - ERROR - []
2025-09-08 06:15:33,624 - 1495890 - piper.organizer - ERROR - []
2025-09-08 06:15:33,624 - 1495890 - piper.organizer - ERROR - []
2025-09-08 06:15:33,625 - 1495890 - piper.organizer - ERROR - []
2025-09-08 06:15:33,625 - 1495890 - piper.organizer - ERROR - []
2025-09-08 06:15:33,625 - 1495890 - piper.organizer - ERROR - []
2025-09-08 06:15:33,625 - 1495890 - piper.organizer - ERROR - []
2025-09-08 06:15:33,625 - 1495890 - piper.organizer - ERROR - []
2025-09-08 06:15:33,629 - 1495890 - piper.organizer - ERROR - []
2025-09-08 06:15:33,631 - 1495890 - piper.organizer - ERROR - []
2025-09-08 06:15:33,633 - 1495890 - piper.organizer - ERROR - []
2025-09-08 06:15:33,633 - 1495890 - piper.organizer - ERROR - []
2025-09-08 06:15:33,634 - 1495890 - piper.organizer - ERROR - []
2025-09-08 06:15:33,634 - 1495890 - piper.organizer - ERROR - []
2025-09-08 06:15:33,636 - 1495890 - piper.organizer - ERROR - []
2025-09-08 06:15:33,637 - 1495890 - piper.organizer - ERROR - []
2025-09-08 06:15:33,637 - 1495890 - piper.organizer - ERROR - []
2025-09-08 06:15:33,637 - 1495890 - piper.organizer - ERROR - []
2025-09-08 06:15:33,638 - 1495890 - piper.organizer - ERROR - []
2025-09-08 06:15:33,639 - 1495890 - piper.organizer - ERROR - []
2025-09-08 06:15:33,639 - 1495890 - piper.organizer - ERROR - []
2025-09-08 06:15:33,639 - 1495890 - piper.organizer - ERROR - []
2025-09-08 06:15:33,642 - 1495890 - piper.organizer - ERROR - []
2025-09-08 06:15:33,644 - 1495890 - piper.organizer - ERROR - []
2025-09-08 06:15:33,646 - 1495890 - piper.organizer - ERROR - []
2025-09-08 06:15:33,646 - 1495890 - piper.organizer - ERROR - []
2025-09-08 06:15:33,647 - 1495890 - piper.organizer - ERROR - []
2025-09-08 06:15:33,647 - 1495890 - piper.organizer - ERROR - []
2025-09-08 06:15:33,650 - 1495890 - piper.organizer - ERROR - []
2025-09-08 06:15:33,650 - 1495890 - piper.organizer - ERROR - []
2025-09-08 06:15:33,650 - 1495890 - piper.organizer - ERROR - []
2025-09-08 06:15:33,650 - 1495890 - piper.organizer - ERROR - []
2025-09-08 06:15:33,651 - 1495890 - piper.organizer - ERROR - []
2025-09-08 06:15:33,652 - 1495890 - piper.organizer - ERROR - []
2025-09-08 06:15:33,652 - 1495890 - piper.organizer - ERROR - []
2025-09-08 06:15:33,652 - 1495890 - piper.organizer - ERROR - []
2025-09-08 06:15:33,652 - 1495890 - piper.organizer - ERROR - []
2025-09-08 06:15:33,653 - 1495890 - piper.organizer - ERROR - []
2025-09-08 06:15:33,656 - 1495890 - piper.organizer - ERROR - []
2025-09-08 06:15:33,657 - 1495890 - piper.organizer - ERROR - []
2025-09-08 06:15:33,657 - 1495890 - piper.organizer - ERROR - []
2025-09-08 06:15:33,658 - 1495890 - piper.organizer - ERROR - []
2025-09-08 06:15:33,658 - 1495890 - piper.organizer - ERROR - []
2025-09-08 06:15:33,660 - 1495890 - piper.organizer - ERROR - []
2025-09-08 06:15:33,663 - 1495890 - piper.organizer - ERROR - []
2025-09-08 06:15:33,663 - 1495890 - piper.organizer - ERROR - []
2025-09-08 06:15:33,663 - 1495890 - piper.organizer - ERROR - []
2025-09-08 06:15:33,663 - 1495890 - piper.organizer - ERROR - []
2025-09-08 06:15:33,666 - 1495890 - piper.organizer - ERROR - []
2025-09-08 06:15:33,666 - 1495890 - piper.organizer - ERROR - []
2025-09-08 06:15:33,667 - 1495890 - piper.organizer - ERROR - []
2025-09-08 06:15:33,667 - 1495890 - piper.organizer - ERROR - []
2025-09-08 06:15:33,667 - 1495890 - piper.organizer - ERROR - []
2025-09-08 06:15:33,668 - 1495890 - piper.organizer - ERROR - []
2025-09-08 06:15:33,668 - 1495890 - piper.organizer - ERROR - []
2025-09-08 06:15:33,668 - 1495890 - piper.organizer - ERROR - []
2025-09-08 06:15:33,668 - 1495890 - piper.organizer - ERROR - []
2025-09-08 06:15:33,668 - 1495890 - piper.organizer - ERROR - []
2025-09-08 06:15:33,669 - 1495890 - piper.organizer - ERROR - []
2025-09-08 06:15:33,669 - 1495890 - piper.organizer - ERROR - []
2025-09-08 06:15:33,670 - 1495890 - piper.organizer - ERROR - []
2025-09-08 06:15:33,670 - 1495890 - piper.organizer - ERROR - []
2025-09-08 06:15:33,670 - 1495890 - piper.organizer - ERROR - []
2025-09-08 06:15:33,671 - 1495890 - piper.organizer - ERROR - []
2025-09-08 06:15:33,671 - 1495890 - piper.organizer - ERROR - []
2025-09-08 06:15:33,671 - 1495890 - piper.organizer - ERROR - []
2025-09-08 06:15:33,671 - 1495890 - piper.organizer - ERROR - []
2025-09-08 06:15:33,672 - 1495890 - piper.organizer - ERROR - []
2025-09-08 06:15:33,672 - 1495890 - piper.organizer - ERROR - []
2025-09-08 06:15:33,672 - 1495890 - piper.organizer - ERROR - []
2025-09-08 06:15:33,672 - 1495890 - piper.organizer - ERROR - []
2025-09-08 06:15:33,672 - 1495890 - piper.organizer - ERROR - []
2025-09-08 06:15:33,673 - 1495890 - piper.organizer - ERROR - []
2025-09-08 06:15:33,673 - 1495890 - piper.organizer - ERROR - []
2025-09-08 06:15:33,673 - 1495890 - piper.organizer - ERROR - []
2025-09-08 06:15:33,673 - 1495890 - piper.organizer - ERROR - []
2025-09-08 06:15:33,674 - 1495890 - piper.organizer - ERROR - []
2025-09-08 06:15:33,675 - 1495890 - piper.organizer - ERROR - []
2025-09-08 06:15:33,675 - 1495890 - piper.organizer - ERROR - []
2025-09-08 06:15:33,675 - 1495890 - piper.organizer - ERROR - []
2025-09-08 06:15:33,675 - 1495890 - piper.organizer - ERROR - []
2025-09-08 06:15:33,677 - 1495890 - piper.organizer - ERROR - []
2025-09-08 06:15:33,677 - 1495890 - piper.organizer - ERROR - []
2025-09-08 06:15:33,678 - 1495890 - piper.organizer - ERROR - []
2025-09-08 06:15:33,679 - 1495890 - piper.organizer - ERROR - []
2025-09-08 06:15:33,679 - 1495890 - piper.organizer - ERROR - []
2025-09-08 06:15:33,679 - 1495890 - piper.organizer - ERROR - []
2025-09-08 06:15:33,680 - 1495890 - piper.organizer - ERROR - []
2025-09-08 06:15:33,680 - 1495890 - piper.organizer - ERROR - []
2025-09-08 06:15:33,680 - 1495890 - piper.organizer - ERROR - []
2025-09-08 06:15:33,680 - 1495890 - piper.organizer - ERROR - []
2025-09-08 06:15:33,680 - 1495890 - piper.organizer - ERROR - []
2025-09-08 06:15:33,680 - 1495890 - piper.organizer - ERROR - []
2025-09-08 06:15:33,681 - 1495890 - piper.organizer - ERROR - []
2025-09-08 06:15:33,681 - 1495890 - piper.organizer - ERROR - []
2025-09-08 06:15:33,681 - 1495890 - piper.organizer - ERROR - []
2025-09-08 06:15:33,682 - 1495890 - piper.organizer - ERROR - []
2025-09-08 06:15:33,682 - 1495890 - piper.organizer - ERROR - []
2025-09-08 06:15:33,682 - 1495890 - piper.organizer - ERROR - []
2025-09-08 06:15:33,683 - 1495890 - piper.organizer - ERROR - []
2025-09-08 06:15:33,683 - 1495890 - piper.organizer - ERROR - []
2025-09-08 06:15:33,684 - 1495890 - piper.organizer - ERROR - []
2025-09-08 06:15:33,684 - 1495890 - piper.organizer - ERROR - []
2025-09-08 06:15:33,688 - 1495890 - piper.organizer - ERROR - []
2025-09-08 06:15:33,688 - 1495890 - piper.organizer - ERROR - []
2025-09-08 06:15:33,689 - 1495890 - piper.organizer - ERROR - []
2025-09-08 06:15:33,689 - 1495890 - piper.organizer - ERROR - []
2025-09-08 06:15:33,689 - 1495890 - piper.organizer - ERROR - []
2025-09-08 06:15:33,690 - 1495890 - piper.organizer - ERROR - []
2025-09-08 06:15:33,690 - 1495890 - piper.organizer - ERROR - []
2025-09-08 06:15:33,690 - 1495890 - piper.organizer - ERROR - []
2025-09-08 06:15:33,690 - 1495890 - piper.organizer - ERROR - []
2025-09-08 06:15:33,691 - 1495890 - piper.organizer - ERROR - []
2025-09-08 06:15:33,691 - 1495890 - piper.organizer - ERROR - []
2025-09-08 06:15:33,691 - 1495890 - piper.organizer - ERROR - []
2025-09-08 06:15:33,692 - 1495890 - piper.organizer - ERROR - []
2025-09-08 06:15:33,692 - 1495890 - piper.organizer - ERROR - []
2025-09-08 06:15:33,693 - 1495890 - piper.organizer - ERROR - []
2025-09-08 06:15:33,693 - 1495890 - piper.organizer - ERROR - []
2025-09-08 06:15:33,693 - 1495890 - piper.organizer - ERROR - []
2025-09-08 06:15:33,693 - 1495890 - piper.organizer - ERROR - []
2025-09-08 06:15:33,694 - 1495890 - piper.organizer - ERROR - []
2025-09-08 06:15:33,694 - 1495890 - piper.organizer - ERROR - []
2025-09-08 06:15:33,694 - 1495890 - piper.organizer - ERROR - []
2025-09-08 06:15:33,694 - 1495890 - piper.organizer - ERROR - []
2025-09-08 06:15:33,695 - 1495890 - piper.organizer - ERROR - []
2025-09-08 06:15:33,695 - 1495890 - piper.organizer - ERROR - []
2025-09-08 06:15:33,696 - 1495890 - piper.organizer - ERROR - []
2025-09-08 06:15:33,696 - 1495890 - piper.organizer - ERROR - []
2025-09-08 06:15:33,696 - 1495890 - piper.organizer - ERROR - []
2025-09-08 06:15:33,697 - 1495890 - piper.organizer - ERROR - []
2025-09-08 06:15:33,697 - 1495890 - piper.organizer - ERROR - []
2025-09-08 06:15:33,697 - 1495890 - piper.organizer - ERROR - []
2025-09-08 06:15:33,698 - 1495890 - piper.organizer - ERROR - []
2025-09-08 06:15:33,699 - 1495890 - piper.organizer - ERROR - []
2025-09-08 06:15:33,699 - 1495890 - piper.organizer - ERROR - []
2025-09-08 06:15:33,699 - 1495890 - piper.organizer - ERROR - []
2025-09-08 06:15:33,699 - 1495890 - piper.organizer - ERROR - []
2025-09-08 06:15:33,700 - 1495890 - piper.organizer - ERROR - []
2025-09-08 06:15:33,700 - 1495890 - piper.organizer - ERROR - []
2025-09-08 06:15:33,700 - 1495890 - piper.organizer - ERROR - []
2025-09-08 06:15:33,700 - 1495890 - piper.organizer - ERROR - []
2025-09-08 06:15:33,704 - 1495890 - piper.organizer - ERROR - []
2025-09-08 06:15:33,709 - 1495890 - piper.organizer - ERROR - []
2025-09-08 06:15:33,710 - 1495890 - piper.organizer - ERROR - []
2025-09-08 06:15:33,710 - 1495890 - piper.organizer - ERROR - []
2025-09-08 06:15:33,710 - 1495890 - piper.organizer - ERROR - []
2025-09-08 06:15:33,710 - 1495890 - piper.organizer - ERROR - []
2025-09-08 06:15:33,736 - 1495890 - piper.organizer - ERROR - []
2025-09-08 06:15:33,736 - 1495890 - piper.organizer - ERROR - []
2025-09-08 06:15:33,737 - 1495890 - piper.organizer - ERROR - []
2025-09-08 06:15:33,737 - 1495890 - piper.organizer - ERROR - []
2025-09-08 06:15:33,738 - 1495890 - piper.organizer - ERROR - []
2025-09-08 06:15:33,738 - 1495890 - piper.organizer - ERROR - []
2025-09-08 06:15:33,738 - 1495890 - piper.organizer - ERROR - []
2025-09-08 06:15:33,738 - 1495890 - piper.organizer - ERROR - []
2025-09-08 06:15:33,738 - 1495890 - piper.organizer - ERROR - []
2025-09-08 06:15:33,738 - 1495890 - piper.organizer - ERROR - []
2025-09-08 06:15:33,738 - 1495890 - piper.organizer - ERROR - []
2025-09-08 06:15:33,742 - 1495890 - piper.organizer - ERROR - []
2025-09-08 06:15:33,742 - 1495890 - piper.organizer - ERROR - []
2025-09-08 06:15:33,743 - 1495890 - piper.organizer - ERROR - []
2025-09-08 06:15:33,743 - 1495890 - piper.organizer - ERROR - []
2025-09-08 06:15:33,744 - 1495890 - piper.organizer - ERROR - []
2025-09-08 06:15:33,744 - 1495890 - piper.organizer - ERROR - []
2025-09-08 06:15:33,744 - 1495890 - piper.organizer - ERROR - []
2025-09-08 06:15:33,745 - 1495890 - piper.organizer - ERROR - []
2025-09-08 06:15:33,745 - 1495890 - piper.organizer - ERROR - []
2025-09-08 06:15:33,747 - 1495890 - piper.organizer - ERROR - []
2025-09-08 06:15:33,748 - 1495890 - piper.organizer - ERROR - []
2025-09-08 06:15:33,749 - 1495890 - piper.organizer - ERROR - []
2025-09-08 06:15:33,749 - 1495890 - piper.organizer - ERROR - []
2025-09-08 06:15:33,749 - 1495890 - piper.organizer - ERROR - []
2025-09-08 06:15:33,749 - 1495890 - piper.organizer - ERROR - []
2025-09-08 06:15:33,749 - 1495890 - piper.organizer - ERROR - []
2025-09-08 06:15:33,755 - 1495890 - piper.organizer - ERROR - []
2025-09-08 06:15:33,755 - 1495890 - piper.organizer - ERROR - []
2025-09-08 06:15:33,755 - 1495890 - piper.organizer - ERROR - []
2025-09-08 06:15:33,756 - 1495890 - piper.organizer - ERROR - []
2025-09-08 06:15:33,756 - 1495890 - piper.organizer - ERROR - []
2025-09-08 06:15:33,756 - 1495890 - piper.organizer - ERROR - []
2025-09-08 06:15:33,756 - 1495890 - piper.organizer - ERROR - []
2025-09-08 06:15:33,757 - 1495890 - piper.organizer - ERROR - []
2025-09-08 06:15:33,757 - 1495890 - piper.organizer - ERROR - []
2025-09-08 06:15:33,757 - 1495890 - piper.organizer - ERROR - []
2025-09-08 06:15:33,757 - 1495890 - piper.organizer - ERROR - []
2025-09-08 06:15:33,758 - 1495890 - piper.organizer - ERROR - []
2025-09-08 06:15:33,758 - 1495890 - piper.organizer - ERROR - []
2025-09-08 06:15:33,758 - 1495890 - piper.organizer - ERROR - []
2025-09-08 06:15:33,758 - 1495890 - piper.organizer - ERROR - []
2025-09-08 06:15:33,759 - 1495890 - piper.organizer - ERROR - []
2025-09-08 06:15:33,759 - 1495890 - piper.organizer - ERROR - []
2025-09-08 06:15:33,759 - 1495890 - piper.organizer - ERROR - []
2025-09-08 06:15:33,759 - 1495890 - piper.organizer - ERROR - []
2025-09-08 06:15:33,760 - 1495890 - piper.organizer - ERROR - []
2025-09-08 06:15:33,760 - 1495890 - piper.organizer - ERROR - []
2025-09-08 06:15:33,760 - 1495890 - piper.organizer - ERROR - []
2025-09-08 06:15:33,760 - 1495890 - piper.organizer - ERROR - []
2025-09-08 06:15:33,761 - 1495890 - piper.organizer - ERROR - []
2025-09-08 06:15:33,761 - 1495890 - piper.organizer - ERROR - []
2025-09-08 06:15:33,762 - 1495890 - piper.organizer - ERROR - []
2025-09-08 06:15:33,762 - 1495890 - piper.organizer - ERROR - []
2025-09-08 06:15:33,762 - 1495890 - piper.organizer - ERROR - []
2025-09-08 06:15:33,762 - 1495890 - piper.organizer - ERROR - []
2025-09-08 06:15:33,763 - 1495890 - piper.organizer - ERROR - []
2025-09-08 06:15:33,763 - 1495890 - piper.organizer - ERROR - []
2025-09-08 06:15:33,763 - 1495890 - piper.organizer - ERROR - []
2025-09-08 06:15:33,763 - 1495890 - piper.organizer - ERROR - []
2025-09-08 06:15:33,764 - 1495890 - piper.organizer - ERROR - []
2025-09-08 06:15:33,764 - 1495890 - piper.organizer - ERROR - []
2025-09-08 06:15:33,765 - 1495890 - piper.organizer - ERROR - []
2025-09-08 06:15:33,765 - 1495890 - piper.organizer - ERROR - []
2025-09-08 06:15:33,765 - 1495890 - piper.organizer - ERROR - []
2025-09-08 06:15:33,765 - 1495890 - piper.organizer - ERROR - []
2025-09-08 06:15:33,766 - 1495890 - piper.organizer - ERROR - []
2025-09-08 06:15:33,766 - 1495890 - piper.organizer - ERROR - []
2025-09-08 06:15:33,766 - 1495890 - piper.organizer - ERROR - []
2025-09-08 06:15:33,766 - 1495890 - piper.organizer - ERROR - []
2025-09-08 06:15:33,766 - 1495890 - piper.organizer - ERROR - []
2025-09-08 06:15:33,767 - 1495890 - piper.organizer - ERROR - []
2025-09-08 06:15:33,767 - 1495890 - piper.organizer - ERROR - []
2025-09-08 06:15:33,767 - 1495890 - piper.organizer - ERROR - []
2025-09-08 06:15:33,768 - 1495890 - piper.organizer - ERROR - []
2025-09-08 06:15:33,768 - 1495890 - piper.organizer - ERROR - []
2025-09-08 06:15:33,768 - 1495890 - piper.organizer - ERROR - []
2025-09-08 06:15:33,769 - 1495890 - piper.organizer - ERROR - []
2025-09-08 06:15:33,769 - 1495890 - piper.organizer - ERROR - []
2025-09-08 06:15:33,769 - 1495890 - piper.organizer - ERROR - []
2025-09-08 06:15:33,769 - 1495890 - piper.organizer - ERROR - []
2025-09-08 06:15:33,770 - 1495890 - piper.organizer - ERROR - []
2025-09-08 06:15:33,770 - 1495890 - piper.organizer - ERROR - []
2025-09-08 06:15:33,770 - 1495890 - piper.organizer - ERROR - []
2025-09-08 06:15:33,770 - 1495890 - piper.organizer - ERROR - []
2025-09-08 06:15:33,771 - 1495890 - piper.organizer - ERROR - []
2025-09-08 06:15:33,772 - 1495890 - piper.organizer - ERROR - []
2025-09-08 06:15:33,772 - 1495890 - piper.organizer - ERROR - []
2025-09-08 06:15:33,772 - 1495890 - piper.organizer - ERROR - []
2025-09-08 06:15:33,773 - 1495890 - piper.organizer - ERROR - []
2025-09-08 06:15:33,773 - 1495890 - piper.organizer - ERROR - []
2025-09-08 06:15:33,773 - 1495890 - piper.organizer - ERROR - []
2025-09-08 06:15:33,774 - 1495890 - piper.organizer - ERROR - []
2025-09-08 06:15:33,774 - 1495890 - piper.organizer - ERROR - []
2025-09-08 06:15:33,774 - 1495890 - piper.organizer - ERROR - []
2025-09-08 06:15:33,774 - 1495890 - piper.organizer - ERROR - []
2025-09-08 06:15:33,775 - 1495890 - piper.organizer - ERROR - []
2025-09-08 06:15:33,775 - 1495890 - piper.organizer - ERROR - []
2025-09-08 06:15:33,775 - 1495890 - piper.organizer - ERROR - []
2025-09-08 06:15:33,776 - 1495890 - piper.organizer - ERROR - []
2025-09-08 06:15:33,776 - 1495890 - piper.organizer - ERROR - []
2025-09-08 06:15:33,776 - 1495890 - piper.organizer - ERROR - []
2025-09-08 06:15:33,776 - 1495890 - piper.organizer - ERROR - []
2025-09-08 06:15:33,777 - 1495890 - piper.organizer - ERROR - []
2025-09-08 06:15:33,777 - 1495890 - piper.organizer - ERROR - []
2025-09-08 06:15:33,778 - 1495890 - piper.organizer - ERROR - []
2025-09-08 06:15:33,778 - 1495890 - piper.organizer - ERROR - []
2025-09-08 06:15:33,778 - 1495890 - piper.organizer - ERROR - []
2025-09-08 06:15:33,778 - 1495890 - piper.organizer - ERROR - []
2025-09-08 06:15:33,779 - 1495890 - piper.organizer - ERROR - []
2025-09-08 06:15:33,779 - 1495890 - piper.organizer - ERROR - []
2025-09-08 06:15:33,779 - 1495890 - piper.organizer - ERROR - []
2025-09-08 06:15:33,779 - 1495890 - piper.organizer - ERROR - []
2025-09-08 06:15:33,780 - 1495890 - piper.organizer - ERROR - []
2025-09-08 06:15:33,782 - 1495890 - piper.organizer - ERROR - []
2025-09-08 06:15:33,782 - 1495890 - piper.organizer - ERROR - []
2025-09-08 06:15:33,783 - 1495890 - piper.organizer - ERROR - []
2025-09-08 06:15:33,783 - 1495890 - piper.organizer - ERROR - []
2025-09-08 06:15:33,783 - 1495890 - piper.organizer - ERROR - []
2025-09-08 06:15:33,784 - 1495890 - piper.organizer - ERROR - []
2025-09-08 06:15:33,784 - 1495890 - piper.organizer - ERROR - []
2025-09-08 06:15:33,784 - 1495890 - piper.organizer - ERROR - []
2025-09-08 06:15:33,785 - 1495890 - piper.organizer - ERROR - []
2025-09-08 06:15:33,785 - 1495890 - piper.organizer - ERROR - []
2025-09-08 06:15:33,785 - 1495890 - piper.organizer - ERROR - []
2025-09-08 06:15:33,785 - 1495890 - piper.organizer - ERROR - []
2025-09-08 06:15:33,785 - 1495890 - piper.organizer - ERROR - []
2025-09-08 06:15:33,790 - 1495890 - piper.organizer - ERROR - []
2025-09-08 06:15:33,790 - 1495890 - piper.organizer - ERROR - []
2025-09-08 06:15:33,795 - 1495890 - piper.organizer - ERROR - []
2025-09-08 06:15:33,795 - 1495890 - piper.organizer - ERROR - []
2025-09-08 06:15:33,796 - 1495890 - piper.organizer - ERROR - []
2025-09-08 06:15:33,796 - 1495890 - piper.organizer - ERROR - []
2025-09-08 06:15:33,796 - 1495890 - piper.organizer - ERROR - []
2025-09-08 06:15:33,797 - 1495890 - piper.organizer - ERROR - []
2025-09-08 06:15:33,797 - 1495890 - piper.organizer - ERROR - []
2025-09-08 06:15:33,798 - 1495890 - piper.organizer - ERROR - []
2025-09-08 06:15:33,798 - 1495890 - piper.organizer - ERROR - []
2025-09-08 06:15:33,799 - 1495890 - piper.organizer - ERROR - []
2025-09-08 06:15:33,799 - 1495890 - piper.organizer - ERROR - []
2025-09-08 06:15:33,799 - 1495890 - piper.organizer - ERROR - []
2025-09-08 06:15:33,800 - 1495890 - piper.organizer - ERROR - []
2025-09-08 06:15:33,800 - 1495890 - piper.organizer - ERROR - []
2025-09-08 06:15:33,806 - 1495890 - piper.organizer - ERROR - []
2025-09-08 06:15:33,806 - 1495890 - piper.organizer - ERROR - []
2025-09-08 06:15:33,806 - 1495890 - piper.organizer - ERROR - []
2025-09-08 06:15:33,812 - 1495890 - piper.organizer - ERROR - []
2025-09-08 06:15:33,813 - 1495890 - piper.organizer - ERROR - []
2025-09-08 06:15:33,813 - 1495890 - piper.organizer - ERROR - []
2025-09-08 06:15:33,820 - 1495890 - piper.organizer - ERROR - []
2025-09-08 06:15:33,820 - 1495890 - piper.organizer - ERROR - []
2025-09-08 06:15:33,823 - 1495890 - piper.organizer - ERROR - []
2025-09-08 06:15:33,824 - 1495890 - piper.organizer - ERROR - []
2025-09-08 06:15:33,824 - 1495890 - piper.organizer - ERROR - []
2025-09-08 06:15:33,828 - 1495890 - piper.organizer - ERROR - []
2025-09-08 06:15:33,832 - 1495890 - piper.organizer - ERROR - []
2025-09-08 06:15:33,833 - 1495890 - piper.organizer - ERROR - []
2025-09-08 06:15:33,833 - 1495890 - piper.organizer - ERROR - []
2025-09-08 06:15:33,834 - 1495890 - piper.organizer - ERROR - []
2025-09-08 06:15:33,834 - 1495890 - piper.organizer - ERROR - []
2025-09-08 06:15:33,834 - 1495890 - piper.organizer - ERROR - []
2025-09-08 06:15:33,835 - 1495890 - piper.organizer - ERROR - []
2025-09-08 06:15:33,835 - 1495890 - piper.organizer - ERROR - []
2025-09-08 06:15:33,835 - 1495890 - piper.organizer - ERROR - []
2025-09-08 06:15:33,835 - 1495890 - piper.organizer - ERROR - []
2025-09-08 06:15:33,835 - 1495890 - piper.organizer - ERROR - []
2025-09-08 06:15:33,836 - 1495890 - piper.organizer - ERROR - []
2025-09-08 06:15:33,836 - 1495890 - piper.organizer - ERROR - []
2025-09-08 06:15:33,836 - 1495890 - piper.organizer - ERROR - []
2025-09-08 06:15:33,837 - 1495890 - piper.organizer - ERROR - []
2025-09-08 06:15:33,838 - 1495890 - piper.organizer - ERROR - []
2025-09-08 06:15:33,839 - 1495890 - piper.organizer - ERROR - []
2025-09-08 06:15:33,839 - 1495890 - piper.organizer - ERROR - []
2025-09-08 06:15:33,839 - 1495890 - piper.organizer - ERROR - []
2025-09-08 06:15:33,839 - 1495890 - piper.organizer - ERROR - []
2025-09-08 06:15:33,839 - 1495890 - piper.organizer - ERROR - []
2025-09-08 06:15:33,839 - 1495890 - piper.organizer - ERROR - []
2025-09-08 06:15:33,840 - 1495890 - piper.organizer - ERROR - []
2025-09-08 06:15:33,840 - 1495890 - piper.organizer - ERROR - []
2025-09-08 06:15:33,840 - 1495890 - piper.organizer - ERROR - []
2025-09-08 06:15:33,840 - 1495890 - piper.organizer - ERROR - []
2025-09-08 06:15:33,841 - 1495890 - piper.organizer - ERROR - []
2025-09-08 06:15:33,841 - 1495890 - piper.organizer - ERROR - []
2025-09-08 06:15:33,842 - 1495890 - piper.organizer - ERROR - []
2025-09-08 06:15:33,842 - 1495890 - piper.organizer - ERROR - []
2025-09-08 06:15:33,843 - 1495890 - piper.organizer - ERROR - []
2025-09-08 06:15:33,843 - 1495890 - piper.organizer - ERROR - []
2025-09-08 06:15:33,844 - 1495890 - piper.organizer - ERROR - []
2025-09-08 06:15:33,844 - 1495890 - piper.organizer - ERROR - []
2025-09-08 06:15:33,844 - 1495890 - piper.organizer - ERROR - []
2025-09-08 06:15:33,844 - 1495890 - piper.organizer - ERROR - []
2025-09-08 06:15:33,844 - 1495890 - piper.organizer - ERROR - []
2025-09-08 06:15:33,845 - 1495890 - piper.organizer - ERROR - []
2025-09-08 06:15:33,845 - 1495890 - piper.organizer - ERROR - []
2025-09-08 06:15:33,845 - 1495890 - piper.organizer - ERROR - []
2025-09-08 06:15:33,845 - 1495890 - piper.organizer - ERROR - []
2025-09-08 06:15:33,846 - 1495890 - piper.organizer - ERROR - []
2025-09-08 06:15:33,846 - 1495890 - piper.organizer - ERROR - []
2025-09-08 06:15:33,847 - 1495890 - piper.organizer - ERROR - []
2025-09-08 06:15:33,847 - 1495890 - piper.organizer - ERROR - []
2025-09-08 06:15:33,847 - 1495890 - piper.organizer - ERROR - []
2025-09-08 06:15:33,847 - 1495890 - piper.organizer - ERROR - []
2025-09-08 06:15:33,848 - 1495890 - piper.organizer - ERROR - []
2025-09-08 06:15:33,848 - 1495890 - piper.organizer - ERROR - []
2025-09-08 06:15:33,848 - 1495890 - piper.organizer - ERROR - []
2025-09-08 06:15:33,859 - 1495890 - piper.organizer - ERROR - []
2025-09-08 06:15:33,859 - 1495890 - piper.organizer - ERROR - []
2025-09-08 06:15:33,859 - 1495890 - piper.organizer - ERROR - []
2025-09-08 06:15:33,859 - 1495890 - piper.organizer - ERROR - []
2025-09-08 06:15:33,860 - 1495890 - piper.organizer - ERROR - []
2025-09-08 06:15:33,860 - 1495890 - piper.organizer - ERROR - []
2025-09-08 06:15:33,867 - 1495890 - piper.organizer - ERROR - []
2025-09-08 06:15:33,872 - 1495890 - piper.organizer - ERROR - []
2025-09-08 06:15:33,874 - 1495890 - piper.organizer - ERROR - []
2025-09-08 06:15:33,875 - 1495890 - piper.organizer - ERROR - []
2025-09-08 06:15:33,875 - 1495890 - piper.organizer - ERROR - []
2025-09-08 06:15:33,875 - 1495890 - piper.organizer - ERROR - []
2025-09-08 06:15:33,880 - 1495890 - piper.organizer - ERROR - []
2025-09-08 06:15:33,881 - 1495890 - piper.organizer - ERROR - []
2025-09-08 06:15:33,881 - 1495890 - piper.organizer - ERROR - []
2025-09-08 06:15:33,882 - 1495890 - piper.organizer - ERROR - []
2025-09-08 06:15:33,882 - 1495890 - piper.organizer - ERROR - []
2025-09-08 06:15:33,882 - 1495890 - piper.organizer - ERROR - []
2025-09-08 06:15:33,882 - 1495890 - piper.organizer - ERROR - []
2025-09-08 06:15:33,886 - 1495890 - piper.organizer - ERROR - []
2025-09-08 06:15:33,887 - 1495890 - piper.organizer - ERROR - []
2025-09-08 06:15:33,890 - 1495890 - piper.organizer - ERROR - []
2025-09-08 06:15:33,891 - 1495890 - piper.organizer - ERROR - []
2025-09-08 06:15:33,891 - 1495890 - piper.organizer - ERROR - []
2025-09-08 06:15:33,891 - 1495890 - piper.organizer - ERROR - []
2025-09-08 06:15:33,891 - 1495890 - piper.organizer - ERROR - []
2025-09-08 06:15:33,892 - 1495890 - piper.organizer - ERROR - []
2025-09-08 06:15:33,892 - 1495890 - piper.organizer - ERROR - []
2025-09-08 06:15:33,893 - 1495890 - piper.organizer - ERROR - []
2025-09-08 06:15:33,894 - 1495890 - piper.organizer - ERROR - []
2025-09-08 06:15:33,894 - 1495890 - piper.organizer - ERROR - []
2025-09-08 06:15:33,894 - 1495890 - piper.organizer - ERROR - []
2025-09-08 06:15:33,894 - 1495890 - piper.organizer - ERROR - []
2025-09-08 06:15:33,894 - 1495890 - piper.organizer - ERROR - []
2025-09-08 06:15:33,896 - 1495890 - piper.organizer - ERROR - []
2025-09-08 06:15:33,896 - 1495890 - piper.organizer - ERROR - []
2025-09-08 06:15:33,897 - 1495890 - piper.organizer - ERROR - []
2025-09-08 06:15:33,897 - 1495890 - piper.organizer - ERROR - []
2025-09-08 06:15:33,898 - 1495890 - piper.organizer - ERROR - []
2025-09-08 06:15:33,910 - 1495890 - piper.organizer - ERROR - []
2025-09-08 06:15:33,913 - 1495890 - piper.organizer - ERROR - []
2025-09-08 06:15:33,913 - 1495890 - piper.organizer - ERROR - []
2025-09-08 06:15:33,914 - 1495890 - piper.organizer - ERROR - []
2025-09-08 06:15:33,914 - 1495890 - piper.organizer - ERROR - []
2025-09-08 06:15:33,914 - 1495890 - piper.organizer - ERROR - []
2025-09-08 06:15:33,914 - 1495890 - piper.organizer - ERROR - []
2025-09-08 06:15:33,915 - 1495890 - piper.organizer - ERROR - []
2025-09-08 06:15:33,915 - 1495890 - piper.organizer - ERROR - []
2025-09-08 06:15:33,915 - 1495890 - piper.organizer - ERROR - []
2025-09-08 06:15:33,922 - 1495890 - piper.organizer - ERROR - []
2025-09-08 06:15:33,922 - 1495890 - piper.organizer - ERROR - []
2025-09-08 06:15:33,924 - 1495890 - piper.organizer - ERROR - []
2025-09-08 06:15:33,924 - 1495890 - piper.organizer - ERROR - []
2025-09-08 06:15:33,924 - 1495890 - piper.organizer - ERROR - []
2025-09-08 06:15:33,924 - 1495890 - piper.organizer - ERROR - []
2025-09-08 06:15:33,924 - 1495890 - piper.organizer - ERROR - []
2025-09-08 06:15:33,925 - 1495890 - piper.organizer - ERROR - []
2025-09-08 06:15:33,925 - 1495890 - piper.organizer - ERROR - []
2025-09-08 06:15:33,925 - 1495890 - piper.organizer - ERROR - []
2025-09-08 06:15:33,925 - 1495890 - piper.organizer - ERROR - []
2025-09-08 06:15:33,926 - 1495890 - piper.organizer - ERROR - []
2025-09-08 06:15:33,926 - 1495890 - piper.organizer - ERROR - []
2025-09-08 06:15:33,929 - 1495890 - piper.organizer - ERROR - []
2025-09-08 06:15:33,929 - 1495890 - piper.organizer - ERROR - []
2025-09-08 06:15:33,930 - 1495890 - piper.organizer - ERROR - []
2025-09-08 06:15:33,930 - 1495890 - piper.organizer - ERROR - []
2025-09-08 06:15:33,931 - 1495890 - piper.organizer - ERROR - []
2025-09-08 06:15:33,931 - 1495890 - piper.organizer - ERROR - []
2025-09-08 06:15:33,931 - 1495890 - piper.organizer - ERROR - []
2025-09-08 06:15:33,932 - 1495890 - piper.organizer - ERROR - []
2025-09-08 06:15:33,932 - 1495890 - piper.organizer - ERROR - []
2025-09-08 06:15:33,932 - 1495890 - piper.organizer - ERROR - []
2025-09-08 06:15:33,932 - 1495890 - piper.organizer - ERROR - []
2025-09-08 06:15:33,933 - 1495890 - piper.organizer - ERROR - []
2025-09-08 06:15:33,934 - 1495890 - piper.organizer - ERROR - []
2025-09-08 06:15:33,934 - 1495890 - piper.organizer - ERROR - []
2025-09-08 06:15:33,934 - 1495890 - piper.organizer - ERROR - []
2025-09-08 06:15:33,934 - 1495890 - piper.organizer - ERROR - []
2025-09-08 06:15:33,934 - 1495890 - piper.organizer - ERROR - []
2025-09-08 06:15:33,935 - 1495890 - piper.organizer - ERROR - []
2025-09-08 06:15:33,935 - 1495890 - piper.organizer - ERROR - []
2025-09-08 06:15:33,935 - 1495890 - piper.organizer - ERROR - []
2025-09-08 06:15:33,935 - 1495890 - piper.organizer - ERROR - []
2025-09-08 06:15:33,935 - 1495890 - piper.organizer - ERROR - []
2025-09-08 06:15:33,936 - 1495890 - piper.organizer - ERROR - []
2025-09-08 06:15:33,936 - 1495890 - piper.organizer - ERROR - []
2025-09-08 06:15:33,937 - 1495890 - piper.organizer - ERROR - []
2025-09-08 06:15:33,937 - 1495890 - piper.organizer - ERROR - []
2025-09-08 06:15:33,938 - 1495890 - piper.organizer - ERROR - []
2025-09-08 06:15:33,938 - 1495890 - piper.organizer - ERROR - []
2025-09-08 06:15:33,938 - 1495890 - piper.organizer - ERROR - []
2025-09-08 06:15:33,938 - 1495890 - piper.organizer - ERROR - []
2025-09-08 06:15:33,938 - 1495890 - piper.organizer - ERROR - []
2025-09-08 06:15:33,939 - 1495890 - piper.organizer - ERROR - []
2025-09-08 06:15:33,939 - 1495890 - piper.organizer - ERROR - []
2025-09-08 06:15:33,940 - 1495890 - piper.organizer - ERROR - []
2025-09-08 06:15:33,940 - 1495890 - piper.organizer - ERROR - []
2025-09-08 06:15:33,940 - 1495890 - piper.organizer - ERROR - []
2025-09-08 06:15:33,940 - 1495890 - piper.organizer - ERROR - []
2025-09-08 06:15:33,941 - 1495890 - piper.organizer - ERROR - []
2025-09-08 06:15:33,941 - 1495890 - piper.organizer - ERROR - []
2025-09-08 06:15:33,942 - 1495890 - piper.organizer - ERROR - []
2025-09-08 06:15:33,942 - 1495890 - piper.organizer - ERROR - []
2025-09-08 06:15:33,942 - 1495890 - piper.organizer - ERROR - []
2025-09-08 06:15:33,942 - 1495890 - piper.organizer - ERROR - []
2025-09-08 06:15:33,952 - 1495890 - piper.organizer - ERROR - []
2025-09-08 06:15:33,952 - 1495890 - piper.organizer - ERROR - []
2025-09-08 06:15:33,952 - 1495890 - piper.organizer - ERROR - []
2025-09-08 06:15:33,952 - 1495890 - piper.organizer - ERROR - []
2025-09-08 06:15:33,952 - 1495890 - piper.organizer - ERROR - []
2025-09-08 06:15:33,964 - 1495890 - piper.organizer - ERROR - []
2025-09-08 06:15:33,964 - 1495890 - piper.organizer - ERROR - []
2025-09-08 06:15:33,965 - 1495890 - piper.organizer - ERROR - []
2025-09-08 06:15:33,965 - 1495890 - piper.organizer - ERROR - []
2025-09-08 06:15:33,965 - 1495890 - piper.organizer - ERROR - []
2025-09-08 06:15:33,966 - 1495890 - piper.organizer - ERROR - []
2025-09-08 06:15:33,966 - 1495890 - piper.organizer - ERROR - []
2025-09-08 06:15:33,966 - 1495890 - piper.organizer - ERROR - []
2025-09-08 06:15:33,966 - 1495890 - piper.organizer - ERROR - []
2025-09-08 06:15:33,967 - 1495890 - piper.organizer - ERROR - []
2025-09-08 06:15:33,967 - 1495890 - piper.organizer - ERROR - []
2025-09-08 06:15:33,967 - 1495890 - piper.organizer - ERROR - []
2025-09-08 06:15:33,968 - 1495890 - piper.organizer - ERROR - []
2025-09-08 06:15:33,969 - 1495890 - piper.organizer - ERROR - []
2025-09-08 06:15:33,969 - 1495890 - piper.organizer - ERROR - []
2025-09-08 06:15:33,969 - 1495890 - piper.organizer - ERROR - []
2025-09-08 06:15:33,970 - 1495890 - piper.organizer - ERROR - []
2025-09-08 06:15:33,970 - 1495890 - piper.organizer - ERROR - []
2025-09-08 06:15:33,970 - 1495890 - piper.organizer - ERROR - []
2025-09-08 06:15:33,971 - 1495890 - piper.organizer - ERROR - []
2025-09-08 06:15:33,971 - 1495890 - piper.organizer - ERROR - []
2025-09-08 06:15:33,971 - 1495890 - piper.organizer - ERROR - []
2025-09-08 06:15:33,971 - 1495890 - piper.organizer - ERROR - []
2025-09-08 06:15:33,972 - 1495890 - piper.organizer - ERROR - []
2025-09-08 06:15:33,972 - 1495890 - piper.organizer - ERROR - []
2025-09-08 06:15:33,972 - 1495890 - piper.organizer - ERROR - []
2025-09-08 06:15:33,973 - 1495890 - piper.organizer - ERROR - []
2025-09-08 06:15:33,973 - 1495890 - piper.organizer - ERROR - []
2025-09-08 06:15:33,973 - 1495890 - piper.organizer - ERROR - []
2025-09-08 06:15:33,974 - 1495890 - piper.organizer - ERROR - []
2025-09-08 06:15:33,974 - 1495890 - piper.organizer - ERROR - []
2025-09-08 06:15:33,974 - 1495890 - piper.organizer - ERROR - []
2025-09-08 06:15:33,974 - 1495890 - piper.organizer - ERROR - []
2025-09-08 06:15:33,975 - 1495890 - piper.organizer - ERROR - []
2025-09-08 06:15:33,975 - 1495890 - piper.organizer - ERROR - []
2025-09-08 06:15:33,980 - 1495890 - piper.organizer - ERROR - []
2025-09-08 06:15:33,981 - 1495890 - piper.organizer - ERROR - []
2025-09-08 06:15:33,981 - 1495890 - piper.organizer - ERROR - []
2025-09-08 06:15:33,981 - 1495890 - piper.organizer - ERROR - []
2025-09-08 06:15:33,982 - 1495890 - piper.organizer - ERROR - []
2025-09-08 06:15:33,982 - 1495890 - piper.organizer - ERROR - []
2025-09-08 06:15:33,982 - 1495890 - piper.organizer - ERROR - []
2025-09-08 06:15:33,983 - 1495890 - piper.organizer - ERROR - []
2025-09-08 06:15:33,983 - 1495890 - piper.organizer - ERROR - []
2025-09-08 06:15:33,983 - 1495890 - piper.organizer - ERROR - []
2025-09-08 06:15:33,984 - 1495890 - piper.organizer - ERROR - []
2025-09-08 06:15:33,987 - 1495890 - piper.organizer - ERROR - []
2025-09-08 06:15:33,987 - 1495890 - piper.organizer - ERROR - []
2025-09-08 06:15:33,987 - 1495890 - piper.organizer - ERROR - []
2025-09-08 06:15:33,989 - 1495890 - piper.organizer - ERROR - []
2025-09-08 06:15:33,989 - 1495890 - piper.organizer - ERROR - []
2025-09-08 06:15:33,991 - 1495890 - piper.organizer - ERROR - []
2025-09-08 06:15:33,991 - 1495890 - piper.organizer - ERROR - []
2025-09-08 06:15:33,991 - 1495890 - piper.organizer - ERROR - []
2025-09-08 06:15:33,991 - 1495890 - piper.organizer - ERROR - []
2025-09-08 06:15:33,992 - 1495890 - piper.organizer - ERROR - []
2025-09-08 06:15:33,992 - 1495890 - piper.organizer - ERROR - []
2025-09-08 06:15:33,993 - 1495890 - piper.organizer - ERROR - []
2025-09-08 06:15:33,993 - 1495890 - piper.organizer - ERROR - []
2025-09-08 06:15:33,994 - 1495890 - piper.organizer - ERROR - []
2025-09-08 06:15:33,994 - 1495890 - piper.organizer - ERROR - []
2025-09-08 06:15:33,994 - 1495890 - piper.organizer - ERROR - []
2025-09-08 06:15:33,995 - 1495890 - piper.organizer - ERROR - []
2025-09-08 06:15:33,995 - 1495890 - piper.organizer - ERROR - []
2025-09-08 06:15:33,996 - 1495890 - piper.organizer - ERROR - []
2025-09-08 06:15:33,996 - 1495890 - piper.organizer - ERROR - []
2025-09-08 06:15:33,996 - 1495890 - piper.organizer - ERROR - []
2025-09-08 06:15:33,997 - 1495890 - piper.organizer - ERROR - []
2025-09-08 06:15:33,997 - 1495890 - piper.organizer - ERROR - []
2025-09-08 06:15:33,997 - 1495890 - piper.organizer - ERROR - []
2025-09-08 06:15:33,998 - 1495890 - piper.organizer - ERROR - []
2025-09-08 06:15:33,998 - 1495890 - piper.organizer - ERROR - []
2025-09-08 06:15:33,998 - 1495890 - piper.organizer - ERROR - []
2025-09-08 06:15:33,999 - 1495890 - piper.organizer - ERROR - []
2025-09-08 06:15:33,999 - 1495890 - piper.organizer - ERROR - []
2025-09-08 06:15:34,000 - 1495890 - piper.organizer - ERROR - []
2025-09-08 06:15:34,000 - 1495890 - piper.organizer - ERROR - []
2025-09-08 06:15:34,001 - 1495890 - piper.organizer - ERROR - []
2025-09-08 06:15:34,001 - 1495890 - piper.organizer - ERROR - []
2025-09-08 06:15:34,002 - 1495890 - piper.organizer - ERROR - []
2025-09-08 06:15:34,002 - 1495890 - piper.organizer - ERROR - []
2025-09-08 06:15:34,002 - 1495890 - piper.organizer - ERROR - []
2025-09-08 06:15:34,003 - 1495890 - piper.organizer - ERROR - []
2025-09-08 06:15:34,003 - 1495890 - piper.organizer - ERROR - []
2025-09-08 06:15:34,003 - 1495890 - piper.organizer - ERROR - []
2025-09-08 06:15:34,003 - 1495890 - piper.organizer - ERROR - []
2025-09-08 06:15:34,013 - 1495890 - piper.organizer - ERROR - []
2025-09-08 06:15:34,013 - 1495890 - piper.organizer - ERROR - []
2025-09-08 06:15:34,016 - 1495890 - piper.organizer - ERROR - []
2025-09-08 06:15:34,016 - 1495890 - piper.organizer - ERROR - []
2025-09-08 06:15:34,017 - 1495890 - piper.organizer - ERROR - []
2025-09-08 06:15:34,018 - 1495890 - piper.organizer - ERROR - []
2025-09-08 06:15:34,018 - 1495890 - piper.organizer - ERROR - []
2025-09-08 06:15:34,018 - 1495890 - piper.organizer - ERROR - []
2025-09-08 06:15:34,018 - 1495890 - piper.organizer - ERROR - []
2025-09-08 06:15:34,019 - 1495890 - piper.organizer - ERROR - []
2025-09-08 06:15:34,019 - 1495890 - piper.organizer - ERROR - []
2025-09-08 06:15:34,019 - 1495890 - piper.organizer - ERROR - []
2025-09-08 06:15:34,019 - 1495890 - piper.organizer - ERROR - []
2025-09-08 06:15:34,019 - 1495890 - piper.organizer - ERROR - []
2025-09-08 06:15:34,020 - 1495890 - piper.organizer - ERROR - []
2025-09-08 06:15:34,020 - 1495890 - piper.organizer - ERROR - []
2025-09-08 06:15:34,023 - 1495890 - piper.organizer - ERROR - []
2025-09-08 06:15:34,023 - 1495890 - piper.organizer - ERROR - []
2025-09-08 06:15:34,024 - 1495890 - piper.organizer - ERROR - []
2025-09-08 06:15:34,025 - 1495890 - piper.organizer - ERROR - []
2025-09-08 06:15:34,025 - 1495890 - piper.organizer - ERROR - []
2025-09-08 06:15:34,026 - 1495890 - piper.organizer - ERROR - []
2025-09-08 06:15:34,026 - 1495890 - piper.organizer - ERROR - []
2025-09-08 06:15:34,026 - 1495890 - piper.organizer - ERROR - []
2025-09-08 06:15:34,026 - 1495890 - piper.organizer - ERROR - []
2025-09-08 06:15:34,027 - 1495890 - piper.organizer - ERROR - []
2025-09-08 06:15:34,027 - 1495890 - piper.organizer - ERROR - []
2025-09-08 06:15:34,027 - 1495890 - piper.organizer - ERROR - []
2025-09-08 06:15:34,027 - 1495890 - piper.organizer - ERROR - []
2025-09-08 06:15:34,028 - 1495890 - piper.organizer - ERROR - []
2025-09-08 06:15:34,028 - 1495890 - piper.organizer - ERROR - []
2025-09-08 06:15:34,028 - 1495890 - piper.organizer - ERROR - []
2025-09-08 06:15:34,028 - 1495890 - piper.organizer - ERROR - []
2025-09-08 06:15:34,029 - 1495890 - piper.organizer - ERROR - []
2025-09-08 06:15:34,029 - 1495890 - piper.organizer - ERROR - []
2025-09-08 06:15:34,030 - 1495890 - piper.organizer - ERROR - []
2025-09-08 06:15:34,030 - 1495890 - piper.organizer - ERROR - []
2025-09-08 06:15:34,030 - 1495890 - piper.organizer - ERROR - []
2025-09-08 06:15:34,031 - 1495890 - piper.organizer - ERROR - []
2025-09-08 06:15:34,031 - 1495890 - piper.organizer - ERROR - []
2025-09-08 06:15:34,031 - 1495890 - piper.organizer - ERROR - []
2025-09-08 06:15:34,032 - 1495890 - piper.organizer - ERROR - []
2025-09-08 06:15:34,032 - 1495890 - piper.organizer - ERROR - []
2025-09-08 06:15:34,039 - 1495890 - piper.organizer - ERROR - []
2025-09-08 06:15:34,039 - 1495890 - piper.organizer - ERROR - []
2025-09-08 06:15:34,040 - 1495890 - piper.organizer - ERROR - []
2025-09-08 06:15:34,040 - 1495890 - piper.organizer - ERROR - []
2025-09-08 06:15:34,041 - 1495890 - piper.organizer - ERROR - []
2025-09-08 06:15:34,041 - 1495890 - piper.organizer - ERROR - []
2025-09-08 06:15:34,041 - 1495890 - piper.organizer - ERROR - []
2025-09-08 06:15:34,041 - 1495890 - piper.organizer - ERROR - []
2025-09-08 06:15:34,042 - 1495890 - piper.organizer - ERROR - []
2025-09-08 06:15:34,042 - 1495890 - piper.organizer - ERROR - []
2025-09-08 06:15:34,046 - 1495890 - piper.organizer - ERROR - []
2025-09-08 06:15:34,046 - 1495890 - piper.organizer - ERROR - []
2025-09-08 06:15:34,047 - 1495890 - piper.organizer - ERROR - []
2025-09-08 06:15:34,047 - 1495890 - piper.organizer - ERROR - []
2025-09-08 06:15:34,048 - 1495890 - piper.organizer - ERROR - []
2025-09-08 06:15:34,048 - 1495890 - piper.organizer - ERROR - []
2025-09-08 06:15:34,049 - 1495890 - piper.organizer - ERROR - []
2025-09-08 06:15:34,049 - 1495890 - piper.organizer - ERROR - []
2025-09-08 06:15:34,049 - 1495890 - piper.organizer - ERROR - []
2025-09-08 06:15:34,049 - 1495890 - piper.organizer - ERROR - []
2025-09-08 06:15:34,050 - 1495890 - piper.organizer - ERROR - []
2025-09-08 06:15:34,051 - 1495890 - piper.organizer - ERROR - []
2025-09-08 06:15:34,051 - 1495890 - piper.organizer - ERROR - []
2025-09-08 06:15:34,051 - 1495890 - piper.organizer - ERROR - []
2025-09-08 06:15:34,052 - 1495890 - piper.organizer - ERROR - []
2025-09-08 06:15:34,052 - 1495890 - piper.organizer - ERROR - []
2025-09-08 06:15:34,053 - 1495890 - piper.organizer - ERROR - []
2025-09-08 06:15:34,055 - 1495890 - piper.organizer - ERROR - []
2025-09-08 06:15:34,056 - 1495890 - piper.organizer - ERROR - []
2025-09-08 06:15:34,056 - 1495890 - piper.organizer - ERROR - []
2025-09-08 06:15:34,057 - 1495890 - piper.organizer - ERROR - []
2025-09-08 06:15:34,057 - 1495890 - piper.organizer - ERROR - []
2025-09-08 06:15:34,058 - 1495890 - piper.organizer - ERROR - []
2025-09-08 06:15:34,058 - 1495890 - piper.organizer - ERROR - []
2025-09-08 06:15:34,058 - 1495890 - piper.organizer - ERROR - []
2025-09-08 06:15:34,059 - 1495890 - piper.organizer - ERROR - []
2025-09-08 06:15:34,059 - 1495890 - piper.organizer - ERROR - []
2025-09-08 06:15:34,059 - 1495890 - piper.organizer - ERROR - []
2025-09-08 06:15:34,060 - 1495890 - piper.organizer - ERROR - []
2025-09-08 06:15:34,060 - 1495890 - piper.organizer - ERROR - []
2025-09-08 06:15:34,061 - 1495890 - piper.organizer - ERROR - []
2025-09-08 06:15:34,061 - 1495890 - piper.organizer - ERROR - []
2025-09-08 06:15:34,061 - 1495890 - piper.organizer - ERROR - []
2025-09-08 06:15:34,062 - 1495890 - piper.organizer - ERROR - []
2025-09-08 06:15:34,062 - 1495890 - piper.organizer - ERROR - []
2025-09-08 06:15:34,062 - 1495890 - piper.organizer - ERROR - []
2025-09-08 06:15:34,063 - 1495890 - piper.organizer - ERROR - []
2025-09-08 06:15:34,064 - 1495890 - piper.organizer - ERROR - []
2025-09-08 06:15:34,064 - 1495890 - piper.organizer - ERROR - []
2025-09-08 06:15:34,065 - 1495890 - piper.organizer - ERROR - []
2025-09-08 06:15:34,065 - 1495890 - piper.organizer - ERROR - []
2025-09-08 06:15:34,065 - 1495890 - piper.organizer - ERROR - []
2025-09-08 06:15:34,066 - 1495890 - piper.organizer - ERROR - []
2025-09-08 06:15:34,066 - 1495890 - piper.organizer - ERROR - []
2025-09-08 06:15:34,066 - 1495890 - piper.organizer - ERROR - []
2025-09-08 06:15:34,066 - 1495890 - piper.organizer - ERROR - []
2025-09-08 06:15:34,066 - 1495890 - piper.organizer - ERROR - []
2025-09-08 06:15:34,068 - 1495890 - piper.organizer - ERROR - []
2025-09-08 06:15:34,068 - 1495890 - piper.organizer - ERROR - []
2025-09-08 06:15:34,068 - 1495890 - piper.organizer - ERROR - []
2025-09-08 06:15:34,068 - 1495890 - piper.organizer - ERROR - []
2025-09-08 06:15:34,068 - 1495890 - piper.organizer - ERROR - []
2025-09-08 06:15:34,070 - 1495890 - piper.organizer - ERROR - []
2025-09-08 06:15:34,070 - 1495890 - piper.organizer - ERROR - []
2025-09-08 06:15:34,070 - 1495890 - piper.organizer - ERROR - []
2025-09-08 06:15:34,070 - 1495890 - piper.organizer - ERROR - []
2025-09-08 06:15:34,082 - 1495890 - piper.organizer - ERROR - []
2025-09-08 06:15:34,083 - 1495890 - piper.organizer - ERROR - []
2025-09-08 06:15:34,083 - 1495890 - piper.organizer - ERROR - []
2025-09-08 06:15:34,084 - 1495890 - piper.organizer - ERROR - []
2025-09-08 06:15:34,084 - 1495890 - piper.organizer - ERROR - []
2025-09-08 06:15:34,084 - 1495890 - piper.organizer - ERROR - []
2025-09-08 06:15:34,084 - 1495890 - piper.organizer - ERROR - []
2025-09-08 06:15:34,097 - 1495890 - piper.organizer - ERROR - []
2025-09-08 06:15:34,098 - 1495890 - piper.organizer - ERROR - []
2025-09-08 06:15:34,098 - 1495890 - piper.organizer - ERROR - []
2025-09-08 06:15:34,098 - 1495890 - piper.organizer - ERROR - []
2025-09-08 06:15:34,098 - 1495890 - piper.organizer - ERROR - []
2025-09-08 06:15:34,099 - 1495890 - piper.organizer - ERROR - []
2025-09-08 06:15:34,099 - 1495890 - piper.organizer - ERROR - []
2025-09-08 06:15:34,099 - 1495890 - piper.organizer - ERROR - []
2025-09-08 06:15:34,099 - 1495890 - piper.organizer - ERROR - []
2025-09-08 06:15:34,099 - 1495890 - piper.organizer - ERROR - []
2025-09-08 06:15:34,100 - 1495890 - piper.organizer - ERROR - []
2025-09-08 06:15:34,101 - 1495890 - piper.organizer - ERROR - []
2025-09-08 06:15:34,101 - 1495890 - piper.organizer - ERROR - []
2025-09-08 06:15:34,101 - 1495890 - piper.organizer - ERROR - []
2025-09-08 06:15:34,101 - 1495890 - piper.organizer - ERROR - []
2025-09-08 06:15:34,102 - 1495890 - piper.organizer - ERROR - []
2025-09-08 06:15:34,104 - 1495890 - piper.organizer - ERROR - []
2025-09-08 06:15:34,104 - 1495890 - piper.organizer - ERROR - []
2025-09-08 06:15:34,104 - 1495890 - piper.organizer - ERROR - []
2025-09-08 06:15:34,105 - 1495890 - piper.organizer - ERROR - []
2025-09-08 06:15:34,105 - 1495890 - piper.organizer - ERROR - []
2025-09-08 06:15:34,105 - 1495890 - piper.organizer - ERROR - []
2025-09-08 06:15:34,106 - 1495890 - piper.organizer - ERROR - []
2025-09-08 06:15:34,106 - 1495890 - piper.organizer - ERROR - []
2025-09-08 06:15:34,106 - 1495890 - piper.organizer - ERROR - []
2025-09-08 06:15:34,107 - 1495890 - piper.organizer - ERROR - []
2025-09-08 06:15:34,107 - 1495890 - piper.organizer - ERROR - []
2025-09-08 06:15:34,107 - 1495890 - piper.organizer - ERROR - []
2025-09-08 06:15:34,108 - 1495890 - piper.organizer - ERROR - []
2025-09-08 06:15:34,108 - 1495890 - piper.organizer - ERROR - []
2025-09-08 06:15:34,108 - 1495890 - piper.organizer - ERROR - []
2025-09-08 06:15:34,108 - 1495890 - piper.organizer - ERROR - []
2025-09-08 06:15:34,115 - 1495890 - piper.organizer - ERROR - []
2025-09-08 06:15:34,115 - 1495890 - piper.organizer - ERROR - []
2025-09-08 06:15:34,116 - 1495890 - piper.organizer - ERROR - []
2025-09-08 06:15:34,116 - 1495890 - piper.organizer - ERROR - []
2025-09-08 06:15:34,116 - 1495890 - piper.organizer - ERROR - []
2025-09-08 06:15:34,117 - 1495890 - piper.organizer - ERROR - []
2025-09-08 06:15:34,118 - 1495890 - piper.organizer - ERROR - []
2025-09-08 06:15:34,118 - 1495890 - piper.organizer - ERROR - []
2025-09-08 06:15:34,119 - 1495890 - piper.organizer - ERROR - []
2025-09-08 06:15:34,119 - 1495890 - piper.organizer - ERROR - []
2025-09-08 06:15:34,120 - 1495890 - piper.organizer - ERROR - []
2025-09-08 06:15:34,120 - 1495890 - piper.organizer - ERROR - []
2025-09-08 06:15:34,120 - 1495890 - piper.organizer - ERROR - []
2025-09-08 06:15:34,121 - 1495890 - piper.organizer - ERROR - []
2025-09-08 06:15:34,121 - 1495890 - piper.organizer - ERROR - []
2025-09-08 06:15:34,121 - 1495890 - piper.organizer - ERROR - []
2025-09-08 06:15:34,121 - 1495890 - piper.organizer - ERROR - []
2025-09-08 06:15:34,121 - 1495890 - piper.organizer - ERROR - []
2025-09-08 06:15:34,122 - 1495890 - piper.organizer - ERROR - []
2025-09-08 06:15:34,122 - 1495890 - piper.organizer - ERROR - []
2025-09-08 06:15:34,123 - 1495890 - piper.organizer - ERROR - []
2025-09-08 06:15:34,123 - 1495890 - piper.organizer - ERROR - []
2025-09-08 06:15:34,124 - 1495890 - piper.organizer - ERROR - []
2025-09-08 06:15:34,124 - 1495890 - piper.organizer - ERROR - []
2025-09-08 06:15:34,124 - 1495890 - piper.organizer - ERROR - []
2025-09-08 06:15:34,125 - 1495890 - piper.organizer - ERROR - []
2025-09-08 06:15:34,125 - 1495890 - piper.organizer - ERROR - []
2025-09-08 06:15:34,127 - 1495890 - piper.organizer - ERROR - []
2025-09-08 06:15:34,127 - 1495890 - piper.organizer - ERROR - []
2025-09-08 06:15:34,128 - 1495890 - piper.organizer - ERROR - []
2025-09-08 06:15:34,129 - 1495890 - piper.organizer - ERROR - []
2025-09-08 06:15:34,129 - 1495890 - piper.organizer - ERROR - []
2025-09-08 06:15:34,129 - 1495890 - piper.organizer - ERROR - []
2025-09-08 06:15:34,130 - 1495890 - piper.organizer - ERROR - []
2025-09-08 06:15:34,130 - 1495890 - piper.organizer - ERROR - []
2025-09-08 06:15:34,131 - 1495890 - piper.organizer - ERROR - []
2025-09-08 06:15:34,131 - 1495890 - piper.organizer - ERROR - []
2025-09-08 06:15:34,132 - 1495890 - piper.organizer - ERROR - []
2025-09-08 06:15:34,132 - 1495890 - piper.organizer - ERROR - []
2025-09-08 06:15:34,132 - 1495890 - piper.organizer - ERROR - []
2025-09-08 06:15:34,133 - 1495890 - piper.organizer - ERROR - []
2025-09-08 06:15:34,133 - 1495890 - piper.organizer - ERROR - []
2025-09-08 06:15:34,133 - 1495890 - piper.organizer - ERROR - []
2025-09-08 06:15:34,133 - 1495890 - piper.organizer - ERROR - []
2025-09-08 06:15:34,134 - 1495890 - piper.organizer - ERROR - []
2025-09-08 06:15:34,134 - 1495890 - piper.organizer - ERROR - []
2025-09-08 06:15:34,134 - 1495890 - piper.organizer - ERROR - []
2025-09-08 06:15:34,135 - 1495890 - piper.organizer - ERROR - []
2025-09-08 06:15:34,135 - 1495890 - piper.organizer - ERROR - []
2025-09-08 06:15:34,135 - 1495890 - piper.organizer - ERROR - []
2025-09-08 06:15:34,136 - 1495890 - piper.organizer - ERROR - []
2025-09-08 06:15:34,136 - 1495890 - piper.organizer - ERROR - []
2025-09-08 06:15:34,136 - 1495890 - piper.organizer - ERROR - []
2025-09-08 06:15:34,137 - 1495890 - piper.organizer - ERROR - []
2025-09-08 06:15:34,137 - 1495890 - piper.organizer - ERROR - []
2025-09-08 06:15:34,137 - 1495890 - piper.organizer - ERROR - []
2025-09-08 06:15:34,138 - 1495890 - piper.organizer - ERROR - []
2025-09-08 06:15:34,138 - 1495890 - piper.organizer - ERROR - []
2025-09-08 06:15:34,138 - 1495890 - piper.organizer - ERROR - []
2025-09-08 06:15:34,138 - 1495890 - piper.organizer - ERROR - []
2025-09-08 06:15:34,139 - 1495890 - piper.organizer - ERROR - []
2025-09-08 06:15:34,139 - 1495890 - piper.organizer - ERROR - []
2025-09-08 06:15:34,139 - 1495890 - piper.organizer - ERROR - []
2025-09-08 06:15:34,140 - 1495890 - piper.organizer - ERROR - []
2025-09-08 06:15:34,140 - 1495890 - piper.organizer - ERROR - []
2025-09-08 06:15:34,140 - 1495890 - piper.organizer - ERROR - []
2025-09-08 06:15:34,141 - 1495890 - piper.organizer - ERROR - []
2025-09-08 06:15:34,141 - 1495890 - piper.organizer - ERROR - []
2025-09-08 06:15:34,141 - 1495890 - piper.organizer - ERROR - []
2025-09-08 06:15:34,142 - 1495890 - piper.organizer - ERROR - []
2025-09-08 06:15:34,142 - 1495890 - piper.organizer - ERROR - []
2025-09-08 06:15:34,142 - 1495890 - piper.organizer - ERROR - []
2025-09-08 06:15:34,143 - 1495890 - piper.organizer - ERROR - []
2025-09-08 06:15:34,143 - 1495890 - piper.organizer - ERROR - []
2025-09-08 06:15:34,143 - 1495890 - piper.organizer - ERROR - []
2025-09-08 06:15:34,143 - 1495890 - piper.organizer - ERROR - []
2025-09-08 06:15:34,144 - 1495890 - piper.organizer - ERROR - []
2025-09-08 06:15:34,144 - 1495890 - piper.organizer - ERROR - []
2025-09-08 06:15:34,145 - 1495890 - piper.organizer - ERROR - []
2025-09-08 06:15:34,145 - 1495890 - piper.organizer - ERROR - []
2025-09-08 06:15:34,145 - 1495890 - piper.organizer - ERROR - []
2025-09-08 06:15:34,145 - 1495890 - piper.organizer - ERROR - []
2025-09-08 06:15:34,146 - 1495890 - piper.organizer - ERROR - []
2025-09-08 06:15:34,146 - 1495890 - piper.organizer - ERROR - []
2025-09-08 06:15:34,146 - 1495890 - piper.organizer - ERROR - []
2025-09-08 06:15:34,147 - 1495890 - piper.organizer - ERROR - []
2025-09-08 06:15:34,147 - 1495890 - piper.organizer - ERROR - []
2025-09-08 06:15:34,147 - 1495890 - piper.organizer - ERROR - []
2025-09-08 06:15:34,148 - 1495890 - piper.organizer - ERROR - []
2025-09-08 06:15:34,148 - 1495890 - piper.organizer - ERROR - []
2025-09-08 06:15:34,148 - 1495890 - piper.organizer - ERROR - []
2025-09-08 06:15:34,149 - 1495890 - piper.organizer - ERROR - []
2025-09-08 06:15:34,149 - 1495890 - piper.organizer - ERROR - []
2025-09-08 06:15:34,149 - 1495890 - piper.organizer - ERROR - []
2025-09-08 06:15:34,150 - 1495890 - piper.organizer - ERROR - []
2025-09-08 06:15:34,150 - 1495890 - piper.organizer - ERROR - []
2025-09-08 06:15:34,150 - 1495890 - piper.organizer - ERROR - []
2025-09-08 06:15:34,151 - 1495890 - piper.organizer - ERROR - []
2025-09-08 06:15:34,151 - 1495890 - piper.organizer - ERROR - []
2025-09-08 06:15:34,151 - 1495890 - piper.organizer - ERROR - []
2025-09-08 06:15:34,152 - 1495890 - piper.organizer - ERROR - []
2025-09-08 06:15:34,152 - 1495890 - piper.organizer - ERROR - []
2025-09-08 06:15:34,152 - 1495890 - piper.organizer - ERROR - []
2025-09-08 06:15:34,153 - 1495890 - piper.organizer - ERROR - []
2025-09-08 06:15:34,153 - 1495890 - piper.organizer - ERROR - []
2025-09-08 06:15:34,153 - 1495890 - piper.organizer - ERROR - []
2025-09-08 06:15:34,154 - 1495890 - piper.organizer - ERROR - []
2025-09-08 06:15:34,154 - 1495890 - piper.organizer - ERROR - []
2025-09-08 06:15:34,154 - 1495890 - piper.organizer - ERROR - []
2025-09-08 06:15:34,155 - 1495890 - piper.organizer - ERROR - []
2025-09-08 06:15:34,155 - 1495890 - piper.organizer - ERROR - []
2025-09-08 06:15:34,155 - 1495890 - piper.organizer - ERROR - []
2025-09-08 06:15:34,155 - 1495890 - piper.organizer - ERROR - []
2025-09-08 06:15:34,156 - 1495890 - piper.organizer - ERROR - []
2025-09-08 06:15:34,156 - 1495890 - piper.organizer - ERROR - []
2025-09-08 06:15:34,156 - 1495890 - piper.organizer - ERROR - []
2025-09-08 06:15:34,157 - 1495890 - piper.organizer - ERROR - []
2025-09-08 06:15:34,157 - 1495890 - piper.organizer - ERROR - []
2025-09-08 06:15:34,158 - 1495890 - piper.organizer - ERROR - []
2025-09-08 06:15:34,158 - 1495890 - piper.organizer - ERROR - []
2025-09-08 06:15:34,158 - 1495890 - piper.organizer - ERROR - []
2025-09-08 06:15:34,159 - 1495890 - piper.organizer - ERROR - []
2025-09-08 06:15:34,159 - 1495890 - piper.organizer - ERROR - []
2025-09-08 06:15:34,159 - 1495890 - piper.organizer - ERROR - []
2025-09-08 06:15:34,160 - 1495890 - piper.organizer - ERROR - []
2025-09-08 06:15:34,160 - 1495890 - piper.organizer - ERROR - []
2025-09-08 06:15:34,161 - 1495890 - piper.organizer - ERROR - []
2025-09-08 06:15:34,161 - 1495890 - piper.organizer - ERROR - []
2025-09-08 06:15:34,161 - 1495890 - piper.organizer - ERROR - []
2025-09-08 06:15:34,161 - 1495890 - piper.organizer - ERROR - []
2025-09-08 06:15:34,162 - 1495890 - piper.organizer - ERROR - []
2025-09-08 06:15:34,162 - 1495890 - piper.organizer - ERROR - []
2025-09-08 06:15:34,162 - 1495890 - piper.organizer - ERROR - []
2025-09-08 06:15:34,162 - 1495890 - piper.organizer - ERROR - []
2025-09-08 06:15:34,163 - 1495890 - piper.organizer - ERROR - []
2025-09-08 06:15:34,163 - 1495890 - piper.organizer - ERROR - []
2025-09-08 06:15:34,163 - 1495890 - piper.organizer - ERROR - []
2025-09-08 06:15:34,163 - 1495890 - piper.organizer - ERROR - []
2025-09-08 06:15:34,173 - 1495890 - piper.organizer - ERROR - Traversal encounters a non-existing file at /home/user/uber-one/data_piper_core_pipelines/core/core/maps_places/uber_address_origin_export/tests
2025-09-08 06:15:34,174 - 1495890 - piper.organizer - ERROR - []
2025-09-08 06:15:34,174 - 1495890 - piper.organizer - ERROR - []
2025-09-08 06:15:34,175 - 1495890 - piper.organizer - ERROR - []
2025-09-08 06:15:34,175 - 1495890 - piper.organizer - ERROR - []
2025-09-08 06:15:34,176 - 1495890 - piper.organizer - ERROR - []
2025-09-08 06:15:34,176 - 1495890 - piper.organizer - ERROR - []
2025-09-08 06:15:34,176 - 1495890 - piper.organizer - ERROR - []
2025-09-08 06:15:34,177 - 1495890 - piper.organizer - ERROR - []
2025-09-08 06:15:34,177 - 1495890 - piper.organizer - ERROR - []
2025-09-08 06:15:34,177 - 1495890 - piper.organizer - ERROR - []
2025-09-08 06:15:34,178 - 1495890 - piper.organizer - ERROR - []
2025-09-08 06:15:34,178 - 1495890 - piper.organizer - ERROR - []
2025-09-08 06:15:34,179 - 1495890 - piper.organizer - ERROR - []
2025-09-08 06:15:34,179 - 1495890 - piper.organizer - ERROR - []
2025-09-08 06:15:34,179 - 1495890 - piper.organizer - ERROR - []
2025-09-08 06:15:34,180 - 1495890 - piper.organizer - ERROR - []
2025-09-08 06:15:34,180 - 1495890 - piper.organizer - ERROR - []
2025-09-08 06:15:34,180 - 1495890 - piper.organizer - ERROR - []
2025-09-08 06:15:34,181 - 1495890 - piper.organizer - ERROR - []
2025-09-08 06:15:34,181 - 1495890 - piper.organizer - ERROR - []
2025-09-08 06:15:34,182 - 1495890 - piper.organizer - ERROR - []
2025-09-08 06:15:34,182 - 1495890 - piper.organizer - ERROR - []
2025-09-08 06:15:34,182 - 1495890 - piper.organizer - ERROR - []
2025-09-08 06:15:34,182 - 1495890 - piper.organizer - ERROR - []
2025-09-08 06:15:34,183 - 1495890 - piper.organizer - ERROR - []
2025-09-08 06:15:34,183 - 1495890 - piper.organizer - ERROR - []
2025-09-08 06:15:34,184 - 1495890 - piper.organizer - ERROR - []
2025-09-08 06:15:34,184 - 1495890 - piper.organizer - ERROR - []
2025-09-08 06:15:34,184 - 1495890 - piper.organizer - ERROR - []
2025-09-08 06:15:34,185 - 1495890 - piper.organizer - ERROR - []
2025-09-08 06:15:34,185 - 1495890 - piper.organizer - ERROR - []
2025-09-08 06:15:34,186 - 1495890 - piper.organizer - ERROR - []
2025-09-08 06:15:34,186 - 1495890 - piper.organizer - ERROR - []
2025-09-08 06:15:34,187 - 1495890 - piper.organizer - ERROR - []
2025-09-08 06:15:34,187 - 1495890 - piper.organizer - ERROR - []
2025-09-08 06:15:34,187 - 1495890 - piper.organizer - ERROR - []
2025-09-08 06:15:34,187 - 1495890 - piper.organizer - ERROR - []
2025-09-08 06:15:34,188 - 1495890 - piper.organizer - ERROR - []
2025-09-08 06:15:34,188 - 1495890 - piper.organizer - ERROR - []
2025-09-08 06:15:34,189 - 1495890 - piper.organizer - ERROR - []
2025-09-08 06:15:34,189 - 1495890 - piper.organizer - ERROR - []
2025-09-08 06:15:34,189 - 1495890 - piper.organizer - ERROR - []
2025-09-08 06:15:34,189 - 1495890 - piper.organizer - ERROR - []
2025-09-08 06:15:34,190 - 1495890 - piper.organizer - ERROR - []
2025-09-08 06:15:34,190 - 1495890 - piper.organizer - ERROR - []
2025-09-08 06:15:34,191 - 1495890 - piper.organizer - ERROR - []
2025-09-08 06:15:34,191 - 1495890 - piper.organizer - ERROR - []
2025-09-08 06:15:34,192 - 1495890 - piper.organizer - ERROR - []
2025-09-08 06:15:34,192 - 1495890 - piper.organizer - ERROR - []
2025-09-08 06:15:34,193 - 1495890 - piper.organizer - ERROR - []
2025-09-08 06:15:34,193 - 1495890 - piper.organizer - ERROR - []
2025-09-08 06:15:34,193 - 1495890 - piper.organizer - ERROR - []
2025-09-08 06:15:34,194 - 1495890 - piper.organizer - ERROR - []
2025-09-08 06:15:34,194 - 1495890 - piper.organizer - ERROR - []
2025-09-08 06:15:34,195 - 1495890 - piper.organizer - ERROR - []
2025-09-08 06:15:34,195 - 1495890 - piper.organizer - ERROR - []
2025-09-08 06:15:34,196 - 1495890 - piper.organizer - ERROR - []
2025-09-08 06:15:34,196 - 1495890 - piper.organizer - ERROR - []
2025-09-08 06:15:34,197 - 1495890 - piper.organizer - ERROR - []
2025-09-08 06:15:34,204 - 1495890 - piper.organizer - ERROR - []
2025-09-08 06:15:34,205 - 1495890 - piper.organizer - ERROR - []
2025-09-08 06:15:34,229 - 1495890 - piper.organizer - ERROR - []
2025-09-08 06:15:34,239 - 1495890 - piper.organizer - ERROR - []
2025-09-08 06:15:34,240 - 1495890 - piper.organizer - ERROR - []
2025-09-08 06:15:34,240 - 1495890 - piper.organizer - ERROR - []
2025-09-08 06:15:34,240 - 1495890 - piper.organizer - ERROR - []
2025-09-08 06:15:34,241 - 1495890 - piper.organizer - ERROR - []
2025-09-08 06:15:34,241 - 1495890 - piper.organizer - ERROR - []
2025-09-08 06:15:34,251 - 1495890 - piper.organizer - ERROR - []
2025-09-08 06:15:34,252 - 1495890 - piper.organizer - ERROR - []
2025-09-08 06:15:34,253 - 1495890 - piper.organizer - ERROR - []
2025-09-08 06:15:34,253 - 1495890 - piper.organizer - ERROR - []
2025-09-08 06:15:34,253 - 1495890 - piper.organizer - ERROR - []
2025-09-08 06:15:34,254 - 1495890 - piper.organizer - ERROR - []
2025-09-08 06:15:34,254 - 1495890 - piper.organizer - ERROR - []
2025-09-08 06:15:34,254 - 1495890 - piper.organizer - ERROR - []
2025-09-08 06:15:34,254 - 1495890 - piper.organizer - ERROR - []
2025-09-08 06:15:34,255 - 1495890 - piper.organizer - ERROR - []
2025-09-08 06:15:34,257 - 1495890 - piper.organizer - ERROR - []
2025-09-08 06:15:34,258 - 1495890 - piper.organizer - ERROR - []
2025-09-08 06:15:34,260 - 1495890 - piper.organizer - ERROR - []
2025-09-08 06:15:34,261 - 1495890 - piper.organizer - ERROR - []
2025-09-08 06:15:34,261 - 1495890 - piper.organizer - ERROR - []
2025-09-08 06:15:34,261 - 1495890 - piper.organizer - ERROR - []
2025-09-08 06:15:34,261 - 1495890 - piper.organizer - ERROR - []
2025-09-08 06:15:34,275 - 1495890 - piper.organizer - ERROR - []
2025-09-08 06:15:34,275 - 1495890 - piper.organizer - ERROR - []
2025-09-08 06:15:34,278 - 1495890 - piper.organizer - ERROR - []
2025-09-08 06:15:34,279 - 1495890 - piper.organizer - ERROR - []
2025-09-08 06:15:34,279 - 1495890 - piper.organizer - ERROR - []
2025-09-08 06:15:34,279 - 1495890 - piper.organizer - ERROR - []
2025-09-08 06:15:34,279 - 1495890 - piper.organizer - ERROR - []
2025-09-08 06:15:34,298 - 1495890 - piper.organizer - ERROR - []
2025-09-08 06:15:34,298 - 1495890 - piper.organizer - ERROR - []
2025-09-08 06:15:34,299 - 1495890 - piper.organizer - ERROR - []
2025-09-08 06:15:34,299 - 1495890 - piper.organizer - ERROR - []
2025-09-08 06:15:34,300 - 1495890 - piper.organizer - ERROR - []
2025-09-08 06:15:34,300 - 1495890 - piper.organizer - ERROR - []
2025-09-08 06:15:34,300 - 1495890 - piper.organizer - ERROR - []
2025-09-08 06:15:34,300 - 1495890 - piper.organizer - ERROR - []
2025-09-08 06:15:34,301 - 1495890 - piper.organizer - ERROR - []
2025-09-08 06:15:34,301 - 1495890 - piper.organizer - ERROR - []
2025-09-08 06:15:34,301 - 1495890 - piper.organizer - ERROR - []
2025-09-08 06:15:34,301 - 1495890 - piper.organizer - ERROR - []
2025-09-08 06:15:34,302 - 1495890 - piper.organizer - ERROR - []
2025-09-08 06:15:34,302 - 1495890 - piper.organizer - ERROR - []
2025-09-08 06:15:34,302 - 1495890 - piper.organizer - ERROR - []
2025-09-08 06:15:34,302 - 1495890 - piper.organizer - ERROR - []
2025-09-08 06:15:34,303 - 1495890 - piper.organizer - ERROR - []
2025-09-08 06:15:34,304 - 1495890 - piper.organizer - ERROR - []
2025-09-08 06:15:34,304 - 1495890 - piper.organizer - ERROR - []
2025-09-08 06:15:34,304 - 1495890 - piper.organizer - ERROR - []
2025-09-08 06:15:34,304 - 1495890 - piper.organizer - ERROR - []
2025-09-08 06:15:34,305 - 1495890 - piper.organizer - ERROR - []
2025-09-08 06:15:34,305 - 1495890 - piper.organizer - ERROR - []
2025-09-08 06:15:34,314 - 1495530 - piper.organizer - INFO - Monitoring process with target PipelineOrganizer.execute and pid 1495890
2025-09-08 06:15:34,314 - 1495890 - piper.organizer - ERROR - []
2025-09-08 06:15:34,317 - 1495890 - piper.organizer - ERROR - []
2025-09-08 06:15:34,320 - 1495890 - piper.organizer - ERROR - []
2025-09-08 06:15:34,321 - 1495890 - piper.organizer - ERROR - []
2025-09-08 06:15:34,322 - 1495890 - piper.organizer - ERROR - []
2025-09-08 06:15:34,323 - 1495890 - piper.organizer - ERROR - []
2025-09-08 06:15:34,324 - 1495890 - piper.organizer - ERROR - []
2025-09-08 06:15:34,324 - 1495890 - piper.organizer - ERROR - []
2025-09-08 06:15:34,327 - 1495890 - piper.organizer - ERROR - []
2025-09-08 06:15:34,328 - 1495890 - piper.organizer - ERROR - []
2025-09-08 06:15:34,329 - 1495890 - piper.organizer - ERROR - []
2025-09-08 06:15:34,331 - 1495890 - piper.organizer - ERROR - []
2025-09-08 06:15:34,332 - 1495890 - piper.organizer - ERROR - []
2025-09-08 06:15:34,332 - 1495890 - piper.organizer - ERROR - []
2025-09-08 06:15:34,332 - 1495890 - piper.organizer - ERROR - []
2025-09-08 06:15:34,333 - 1495890 - piper.organizer - ERROR - []
2025-09-08 06:15:34,333 - 1495890 - piper.organizer - ERROR - []
2025-09-08 06:15:34,333 - 1495890 - piper.organizer - ERROR - []
2025-09-08 06:15:34,334 - 1495890 - piper.organizer - ERROR - []
2025-09-08 06:15:34,334 - 1495890 - piper.organizer - ERROR - []
2025-09-08 06:15:34,335 - 1495890 - piper.organizer - ERROR - []
2025-09-08 06:15:34,335 - 1495890 - piper.organizer - ERROR - []
2025-09-08 06:15:34,335 - 1495890 - piper.organizer - ERROR - []
2025-09-08 06:15:34,338 - 1495890 - piper.organizer - ERROR - []
2025-09-08 06:15:34,338 - 1495890 - piper.organizer - ERROR - []
2025-09-08 06:15:34,339 - 1495890 - piper.organizer - ERROR - []
2025-09-08 06:15:34,341 - 1495890 - piper.organizer - ERROR - []
2025-09-08 06:15:34,341 - 1495890 - piper.organizer - ERROR - []
2025-09-08 06:15:34,342 - 1495890 - piper.organizer - ERROR - []
2025-09-08 06:15:34,342 - 1495890 - piper.organizer - ERROR - []
2025-09-08 06:15:34,342 - 1495890 - piper.organizer - ERROR - []
2025-09-08 06:15:34,342 - 1495890 - piper.organizer - ERROR - []
2025-09-08 06:15:34,344 - 1495890 - piper.organizer - ERROR - []
2025-09-08 06:15:34,355 - 1495890 - piper.organizer - ERROR - []
2025-09-08 06:15:34,356 - 1495890 - piper.organizer - ERROR - []
2025-09-08 06:15:34,356 - 1495890 - piper.organizer - ERROR - []
2025-09-08 06:15:34,357 - 1495890 - piper.organizer - ERROR - []
2025-09-08 06:15:34,363 - 1495890 - piper.organizer - ERROR - []
2025-09-08 06:15:34,363 - 1495890 - piper.organizer - ERROR - []
2025-09-08 06:15:34,364 - 1495890 - piper.organizer - ERROR - []
2025-09-08 06:15:34,364 - 1495890 - piper.organizer - ERROR - []
2025-09-08 06:15:34,365 - 1495890 - piper.organizer - ERROR - []
2025-09-08 06:15:34,365 - 1495890 - piper.organizer - ERROR - []
2025-09-08 06:15:34,372 - 1495890 - piper.organizer - ERROR - []
2025-09-08 06:15:34,372 - 1495890 - piper.organizer - ERROR - []
2025-09-08 06:15:34,373 - 1495890 - piper.organizer - ERROR - []
2025-09-08 06:15:34,373 - 1495890 - piper.organizer - ERROR - []
2025-09-08 06:15:34,374 - 1495890 - piper.organizer - ERROR - []
2025-09-08 06:15:34,374 - 1495890 - piper.organizer - ERROR - []
2025-09-08 06:15:34,380 - 1495890 - piper.organizer - ERROR - []
2025-09-08 06:15:34,381 - 1495890 - piper.organizer - ERROR - []
2025-09-08 06:15:34,381 - 1495890 - piper.organizer - ERROR - []
2025-09-08 06:15:34,381 - 1495890 - piper.organizer - ERROR - []
2025-09-08 06:15:34,383 - 1495890 - piper.organizer - ERROR - []
2025-09-08 06:15:34,383 - 1495890 - piper.organizer - ERROR - []
2025-09-08 06:15:34,384 - 1495890 - piper.organizer - ERROR - []
2025-09-08 06:15:34,384 - 1495890 - piper.organizer - ERROR - []
2025-09-08 06:15:34,397 - 1495890 - piper.organizer - ERROR - []
2025-09-08 06:15:34,397 - 1495890 - piper.organizer - ERROR - []
2025-09-08 06:15:34,398 - 1495890 - piper.organizer - ERROR - []
2025-09-08 06:15:34,398 - 1495890 - piper.organizer - ERROR - []
2025-09-08 06:15:34,398 - 1495890 - piper.organizer - ERROR - []
2025-09-08 06:15:34,399 - 1495890 - piper.organizer - ERROR - []
2025-09-08 06:15:34,399 - 1495890 - piper.organizer - ERROR - []
2025-09-08 06:15:34,400 - 1495890 - piper.organizer - ERROR - []
2025-09-08 06:15:34,400 - 1495890 - piper.organizer - ERROR - []
2025-09-08 06:15:34,400 - 1495890 - piper.organizer - ERROR - []
2025-09-08 06:15:34,400 - 1495890 - piper.organizer - ERROR - []
2025-09-08 06:15:34,400 - 1495890 - piper.organizer - ERROR - []
2025-09-08 06:15:34,401 - 1495890 - piper.organizer - ERROR - []
2025-09-08 06:15:34,402 - 1495890 - piper.organizer - ERROR - []
2025-09-08 06:15:34,402 - 1495890 - piper.organizer - ERROR - []
2025-09-08 06:15:34,402 - 1495890 - piper.organizer - ERROR - []
2025-09-08 06:15:34,403 - 1495890 - piper.organizer - ERROR - []
2025-09-08 06:15:34,403 - 1495890 - piper.organizer - ERROR - []
2025-09-08 06:15:34,404 - 1495890 - piper.organizer - ERROR - []
2025-09-08 06:15:34,404 - 1495890 - piper.organizer - ERROR - []
2025-09-08 06:15:34,404 - 1495890 - piper.organizer - ERROR - []
2025-09-08 06:15:34,405 - 1495890 - piper.organizer - ERROR - []
2025-09-08 06:15:34,405 - 1495890 - piper.organizer - ERROR - []
2025-09-08 06:15:34,405 - 1495890 - piper.organizer - ERROR - []
2025-09-08 06:15:34,405 - 1495890 - piper.organizer - ERROR - []
2025-09-08 06:15:34,406 - 1495890 - piper.organizer - ERROR - []
2025-09-08 06:15:34,407 - 1495890 - piper.organizer - ERROR - []
2025-09-08 06:15:34,409 - 1495890 - piper.organizer - ERROR - []
2025-09-08 06:15:34,409 - 1495890 - piper.organizer - ERROR - []
2025-09-08 06:15:34,409 - 1495890 - piper.organizer - ERROR - []
2025-09-08 06:15:34,410 - 1495890 - piper.organizer - ERROR - []
2025-09-08 06:15:34,410 - 1495890 - piper.organizer - ERROR - []
2025-09-08 06:15:34,410 - 1495890 - piper.organizer - ERROR - []
2025-09-08 06:15:34,411 - 1495890 - piper.organizer - ERROR - []
2025-09-08 06:15:34,411 - 1495890 - piper.organizer - ERROR - []
2025-09-08 06:15:34,412 - 1495890 - piper.organizer - ERROR - []
2025-09-08 06:15:34,412 - 1495890 - piper.organizer - ERROR - []
2025-09-08 06:15:34,413 - 1495890 - piper.organizer - ERROR - []
2025-09-08 06:15:34,413 - 1495890 - piper.organizer - ERROR - []
2025-09-08 06:15:34,413 - 1495890 - piper.organizer - ERROR - []
2025-09-08 06:15:34,413 - 1495890 - piper.organizer - ERROR - []
2025-09-08 06:15:34,414 - 1495890 - piper.organizer - ERROR - []
2025-09-08 06:15:34,414 - 1495890 - piper.organizer - ERROR - []
2025-09-08 06:15:34,414 - 1495890 - piper.organizer - ERROR - []
2025-09-08 06:15:34,414 - 1495890 - piper.organizer - ERROR - []
2025-09-08 06:15:34,415 - 1495890 - piper.organizer - ERROR - []
2025-09-08 06:15:34,415 - 1495890 - piper.organizer - ERROR - []
2025-09-08 06:15:34,415 - 1495890 - piper.organizer - ERROR - []
2025-09-08 06:15:34,418 - 1495890 - piper.organizer - ERROR - []
2025-09-08 06:15:34,419 - 1495890 - piper.organizer - ERROR - []
2025-09-08 06:15:34,419 - 1495890 - piper.organizer - ERROR - []
2025-09-08 06:15:34,420 - 1495890 - piper.organizer - ERROR - []
2025-09-08 06:15:34,420 - 1495890 - piper.organizer - ERROR - []
2025-09-08 06:15:34,420 - 1495890 - piper.organizer - ERROR - []
2025-09-08 06:15:34,421 - 1495890 - piper.organizer - ERROR - []
2025-09-08 06:15:34,421 - 1495890 - piper.organizer - ERROR - []
2025-09-08 06:15:34,422 - 1495890 - piper.organizer - ERROR - []
2025-09-08 06:15:34,422 - 1495890 - piper.organizer - ERROR - []
2025-09-08 06:15:34,423 - 1495890 - piper.organizer - ERROR - []
2025-09-08 06:15:34,423 - 1495890 - piper.organizer - ERROR - []
2025-09-08 06:15:34,427 - 1495890 - piper.organizer - ERROR - []
2025-09-08 06:15:34,427 - 1495890 - piper.organizer - ERROR - []
2025-09-08 06:15:34,427 - 1495890 - piper.organizer - ERROR - []
2025-09-08 06:15:34,428 - 1495890 - piper.organizer - ERROR - []
2025-09-08 06:15:34,429 - 1495890 - piper.organizer - ERROR - []
2025-09-08 06:15:34,429 - 1495890 - piper.organizer - ERROR - []
2025-09-08 06:15:34,430 - 1495890 - piper.organizer - ERROR - []
2025-09-08 06:15:34,430 - 1495890 - piper.organizer - ERROR - []
2025-09-08 06:15:34,431 - 1495890 - piper.organizer - ERROR - []
2025-09-08 06:15:34,432 - 1495890 - piper.organizer - ERROR - []
2025-09-08 06:15:34,432 - 1495890 - piper.organizer - ERROR - []
2025-09-08 06:15:34,433 - 1495890 - piper.organizer - ERROR - []
2025-09-08 06:15:34,433 - 1495890 - piper.organizer - ERROR - []
2025-09-08 06:15:34,433 - 1495890 - piper.organizer - ERROR - []
2025-09-08 06:15:34,437 - 1495890 - piper.organizer - ERROR - []
2025-09-08 06:15:34,438 - 1495890 - piper.organizer - ERROR - []
2025-09-08 06:15:34,438 - 1495890 - piper.organizer - ERROR - []
2025-09-08 06:15:34,438 - 1495890 - piper.organizer - ERROR - []
2025-09-08 06:15:34,439 - 1495890 - piper.organizer - ERROR - []
2025-09-08 06:15:34,439 - 1495890 - piper.organizer - ERROR - []
2025-09-08 06:15:34,440 - 1495890 - piper.organizer - ERROR - []
2025-09-08 06:15:34,440 - 1495890 - piper.organizer - ERROR - []
2025-09-08 06:15:34,441 - 1495890 - piper.organizer - ERROR - []
2025-09-08 06:15:34,442 - 1495890 - piper.organizer - ERROR - []
2025-09-08 06:15:34,442 - 1495890 - piper.organizer - ERROR - []
2025-09-08 06:15:34,444 - 1495890 - piper.organizer - ERROR - []
2025-09-08 06:15:34,444 - 1495890 - piper.organizer - ERROR - []
2025-09-08 06:15:34,445 - 1495890 - piper.organizer - ERROR - []
2025-09-08 06:15:34,445 - 1495890 - piper.organizer - ERROR - []
2025-09-08 06:15:34,445 - 1495890 - piper.organizer - ERROR - []
2025-09-08 06:15:34,446 - 1495890 - piper.organizer - ERROR - []
2025-09-08 06:15:34,447 - 1495890 - piper.organizer - ERROR - []
2025-09-08 06:15:34,447 - 1495890 - piper.organizer - ERROR - []
2025-09-08 06:15:34,447 - 1495890 - piper.organizer - ERROR - []
2025-09-08 06:15:34,448 - 1495890 - piper.organizer - ERROR - []
2025-09-08 06:15:34,448 - 1495890 - piper.organizer - ERROR - []
2025-09-08 06:15:34,449 - 1495890 - piper.organizer - ERROR - []
2025-09-08 06:15:34,451 - 1495890 - piper.organizer - ERROR - []
2025-09-08 06:15:34,451 - 1495890 - piper.organizer - ERROR - []
2025-09-08 06:15:34,451 - 1495890 - piper.organizer - ERROR - []
2025-09-08 06:15:34,453 - 1495890 - piper.organizer - ERROR - []
2025-09-08 06:15:34,453 - 1495890 - piper.organizer - ERROR - []
2025-09-08 06:15:34,454 - 1495890 - piper.organizer - ERROR - []
2025-09-08 06:15:34,454 - 1495890 - piper.organizer - ERROR - []
2025-09-08 06:15:34,454 - 1495890 - piper.organizer - ERROR - []
2025-09-08 06:15:34,454 - 1495890 - piper.organizer - ERROR - []
2025-09-08 06:15:34,456 - 1495890 - piper.organizer - ERROR - []
2025-09-08 06:15:34,456 - 1495890 - piper.organizer - ERROR - []
2025-09-08 06:15:34,457 - 1495890 - piper.organizer - ERROR - []
2025-09-08 06:15:34,457 - 1495890 - piper.organizer - ERROR - []
2025-09-08 06:15:34,457 - 1495890 - piper.organizer - ERROR - []
2025-09-08 06:15:34,457 - 1495890 - piper.organizer - ERROR - []
2025-09-08 06:15:34,457 - 1495890 - piper.organizer - ERROR - []
2025-09-08 06:15:34,458 - 1495890 - piper.organizer - ERROR - []
2025-09-08 06:15:34,458 - 1495890 - piper.organizer - ERROR - []
2025-09-08 06:15:34,458 - 1495890 - piper.organizer - ERROR - []
2025-09-08 06:15:34,458 - 1495890 - piper.organizer - ERROR - []
2025-09-08 06:15:34,466 - 1495890 - piper.organizer - ERROR - []
2025-09-08 06:15:34,469 - 1495890 - piper.organizer - ERROR - []
2025-09-08 06:15:34,471 - 1495890 - piper.organizer - ERROR - []
2025-09-08 06:15:34,471 - 1495890 - piper.organizer - ERROR - []
2025-09-08 06:15:34,472 - 1495890 - piper.organizer - ERROR - []
2025-09-08 06:15:34,474 - 1495890 - piper.organizer - ERROR - []
2025-09-08 06:15:34,474 - 1495890 - piper.organizer - ERROR - []
2025-09-08 06:15:34,482 - 1495890 - piper.organizer - ERROR - []
2025-09-08 06:15:34,483 - 1495890 - piper.organizer - ERROR - []
2025-09-08 06:15:34,483 - 1495890 - piper.organizer - ERROR - []
2025-09-08 06:15:34,483 - 1495890 - piper.organizer - ERROR - []
2025-09-08 06:15:34,484 - 1495890 - piper.organizer - ERROR - []
2025-09-08 06:15:34,484 - 1495890 - piper.organizer - ERROR - []
2025-09-08 06:15:34,493 - 1495890 - piper.organizer - ERROR - []
2025-09-08 06:15:34,493 - 1495890 - piper.organizer - ERROR - []
2025-09-08 06:15:34,493 - 1495890 - piper.organizer - ERROR - []
2025-09-08 06:15:34,500 - 1495890 - piper.organizer - ERROR - []
2025-09-08 06:15:34,500 - 1495890 - piper.organizer - ERROR - []
2025-09-08 06:15:34,501 - 1495890 - piper.organizer - ERROR - []
2025-09-08 06:15:34,501 - 1495890 - piper.organizer - ERROR - []
2025-09-08 06:15:34,501 - 1495890 - piper.organizer - ERROR - []
2025-09-08 06:15:34,502 - 1495890 - piper.organizer - ERROR - []
2025-09-08 06:15:34,503 - 1495890 - piper.organizer - ERROR - []
2025-09-08 06:15:34,503 - 1495890 - piper.organizer - ERROR - []
2025-09-08 06:15:34,503 - 1495890 - piper.organizer - ERROR - []
2025-09-08 06:15:34,504 - 1495890 - piper.organizer - ERROR - []
2025-09-08 06:15:34,504 - 1495890 - piper.organizer - ERROR - []
2025-09-08 06:15:34,504 - 1495890 - piper.organizer - ERROR - []
2025-09-08 06:15:34,505 - 1495890 - piper.organizer - ERROR - []
2025-09-08 06:15:34,506 - 1495890 - piper.organizer - ERROR - []
2025-09-08 06:15:34,506 - 1495890 - piper.organizer - ERROR - []
2025-09-08 06:15:34,506 - 1495890 - piper.organizer - ERROR - []
2025-09-08 06:15:34,508 - 1495890 - piper.organizer - ERROR - []
2025-09-08 06:15:34,508 - 1495890 - piper.organizer - ERROR - []
2025-09-08 06:15:34,508 - 1495890 - piper.organizer - ERROR - []
2025-09-08 06:15:34,509 - 1495890 - piper.organizer - ERROR - []
2025-09-08 06:15:34,509 - 1495890 - piper.organizer - ERROR - []
2025-09-08 06:15:34,509 - 1495890 - piper.organizer - ERROR - []
2025-09-08 06:15:34,510 - 1495890 - piper.organizer - ERROR - []
2025-09-08 06:15:34,510 - 1495890 - piper.organizer - ERROR - []
2025-09-08 06:15:34,511 - 1495890 - piper.organizer - ERROR - []
2025-09-08 06:15:34,511 - 1495890 - piper.organizer - ERROR - []
2025-09-08 06:15:34,511 - 1495890 - piper.organizer - ERROR - []
2025-09-08 06:15:34,512 - 1495890 - piper.organizer - ERROR - []
2025-09-08 06:15:34,512 - 1495890 - piper.organizer - ERROR - []
2025-09-08 06:15:34,512 - 1495890 - piper.organizer - ERROR - []
2025-09-08 06:15:34,512 - 1495890 - piper.organizer - ERROR - []
2025-09-08 06:15:34,513 - 1495890 - piper.organizer - ERROR - []
2025-09-08 06:15:34,513 - 1495890 - piper.organizer - ERROR - []
2025-09-08 06:15:34,514 - 1495890 - piper.organizer - ERROR - []
2025-09-08 06:15:34,514 - 1495890 - piper.organizer - ERROR - []
2025-09-08 06:15:34,514 - 1495890 - piper.organizer - ERROR - []
2025-09-08 06:15:34,515 - 1495890 - piper.organizer - ERROR - []
2025-09-08 06:15:34,515 - 1495890 - piper.organizer - ERROR - []
2025-09-08 06:15:34,515 - 1495890 - piper.organizer - ERROR - []
2025-09-08 06:15:34,515 - 1495890 - piper.organizer - ERROR - []
2025-09-08 06:15:34,516 - 1495890 - piper.organizer - ERROR - []
2025-09-08 06:15:34,517 - 1495890 - piper.organizer - ERROR - []
2025-09-08 06:15:34,517 - 1495890 - piper.organizer - ERROR - []
2025-09-08 06:15:34,517 - 1495890 - piper.organizer - ERROR - []
2025-09-08 06:15:34,518 - 1495890 - piper.organizer - ERROR - []
2025-09-08 06:15:34,518 - 1495890 - piper.organizer - ERROR - []
2025-09-08 06:15:34,519 - 1495890 - piper.organizer - ERROR - []
2025-09-08 06:15:34,519 - 1495890 - piper.organizer - ERROR - []
2025-09-08 06:15:34,519 - 1495890 - piper.organizer - ERROR - []
2025-09-08 06:15:34,520 - 1495890 - piper.organizer - ERROR - []
2025-09-08 06:15:34,520 - 1495890 - piper.organizer - ERROR - []
2025-09-08 06:15:34,520 - 1495890 - piper.organizer - ERROR - []
2025-09-08 06:15:34,520 - 1495890 - piper.organizer - ERROR - []
2025-09-08 06:15:34,521 - 1495890 - piper.organizer - ERROR - []
2025-09-08 06:15:34,521 - 1495890 - piper.organizer - ERROR - []
2025-09-08 06:15:34,523 - 1495890 - piper.organizer - ERROR - []
2025-09-08 06:15:34,523 - 1495890 - piper.organizer - ERROR - []
2025-09-08 06:15:34,523 - 1495890 - piper.organizer - ERROR - []
2025-09-08 06:15:34,523 - 1495890 - piper.organizer - ERROR - []
2025-09-08 06:15:34,523 - 1495890 - piper.organizer - ERROR - []
2025-09-08 06:15:34,524 - 1495890 - piper.organizer - ERROR - []
2025-09-08 06:15:34,524 - 1495890 - piper.organizer - ERROR - []
2025-09-08 06:15:34,525 - 1495890 - piper.organizer - ERROR - []
2025-09-08 06:15:34,525 - 1495890 - piper.organizer - ERROR - []
2025-09-08 06:15:34,525 - 1495890 - piper.organizer - ERROR - []
2025-09-08 06:15:34,526 - 1495890 - piper.organizer - ERROR - []
2025-09-08 06:15:34,526 - 1495890 - piper.organizer - ERROR - []
2025-09-08 06:15:34,526 - 1495890 - piper.organizer - ERROR - []
2025-09-08 06:15:34,526 - 1495890 - piper.organizer - ERROR - []
2025-09-08 06:15:34,526 - 1495890 - piper.organizer - ERROR - []
2025-09-08 06:15:34,527 - 1495890 - piper.organizer - ERROR - []
2025-09-08 06:15:34,527 - 1495890 - piper.organizer - ERROR - []
2025-09-08 06:15:34,528 - 1495890 - piper.organizer - ERROR - []
2025-09-08 06:15:34,528 - 1495890 - piper.organizer - ERROR - []
2025-09-08 06:15:34,528 - 1495890 - piper.organizer - ERROR - []
2025-09-08 06:15:34,528 - 1495890 - piper.organizer - ERROR - []
2025-09-08 06:15:34,530 - 1495890 - piper.organizer - ERROR - []
2025-09-08 06:15:34,530 - 1495890 - piper.organizer - ERROR - []
2025-09-08 06:15:34,530 - 1495890 - piper.organizer - ERROR - []
2025-09-08 06:15:34,532 - 1495890 - piper.organizer - ERROR - []
2025-09-08 06:15:34,532 - 1495890 - piper.organizer - ERROR - []
2025-09-08 06:15:34,532 - 1495890 - piper.organizer - ERROR - []
2025-09-08 06:15:34,532 - 1495890 - piper.organizer - ERROR - []
2025-09-08 06:15:34,533 - 1495890 - piper.organizer - ERROR - []
2025-09-08 06:15:34,535 - 1495890 - piper.organizer - ERROR - []
2025-09-08 06:15:34,535 - 1495890 - piper.organizer - ERROR - []
2025-09-08 06:15:34,537 - 1495890 - piper.organizer - ERROR - []
2025-09-08 06:15:34,537 - 1495890 - piper.organizer - ERROR - []
2025-09-08 06:15:34,537 - 1495890 - piper.organizer - ERROR - []
2025-09-08 06:15:34,538 - 1495890 - piper.organizer - ERROR - []
2025-09-08 06:15:34,538 - 1495890 - piper.organizer - ERROR - []
2025-09-08 06:15:34,538 - 1495890 - piper.organizer - ERROR - []
2025-09-08 06:15:34,538 - 1495890 - piper.organizer - ERROR - []
2025-09-08 06:15:34,540 - 1495890 - piper.organizer - ERROR - []
2025-09-08 06:15:34,540 - 1495890 - piper.organizer - ERROR - []
2025-09-08 06:15:34,540 - 1495890 - piper.organizer - ERROR - []
2025-09-08 06:15:34,540 - 1495890 - piper.organizer - ERROR - []
2025-09-08 06:15:34,540 - 1495890 - piper.organizer - ERROR - []
2025-09-08 06:15:34,542 - 1495890 - piper.organizer - ERROR - []
2025-09-08 06:15:34,542 - 1495890 - piper.organizer - ERROR - []
2025-09-08 06:15:34,543 - 1495890 - piper.organizer - ERROR - []
2025-09-08 06:15:34,543 - 1495890 - piper.organizer - ERROR - []
2025-09-08 06:15:34,544 - 1495890 - piper.organizer - ERROR - []
2025-09-08 06:15:34,544 - 1495890 - piper.organizer - ERROR - []
2025-09-08 06:15:34,545 - 1495890 - piper.organizer - ERROR - []
2025-09-08 06:15:34,545 - 1495890 - piper.organizer - ERROR - []
2025-09-08 06:15:34,545 - 1495890 - piper.organizer - ERROR - []
2025-09-08 06:15:34,545 - 1495890 - piper.organizer - ERROR - []
2025-09-08 06:15:34,546 - 1495890 - piper.organizer - ERROR - []
2025-09-08 06:15:34,546 - 1495890 - piper.organizer - ERROR - []
2025-09-08 06:15:34,546 - 1495890 - piper.organizer - ERROR - []
2025-09-08 06:15:34,547 - 1495890 - piper.organizer - ERROR - []
2025-09-08 06:15:34,547 - 1495890 - piper.organizer - ERROR - []
2025-09-08 06:15:34,547 - 1495890 - piper.organizer - ERROR - []
2025-09-08 06:15:34,547 - 1495890 - piper.organizer - ERROR - []
2025-09-08 06:15:34,548 - 1495890 - piper.organizer - ERROR - []
2025-09-08 06:15:34,548 - 1495890 - piper.organizer - ERROR - []
2025-09-08 06:15:34,548 - 1495890 - piper.organizer - ERROR - []
2025-09-08 06:15:34,550 - 1495890 - piper.organizer - ERROR - []
2025-09-08 06:15:34,550 - 1495890 - piper.organizer - ERROR - []
2025-09-08 06:15:34,550 - 1495890 - piper.organizer - ERROR - []
2025-09-08 06:15:34,550 - 1495890 - piper.organizer - ERROR - []
2025-09-08 06:15:34,550 - 1495890 - piper.organizer - ERROR - []
2025-09-08 06:15:34,550 - 1495890 - piper.organizer - ERROR - []
2025-09-08 06:15:34,550 - 1495890 - piper.organizer - ERROR - []
2025-09-08 06:15:34,553 - 1495890 - piper.organizer - ERROR - []
2025-09-08 06:15:34,553 - 1495890 - piper.organizer - ERROR - []
2025-09-08 06:15:34,553 - 1495890 - piper.organizer - ERROR - []
2025-09-08 06:15:34,554 - 1495890 - piper.organizer - ERROR - []
2025-09-08 06:15:34,554 - 1495890 - piper.organizer - ERROR - []
2025-09-08 06:15:34,555 - 1495890 - piper.organizer - ERROR - []
2025-09-08 06:15:34,555 - 1495890 - piper.organizer - ERROR - []
2025-09-08 06:15:34,558 - 1495890 - piper.organizer - ERROR - []
2025-09-08 06:15:34,559 - 1495890 - piper.organizer - ERROR - []
2025-09-08 06:15:34,559 - 1495890 - piper.organizer - ERROR - []
2025-09-08 06:15:34,559 - 1495890 - piper.organizer - ERROR - []
2025-09-08 06:15:34,560 - 1495890 - piper.organizer - ERROR - []
2025-09-08 06:15:34,560 - 1495890 - piper.organizer - ERROR - []
2025-09-08 06:15:34,561 - 1495890 - piper.organizer - ERROR - []
2025-09-08 06:15:34,561 - 1495890 - piper.organizer - ERROR - []
2025-09-08 06:15:34,562 - 1495890 - piper.organizer - ERROR - []
2025-09-08 06:15:34,562 - 1495890 - piper.organizer - ERROR - []
2025-09-08 06:15:34,563 - 1495890 - piper.organizer - ERROR - []
2025-09-08 06:15:34,563 - 1495890 - piper.organizer - ERROR - []
2025-09-08 06:15:34,563 - 1495890 - piper.organizer - ERROR - []
2025-09-08 06:15:34,564 - 1495890 - piper.organizer - ERROR - []
2025-09-08 06:15:34,564 - 1495890 - piper.organizer - ERROR - []
2025-09-08 06:15:34,565 - 1495890 - piper.organizer - ERROR - []
2025-09-08 06:15:34,565 - 1495890 - piper.organizer - ERROR - []
2025-09-08 06:15:34,565 - 1495890 - piper.organizer - ERROR - []
2025-09-08 06:15:34,566 - 1495890 - piper.organizer - ERROR - []
2025-09-08 06:15:34,566 - 1495890 - piper.organizer - ERROR - []
2025-09-08 06:15:34,566 - 1495890 - piper.organizer - ERROR - []
2025-09-08 06:15:34,567 - 1495890 - piper.organizer - ERROR - []
2025-09-08 06:15:34,568 - 1495890 - piper.organizer - ERROR - []
2025-09-08 06:15:34,568 - 1495890 - piper.organizer - ERROR - []
2025-09-08 06:15:34,568 - 1495890 - piper.organizer - ERROR - []
2025-09-08 06:15:34,569 - 1495890 - piper.organizer - ERROR - []
2025-09-08 06:15:34,569 - 1495890 - piper.organizer - ERROR - []
2025-09-08 06:15:34,570 - 1495890 - piper.organizer - ERROR - []
2025-09-08 06:15:34,570 - 1495890 - piper.organizer - ERROR - []
2025-09-08 06:15:34,571 - 1495890 - piper.organizer - ERROR - []
2025-09-08 06:15:34,572 - 1495890 - piper.organizer - ERROR - []
2025-09-08 06:15:34,572 - 1495890 - piper.organizer - ERROR - []
2025-09-08 06:15:34,573 - 1495890 - piper.organizer - ERROR - []
2025-09-08 06:15:34,574 - 1495890 - piper.organizer - ERROR - []
2025-09-08 06:15:34,574 - 1495890 - piper.organizer - ERROR - []
2025-09-08 06:15:34,574 - 1495890 - piper.organizer - ERROR - []
2025-09-08 06:15:34,576 - 1495890 - piper.organizer - ERROR - []
2025-09-08 06:15:34,576 - 1495890 - piper.organizer - ERROR - []
2025-09-08 06:15:34,576 - 1495890 - piper.organizer - ERROR - []
2025-09-08 06:15:34,577 - 1495890 - piper.organizer - ERROR - []
2025-09-08 06:15:34,577 - 1495890 - piper.organizer - ERROR - []
2025-09-08 06:15:34,577 - 1495890 - piper.organizer - ERROR - []
2025-09-08 06:15:34,577 - 1495890 - piper.organizer - ERROR - []
2025-09-08 06:15:34,578 - 1495890 - piper.organizer - ERROR - []
2025-09-08 06:15:34,580 - 1495890 - piper.organizer - ERROR - []
2025-09-08 06:15:34,580 - 1495890 - piper.organizer - ERROR - []
2025-09-08 06:15:34,581 - 1495890 - piper.organizer - ERROR - []
2025-09-08 06:15:34,581 - 1495890 - piper.organizer - ERROR - []
2025-09-08 06:15:34,582 - 1495890 - piper.organizer - ERROR - []
2025-09-08 06:15:34,582 - 1495890 - piper.organizer - ERROR - []
2025-09-08 06:15:34,583 - 1495890 - piper.organizer - ERROR - []
2025-09-08 06:15:34,583 - 1495890 - piper.organizer - ERROR - []
2025-09-08 06:15:34,584 - 1495890 - piper.organizer - ERROR - []
2025-09-08 06:15:34,584 - 1495890 - piper.organizer - ERROR - []
2025-09-08 06:15:34,585 - 1495890 - piper.organizer - ERROR - []
2025-09-08 06:15:34,585 - 1495890 - piper.organizer - ERROR - []
2025-09-08 06:15:34,585 - 1495890 - piper.organizer - ERROR - []
2025-09-08 06:15:34,586 - 1495890 - piper.organizer - ERROR - []
2025-09-08 06:15:34,586 - 1495890 - piper.organizer - ERROR - []
2025-09-08 06:15:34,586 - 1495890 - piper.organizer - ERROR - []
2025-09-08 06:15:34,587 - 1495890 - piper.organizer - ERROR - []
2025-09-08 06:15:34,587 - 1495890 - piper.organizer - ERROR - []
2025-09-08 06:15:34,587 - 1495890 - piper.organizer - ERROR - []
2025-09-08 06:15:34,589 - 1495890 - piper.organizer - ERROR - []
2025-09-08 06:15:34,589 - 1495890 - piper.organizer - ERROR - []
2025-09-08 06:15:34,590 - 1495890 - piper.organizer - ERROR - []
2025-09-08 06:15:34,590 - 1495890 - piper.organizer - ERROR - []
2025-09-08 06:15:34,591 - 1495890 - piper.organizer - ERROR - []
2025-09-08 06:15:34,591 - 1495890 - piper.organizer - ERROR - []
2025-09-08 06:15:34,591 - 1495890 - piper.organizer - ERROR - []
2025-09-08 06:15:34,591 - 1495890 - piper.organizer - ERROR - []
2025-09-08 06:15:34,593 - 1495890 - piper.organizer - ERROR - []
2025-09-08 06:15:34,593 - 1495890 - piper.organizer - ERROR - []
2025-09-08 06:15:34,594 - 1495890 - piper.organizer - ERROR - []
2025-09-08 06:15:34,594 - 1495890 - piper.organizer - ERROR - []
2025-09-08 06:15:34,595 - 1495890 - piper.organizer - ERROR - []
2025-09-08 06:15:34,595 - 1495890 - piper.organizer - ERROR - []
2025-09-08 06:15:34,595 - 1495890 - piper.organizer - ERROR - []
2025-09-08 06:15:34,595 - 1495890 - piper.organizer - ERROR - []
2025-09-08 06:15:34,597 - 1495890 - piper.organizer - ERROR - []
2025-09-08 06:15:34,598 - 1495890 - piper.organizer - ERROR - []
2025-09-08 06:15:34,598 - 1495890 - piper.organizer - ERROR - []
2025-09-08 06:15:34,598 - 1495890 - piper.organizer - ERROR - []
2025-09-08 06:15:34,599 - 1495890 - piper.organizer - ERROR - []
2025-09-08 06:15:34,600 - 1495890 - piper.organizer - ERROR - []
2025-09-08 06:15:34,600 - 1495890 - piper.organizer - ERROR - []
2025-09-08 06:15:34,600 - 1495890 - piper.organizer - ERROR - []
2025-09-08 06:15:34,604 - 1495890 - piper.organizer - ERROR - []
2025-09-08 06:15:34,604 - 1495890 - piper.organizer - ERROR - []
2025-09-08 06:15:34,604 - 1495890 - piper.organizer - ERROR - []
2025-09-08 06:15:34,604 - 1495890 - piper.organizer - ERROR - []
2025-09-08 06:15:34,605 - 1495890 - piper.organizer - ERROR - []
2025-09-08 06:15:34,605 - 1495890 - piper.organizer - ERROR - []
2025-09-08 06:15:34,606 - 1495890 - piper.organizer - ERROR - []
2025-09-08 06:15:34,606 - 1495890 - piper.organizer - ERROR - []
2025-09-08 06:15:34,607 - 1495890 - piper.organizer - ERROR - []
2025-09-08 06:15:34,607 - 1495890 - piper.organizer - ERROR - []
2025-09-08 06:15:34,607 - 1495890 - piper.organizer - ERROR - []
2025-09-08 06:15:34,608 - 1495890 - piper.organizer - ERROR - []
2025-09-08 06:15:34,608 - 1495890 - piper.organizer - ERROR - []
2025-09-08 06:15:34,609 - 1495890 - piper.organizer - ERROR - []
2025-09-08 06:15:34,609 - 1495890 - piper.organizer - ERROR - []
2025-09-08 06:15:34,610 - 1495890 - piper.organizer - ERROR - []
2025-09-08 06:15:34,610 - 1495890 - piper.organizer - ERROR - []
2025-09-08 06:15:34,611 - 1495890 - piper.organizer - ERROR - []
2025-09-08 06:15:34,611 - 1495890 - piper.organizer - ERROR - []
2025-09-08 06:15:34,611 - 1495890 - piper.organizer - ERROR - []
2025-09-08 06:15:34,616 - 1495890 - piper.organizer - ERROR - []
2025-09-08 06:15:34,617 - 1495890 - piper.organizer - ERROR - []
2025-09-08 06:15:34,617 - 1495890 - piper.organizer - ERROR - []
2025-09-08 06:15:34,617 - 1495890 - piper.organizer - ERROR - []
2025-09-08 06:15:34,618 - 1495890 - piper.organizer - ERROR - []
2025-09-08 06:15:34,619 - 1495890 - piper.organizer - ERROR - []
2025-09-08 06:15:34,619 - 1495890 - piper.organizer - ERROR - []
2025-09-08 06:15:34,619 - 1495890 - piper.organizer - ERROR - []
2025-09-08 06:15:34,620 - 1495890 - piper.organizer - ERROR - []
2025-09-08 06:15:34,620 - 1495890 - piper.organizer - ERROR - []
2025-09-08 06:15:34,621 - 1495890 - piper.organizer - ERROR - []
2025-09-08 06:15:34,622 - 1495890 - piper.organizer - ERROR - []
2025-09-08 06:15:34,623 - 1495890 - piper.organizer - ERROR - []
2025-09-08 06:15:34,623 - 1495890 - piper.organizer - ERROR - []
2025-09-08 06:15:34,624 - 1495890 - piper.organizer - ERROR - []
2025-09-08 06:15:34,624 - 1495890 - piper.organizer - ERROR - []
2025-09-08 06:15:34,625 - 1495890 - piper.organizer - ERROR - []
2025-09-08 06:15:34,625 - 1495890 - piper.organizer - ERROR - []
2025-09-08 06:15:34,626 - 1495890 - piper.organizer - ERROR - []
2025-09-08 06:15:34,626 - 1495890 - piper.organizer - ERROR - []
2025-09-08 06:15:34,626 - 1495890 - piper.organizer - ERROR - []
2025-09-08 06:15:34,627 - 1495890 - piper.organizer - ERROR - []
2025-09-08 06:15:34,627 - 1495890 - piper.organizer - ERROR - []
2025-09-08 06:15:34,627 - 1495890 - piper.organizer - ERROR - []
2025-09-08 06:15:34,628 - 1495890 - piper.organizer - ERROR - []
2025-09-08 06:15:34,628 - 1495890 - piper.organizer - ERROR - []
2025-09-08 06:15:34,629 - 1495890 - piper.organizer - ERROR - []
2025-09-08 06:15:34,630 - 1495890 - piper.organizer - ERROR - []
2025-09-08 06:15:34,630 - 1495890 - piper.organizer - ERROR - []
2025-09-08 06:15:34,630 - 1495890 - piper.organizer - ERROR - []
2025-09-08 06:15:34,631 - 1495890 - piper.organizer - ERROR - []
2025-09-08 06:15:34,631 - 1495890 - piper.organizer - ERROR - []
2025-09-08 06:15:34,633 - 1495890 - piper.organizer - ERROR - []
2025-09-08 06:15:34,633 - 1495890 - piper.organizer - ERROR - []
2025-09-08 06:15:34,633 - 1495890 - piper.organizer - ERROR - []
2025-09-08 06:15:34,634 - 1495890 - piper.organizer - ERROR - []
2025-09-08 06:15:34,635 - 1495890 - piper.organizer - ERROR - []
2025-09-08 06:15:34,635 - 1495890 - piper.organizer - ERROR - []
2025-09-08 06:15:34,635 - 1495890 - piper.organizer - ERROR - []
2025-09-08 06:15:34,635 - 1495890 - piper.organizer - ERROR - []
2025-09-08 06:15:34,635 - 1495890 - piper.organizer - ERROR - []
2025-09-08 06:15:34,635 - 1495890 - piper.organizer - ERROR - []
2025-09-08 06:15:34,636 - 1495890 - piper.organizer - ERROR - []
2025-09-08 06:15:34,636 - 1495890 - piper.organizer - ERROR - []
2025-09-08 06:15:34,637 - 1495890 - piper.organizer - ERROR - []
2025-09-08 06:15:34,637 - 1495890 - piper.organizer - ERROR - []
2025-09-08 06:15:34,637 - 1495890 - piper.organizer - ERROR - []
2025-09-08 06:15:34,637 - 1495890 - piper.organizer - ERROR - []
2025-09-08 06:15:34,637 - 1495890 - piper.organizer - ERROR - []
2025-09-08 06:15:34,638 - 1495890 - piper.organizer - ERROR - []
2025-09-08 06:15:34,638 - 1495890 - piper.organizer - ERROR - []
2025-09-08 06:15:34,638 - 1495890 - piper.organizer - ERROR - []
2025-09-08 06:15:34,638 - 1495890 - piper.organizer - ERROR - []
2025-09-08 06:15:34,639 - 1495890 - piper.organizer - ERROR - []
2025-09-08 06:15:34,639 - 1495890 - piper.organizer - ERROR - []
2025-09-08 06:15:34,639 - 1495890 - piper.organizer - ERROR - []
2025-09-08 06:15:34,639 - 1495890 - piper.organizer - ERROR - []
2025-09-08 06:15:34,639 - 1495890 - piper.organizer - ERROR - []
2025-09-08 06:15:34,640 - 1495890 - piper.organizer - ERROR - []
2025-09-08 06:15:34,640 - 1495890 - piper.organizer - ERROR - Traversal encounters a non-existing file at /home/user/uber-one/data_piper_core_pipelines/core/advanced_matching/core/advanced_matching/tests
2025-09-08 06:15:34,641 - 1495890 - piper.organizer - ERROR - []
2025-09-08 06:15:34,641 - 1495890 - piper.organizer - ERROR - []
2025-09-08 06:15:34,641 - 1495890 - piper.organizer - ERROR - []
2025-09-08 06:15:34,642 - 1495890 - piper.organizer - ERROR - []
2025-09-08 06:15:34,642 - 1495890 - piper.organizer - ERROR - []
2025-09-08 06:15:34,642 - 1495890 - piper.organizer - ERROR - []
2025-09-08 06:15:34,642 - 1495890 - piper.organizer - ERROR - []
2025-09-08 06:15:34,643 - 1495890 - piper.organizer - ERROR - []
2025-09-08 06:15:34,643 - 1495890 - piper.organizer - ERROR - []
2025-09-08 06:15:34,643 - 1495890 - piper.organizer - ERROR - []
2025-09-08 06:15:34,644 - 1495890 - piper.organizer - ERROR - []
2025-09-08 06:15:34,659 - 1495890 - piper.organizer - ERROR - []
2025-09-08 06:15:34,660 - 1495890 - piper.organizer - ERROR - []
2025-09-08 06:15:34,660 - 1495890 - piper.organizer - ERROR - []
2025-09-08 06:15:34,660 - 1495890 - piper.organizer - ERROR - []
2025-09-08 06:15:34,661 - 1495890 - piper.organizer - ERROR - []
2025-09-08 06:15:34,665 - 1495890 - piper.organizer - ERROR - []
2025-09-08 06:15:34,665 - 1495890 - piper.organizer - ERROR - []
2025-09-08 06:15:34,666 - 1495890 - piper.organizer - ERROR - []
2025-09-08 06:15:34,666 - 1495890 - piper.organizer - ERROR - []
2025-09-08 06:15:34,666 - 1495890 - piper.organizer - ERROR - []
2025-09-08 06:15:34,667 - 1495890 - piper.organizer - ERROR - []
2025-09-08 06:15:34,667 - 1495890 - piper.organizer - ERROR - []
2025-09-08 06:15:34,668 - 1495890 - piper.organizer - ERROR - []
2025-09-08 06:15:34,668 - 1495890 - piper.organizer - ERROR - []
2025-09-08 06:15:34,668 - 1495890 - piper.organizer - ERROR - []
2025-09-08 06:15:34,668 - 1495890 - piper.organizer - ERROR - []
2025-09-08 06:15:34,668 - 1495890 - piper.organizer - ERROR - []
2025-09-08 06:15:34,669 - 1495890 - piper.organizer - ERROR - []
2025-09-08 06:15:34,669 - 1495890 - piper.organizer - ERROR - []
2025-09-08 06:15:34,669 - 1495890 - piper.organizer - ERROR - []
2025-09-08 06:15:34,671 - 1495890 - piper.organizer - ERROR - []
2025-09-08 06:15:34,671 - 1495890 - piper.organizer - ERROR - []
2025-09-08 06:15:34,671 - 1495890 - piper.organizer - ERROR - []
2025-09-08 06:15:34,671 - 1495890 - piper.organizer - ERROR - []
2025-09-08 06:15:34,671 - 1495890 - piper.organizer - ERROR - []
2025-09-08 06:15:34,671 - 1495890 - piper.organizer - ERROR - []
2025-09-08 06:15:34,672 - 1495890 - piper.organizer - ERROR - []
2025-09-08 06:15:34,672 - 1495890 - piper.organizer - ERROR - []
2025-09-08 06:15:34,672 - 1495890 - piper.organizer - ERROR - []
2025-09-08 06:15:34,672 - 1495890 - piper.organizer - ERROR - []
2025-09-08 06:15:34,673 - 1495890 - piper.organizer - ERROR - []
2025-09-08 06:15:34,674 - 1495890 - piper.organizer - ERROR - []
2025-09-08 06:15:34,674 - 1495890 - piper.organizer - ERROR - []
2025-09-08 06:15:34,675 - 1495890 - piper.organizer - ERROR - []
2025-09-08 06:15:34,675 - 1495890 - piper.organizer - ERROR - []
2025-09-08 06:15:34,675 - 1495890 - piper.organizer - ERROR - []
2025-09-08 06:15:34,675 - 1495890 - piper.organizer - ERROR - []
2025-09-08 06:15:34,676 - 1495890 - piper.organizer - ERROR - []
2025-09-08 06:15:34,676 - 1495890 - piper.organizer - ERROR - []
2025-09-08 06:15:34,676 - 1495890 - piper.organizer - ERROR - []
2025-09-08 06:15:34,677 - 1495890 - piper.organizer - ERROR - []
2025-09-08 06:15:34,677 - 1495890 - piper.organizer - ERROR - []
2025-09-08 06:15:34,677 - 1495890 - piper.organizer - ERROR - []
2025-09-08 06:15:34,677 - 1495890 - piper.organizer - ERROR - []
2025-09-08 06:15:34,677 - 1495890 - piper.organizer - ERROR - []
2025-09-08 06:15:34,677 - 1495890 - piper.organizer - ERROR - []
2025-09-08 06:15:34,678 - 1495890 - piper.organizer - ERROR - []
2025-09-08 06:15:34,678 - 1495890 - piper.organizer - ERROR - []
2025-09-08 06:15:34,678 - 1495890 - piper.organizer - ERROR - []
2025-09-08 06:15:34,678 - 1495890 - piper.organizer - ERROR - []
2025-09-08 06:15:34,679 - 1495890 - piper.organizer - ERROR - []
2025-09-08 06:15:34,679 - 1495890 - piper.organizer - ERROR - []
2025-09-08 06:15:34,680 - 1495890 - piper.organizer - ERROR - []
2025-09-08 06:15:34,680 - 1495890 - piper.organizer - ERROR - []
2025-09-08 06:15:34,681 - 1495890 - piper.organizer - ERROR - []
2025-09-08 06:15:34,681 - 1495890 - piper.organizer - ERROR - []
2025-09-08 06:15:34,681 - 1495890 - piper.organizer - ERROR - []
2025-09-08 06:15:34,682 - 1495890 - piper.organizer - ERROR - []
2025-09-08 06:15:34,682 - 1495890 - piper.organizer - ERROR - []
2025-09-08 06:15:34,682 - 1495890 - piper.organizer - ERROR - []
2025-09-08 06:15:34,682 - 1495890 - piper.organizer - ERROR - []
2025-09-08 06:15:34,683 - 1495890 - piper.organizer - ERROR - []
2025-09-08 06:15:34,684 - 1495890 - piper.organizer - ERROR - []
2025-09-08 06:15:34,684 - 1495890 - piper.organizer - ERROR - []
2025-09-08 06:15:34,685 - 1495890 - piper.organizer - ERROR - []
2025-09-08 06:15:34,685 - 1495890 - piper.organizer - ERROR - []
2025-09-08 06:15:34,685 - 1495890 - piper.organizer - ERROR - []
2025-09-08 06:15:34,686 - 1495890 - piper.organizer - ERROR - []
2025-09-08 06:15:34,686 - 1495890 - piper.organizer - ERROR - []
2025-09-08 06:15:34,687 - 1495890 - piper.organizer - ERROR - []
2025-09-08 06:15:34,687 - 1495890 - piper.organizer - ERROR - []
2025-09-08 06:15:34,688 - 1495890 - piper.organizer - ERROR - []
2025-09-08 06:15:34,688 - 1495890 - piper.organizer - ERROR - []
2025-09-08 06:15:34,688 - 1495890 - piper.organizer - ERROR - []
2025-09-08 06:15:34,688 - 1495890 - piper.organizer - ERROR - []
2025-09-08 06:15:34,688 - 1495890 - piper.organizer - ERROR - []
2025-09-08 06:15:34,689 - 1495890 - piper.organizer - ERROR - []
2025-09-08 06:15:34,689 - 1495890 - piper.organizer - ERROR - []
2025-09-08 06:15:34,694 - 1495890 - piper.organizer - ERROR - []
2025-09-08 06:15:34,695 - 1495890 - piper.organizer - ERROR - []
2025-09-08 06:15:34,695 - 1495890 - piper.organizer - ERROR - []
2025-09-08 06:15:34,695 - 1495890 - piper.organizer - ERROR - []
2025-09-08 06:15:34,696 - 1495890 - piper.organizer - ERROR - []
2025-09-08 06:15:34,696 - 1495890 - piper.organizer - ERROR - []
2025-09-08 06:15:34,696 - 1495890 - piper.organizer - ERROR - []
2025-09-08 06:15:34,696 - 1495890 - piper.organizer - ERROR - []
2025-09-08 06:15:34,697 - 1495890 - piper.organizer - ERROR - []
2025-09-08 06:15:34,697 - 1495890 - piper.organizer - ERROR - []
2025-09-08 06:15:34,697 - 1495890 - piper.organizer - ERROR - []
2025-09-08 06:15:34,698 - 1495890 - piper.organizer - ERROR - []
2025-09-08 06:15:34,698 - 1495890 - piper.organizer - ERROR - []
2025-09-08 06:15:34,698 - 1495890 - piper.organizer - ERROR - []
2025-09-08 06:15:34,699 - 1495890 - piper.organizer - ERROR - []
2025-09-08 06:15:34,699 - 1495890 - piper.organizer - ERROR - []
2025-09-08 06:15:34,699 - 1495890 - piper.organizer - ERROR - []
2025-09-08 06:15:34,700 - 1495890 - piper.organizer - ERROR - []
2025-09-08 06:15:34,700 - 1495890 - piper.organizer - ERROR - []
2025-09-08 06:15:34,700 - 1495890 - piper.organizer - ERROR - []
2025-09-08 06:15:34,700 - 1495890 - piper.organizer - ERROR - []
2025-09-08 06:15:34,701 - 1495890 - piper.organizer - ERROR - []
2025-09-08 06:15:34,701 - 1495890 - piper.organizer - ERROR - []
2025-09-08 06:15:34,701 - 1495890 - piper.organizer - ERROR - []
2025-09-08 06:15:34,701 - 1495890 - piper.organizer - ERROR - []
2025-09-08 06:15:34,701 - 1495890 - piper.organizer - ERROR - []
2025-09-08 06:15:34,704 - 1495890 - piper.organizer - ERROR - []
2025-09-08 06:15:34,715 - 1495890 - piper.organizer - ERROR - []
2025-09-08 06:15:34,716 - 1495890 - piper.organizer - ERROR - []
2025-09-08 06:15:34,716 - 1495890 - piper.organizer - ERROR - []
2025-09-08 06:15:34,717 - 1495890 - piper.organizer - ERROR - []
2025-09-08 06:15:34,717 - 1495890 - piper.organizer - ERROR - []
2025-09-08 06:15:34,718 - 1495890 - piper.organizer - ERROR - []
2025-09-08 06:15:34,718 - 1495890 - piper.organizer - ERROR - []
2025-09-08 06:15:34,719 - 1495890 - piper.organizer - ERROR - []
2025-09-08 06:15:34,719 - 1495890 - piper.organizer - ERROR - []
2025-09-08 06:15:34,720 - 1495890 - piper.organizer - ERROR - []
2025-09-08 06:15:34,720 - 1495890 - piper.organizer - ERROR - []
2025-09-08 06:15:34,721 - 1495890 - piper.organizer - ERROR - []
2025-09-08 06:15:34,721 - 1495890 - piper.organizer - ERROR - []
2025-09-08 06:15:34,721 - 1495890 - piper.organizer - ERROR - []
2025-09-08 06:15:34,721 - 1495890 - piper.organizer - ERROR - []
2025-09-08 06:15:34,722 - 1495890 - piper.organizer - ERROR - []
2025-09-08 06:15:34,722 - 1495890 - piper.organizer - ERROR - []
2025-09-08 06:15:34,722 - 1495890 - piper.organizer - ERROR - []
2025-09-08 06:15:34,723 - 1495890 - piper.organizer - ERROR - []
2025-09-08 06:15:34,723 - 1495890 - piper.organizer - ERROR - []
2025-09-08 06:15:34,723 - 1495890 - piper.organizer - ERROR - []
2025-09-08 06:15:34,724 - 1495890 - piper.organizer - ERROR - []
2025-09-08 06:15:34,724 - 1495890 - piper.organizer - ERROR - []
2025-09-08 06:15:34,724 - 1495890 - piper.organizer - ERROR - []
2025-09-08 06:15:34,724 - 1495890 - piper.organizer - ERROR - []
2025-09-08 06:15:34,725 - 1495890 - piper.organizer - ERROR - []
2025-09-08 06:15:34,725 - 1495890 - piper.organizer - ERROR - []
2025-09-08 06:15:34,725 - 1495890 - piper.organizer - ERROR - []
2025-09-08 06:15:34,726 - 1495890 - piper.organizer - ERROR - []
2025-09-08 06:15:34,728 - 1495890 - piper.organizer - ERROR - []
2025-09-08 06:15:34,728 - 1495890 - piper.organizer - ERROR - []
2025-09-08 06:15:34,728 - 1495890 - piper.organizer - ERROR - []
2025-09-08 06:15:34,729 - 1495890 - piper.organizer - ERROR - []
2025-09-08 06:15:34,729 - 1495890 - piper.organizer - ERROR - []
2025-09-08 06:15:34,731 - 1495890 - piper.organizer - ERROR - []
2025-09-08 06:15:34,733 - 1495890 - piper.organizer - ERROR - []
2025-09-08 06:15:34,733 - 1495890 - piper.organizer - ERROR - []
2025-09-08 06:15:34,734 - 1495890 - piper.organizer - ERROR - []
2025-09-08 06:15:34,734 - 1495890 - piper.organizer - ERROR - []
2025-09-08 06:15:34,735 - 1495890 - piper.organizer - ERROR - []
2025-09-08 06:15:34,735 - 1495890 - piper.organizer - ERROR - []
2025-09-08 06:15:34,736 - 1495890 - piper.organizer - ERROR - []
2025-09-08 06:15:34,736 - 1495890 - piper.organizer - ERROR - []
2025-09-08 06:15:34,736 - 1495890 - piper.organizer - ERROR - []
2025-09-08 06:15:34,738 - 1495890 - piper.organizer - ERROR - []
2025-09-08 06:15:34,739 - 1495890 - piper.organizer - ERROR - []
2025-09-08 06:15:34,739 - 1495890 - piper.organizer - ERROR - []
2025-09-08 06:15:34,740 - 1495890 - piper.organizer - ERROR - []
2025-09-08 06:15:34,740 - 1495890 - piper.organizer - ERROR - []
2025-09-08 06:15:34,740 - 1495890 - piper.organizer - ERROR - []
2025-09-08 06:15:34,741 - 1495890 - piper.organizer - ERROR - []
2025-09-08 06:15:34,741 - 1495890 - piper.organizer - ERROR - []
2025-09-08 06:15:34,741 - 1495890 - piper.organizer - ERROR - []
2025-09-08 06:15:34,743 - 1495890 - piper.organizer - ERROR - []
2025-09-08 06:15:34,743 - 1495890 - piper.organizer - ERROR - []
2025-09-08 06:15:34,744 - 1495890 - piper.organizer - ERROR - []
2025-09-08 06:15:34,744 - 1495890 - piper.organizer - ERROR - []
2025-09-08 06:15:34,744 - 1495890 - piper.organizer - ERROR - []
2025-09-08 06:15:34,745 - 1495890 - piper.organizer - ERROR - []
2025-09-08 06:15:34,745 - 1495890 - piper.organizer - ERROR - []
2025-09-08 06:15:34,746 - 1495890 - piper.organizer - ERROR - []
2025-09-08 06:15:34,747 - 1495890 - piper.organizer - ERROR - []
2025-09-08 06:15:34,747 - 1495890 - piper.organizer - ERROR - []
2025-09-08 06:15:34,747 - 1495890 - piper.organizer - ERROR - []
2025-09-08 06:15:34,748 - 1495890 - piper.organizer - ERROR - []
2025-09-08 06:15:34,748 - 1495890 - piper.organizer - ERROR - []
2025-09-08 06:15:34,748 - 1495890 - piper.organizer - ERROR - []
2025-09-08 06:15:34,749 - 1495890 - piper.organizer - ERROR - []
2025-09-08 06:15:34,749 - 1495890 - piper.organizer - ERROR - []
2025-09-08 06:15:34,750 - 1495890 - piper.organizer - ERROR - []
2025-09-08 06:15:34,750 - 1495890 - piper.organizer - ERROR - []
2025-09-08 06:15:34,750 - 1495890 - piper.organizer - ERROR - []
2025-09-08 06:15:34,751 - 1495890 - piper.organizer - ERROR - []
2025-09-08 06:15:34,751 - 1495890 - piper.organizer - ERROR - []
2025-09-08 06:15:34,751 - 1495890 - piper.organizer - ERROR - []
2025-09-08 06:15:34,751 - 1495890 - piper.organizer - ERROR - []
2025-09-08 06:15:34,751 - 1495890 - piper.organizer - ERROR - []
2025-09-08 06:15:34,752 - 1495890 - piper.organizer - ERROR - []
2025-09-08 06:15:34,752 - 1495890 - piper.organizer - ERROR - []
2025-09-08 06:15:34,754 - 1495890 - piper.organizer - ERROR - []
2025-09-08 06:15:34,754 - 1495890 - piper.organizer - ERROR - []
2025-09-08 06:15:34,754 - 1495890 - piper.organizer - ERROR - []
2025-09-08 06:15:34,756 - 1495890 - piper.organizer - ERROR - []
2025-09-08 06:15:34,756 - 1495890 - piper.organizer - ERROR - []
2025-09-08 06:15:34,756 - 1495890 - piper.organizer - ERROR - []
2025-09-08 06:15:34,757 - 1495890 - piper.organizer - ERROR - []
2025-09-08 06:15:34,757 - 1495890 - piper.organizer - ERROR - []
2025-09-08 06:15:34,758 - 1495890 - piper.organizer - ERROR - []
2025-09-08 06:15:34,758 - 1495890 - piper.organizer - ERROR - []
2025-09-08 06:15:34,758 - 1495890 - piper.organizer - ERROR - []
2025-09-08 06:15:34,759 - 1495890 - piper.organizer - ERROR - []
2025-09-08 06:15:34,759 - 1495890 - piper.organizer - ERROR - []
2025-09-08 06:15:34,760 - 1495890 - piper.organizer - ERROR - []
2025-09-08 06:15:34,760 - 1495890 - piper.organizer - ERROR - []
2025-09-08 06:15:34,760 - 1495890 - piper.organizer - ERROR - []
2025-09-08 06:15:34,761 - 1495890 - piper.organizer - ERROR - []
2025-09-08 06:15:34,761 - 1495890 - piper.organizer - ERROR - []
2025-09-08 06:15:34,761 - 1495890 - piper.organizer - ERROR - []
2025-09-08 06:15:34,762 - 1495890 - piper.organizer - ERROR - []
2025-09-08 06:15:34,762 - 1495890 - piper.organizer - ERROR - []
2025-09-08 06:15:34,762 - 1495890 - piper.organizer - ERROR - []
2025-09-08 06:15:34,763 - 1495890 - piper.organizer - ERROR - []
2025-09-08 06:15:34,763 - 1495890 - piper.organizer - ERROR - []
2025-09-08 06:15:34,763 - 1495890 - piper.organizer - ERROR - []
2025-09-08 06:15:34,764 - 1495890 - piper.organizer - ERROR - []
2025-09-08 06:15:34,764 - 1495890 - piper.organizer - ERROR - []
2025-09-08 06:15:34,764 - 1495890 - piper.organizer - ERROR - []
2025-09-08 06:15:34,765 - 1495890 - piper.organizer - ERROR - []
2025-09-08 06:15:34,765 - 1495890 - piper.organizer - ERROR - []
2025-09-08 06:15:34,767 - 1495890 - piper.organizer - ERROR - []
2025-09-08 06:15:34,769 - 1495890 - piper.organizer - ERROR - []
2025-09-08 06:15:34,769 - 1495890 - piper.organizer - ERROR - []
2025-09-08 06:15:34,769 - 1495890 - piper.organizer - ERROR - []
2025-09-08 06:15:34,770 - 1495890 - piper.organizer - ERROR - []
2025-09-08 06:15:34,770 - 1495890 - piper.organizer - ERROR - []
2025-09-08 06:15:34,770 - 1495890 - piper.organizer - ERROR - []
2025-09-08 06:15:34,771 - 1495890 - piper.organizer - ERROR - []
2025-09-08 06:15:34,771 - 1495890 - piper.organizer - ERROR - []
2025-09-08 06:15:34,771 - 1495890 - piper.organizer - ERROR - []
2025-09-08 06:15:34,772 - 1495890 - piper.organizer - ERROR - []
2025-09-08 06:15:34,772 - 1495890 - piper.organizer - ERROR - []
2025-09-08 06:15:34,772 - 1495890 - piper.organizer - ERROR - []
2025-09-08 06:15:34,773 - 1495890 - piper.organizer - ERROR - []
2025-09-08 06:15:34,773 - 1495890 - piper.organizer - ERROR - []
2025-09-08 06:15:34,773 - 1495890 - piper.organizer - ERROR - []
2025-09-08 06:15:34,774 - 1495890 - piper.organizer - ERROR - []
2025-09-08 06:15:34,774 - 1495890 - piper.organizer - ERROR - []
2025-09-08 06:15:34,774 - 1495890 - piper.organizer - ERROR - []
2025-09-08 06:15:34,775 - 1495890 - piper.organizer - ERROR - []
2025-09-08 06:15:34,775 - 1495890 - piper.organizer - ERROR - []
2025-09-08 06:15:34,775 - 1495890 - piper.organizer - ERROR - []
2025-09-08 06:15:34,777 - 1495890 - piper.organizer - ERROR - []
2025-09-08 06:15:34,778 - 1495890 - piper.organizer - ERROR - []
2025-09-08 06:15:34,778 - 1495890 - piper.organizer - ERROR - []
2025-09-08 06:15:34,779 - 1495890 - piper.organizer - ERROR - []
2025-09-08 06:15:34,779 - 1495890 - piper.organizer - ERROR - []
2025-09-08 06:15:34,779 - 1495890 - piper.organizer - ERROR - []
2025-09-08 06:15:34,781 - 1495890 - piper.organizer - ERROR - []
2025-09-08 06:15:34,781 - 1495890 - piper.organizer - ERROR - []
2025-09-08 06:15:34,782 - 1495890 - piper.organizer - ERROR - []
2025-09-08 06:15:34,782 - 1495890 - piper.organizer - ERROR - []
2025-09-08 06:15:34,782 - 1495890 - piper.organizer - ERROR - []
2025-09-08 06:15:34,783 - 1495890 - piper.organizer - ERROR - []
2025-09-08 06:15:34,783 - 1495890 - piper.organizer - ERROR - []
2025-09-08 06:15:34,784 - 1495890 - piper.organizer - ERROR - []
2025-09-08 06:15:34,784 - 1495890 - piper.organizer - ERROR - []
2025-09-08 06:15:34,784 - 1495890 - piper.organizer - ERROR - []
2025-09-08 06:15:34,784 - 1495890 - piper.organizer - ERROR - []
2025-09-08 06:15:34,784 - 1495890 - piper.organizer - ERROR - []
2025-09-08 06:15:34,787 - 1495890 - piper.organizer - ERROR - []
2025-09-08 06:15:34,787 - 1495890 - piper.organizer - ERROR - []
2025-09-08 06:15:34,788 - 1495890 - piper.organizer - ERROR - []
2025-09-08 06:15:34,789 - 1495890 - piper.organizer - ERROR - []
2025-09-08 06:15:34,789 - 1495890 - piper.organizer - ERROR - []
2025-09-08 06:15:34,790 - 1495890 - piper.organizer - ERROR - []
2025-09-08 06:15:34,790 - 1495890 - piper.organizer - ERROR - []
2025-09-08 06:15:34,790 - 1495890 - piper.organizer - ERROR - []
2025-09-08 06:15:34,791 - 1495890 - piper.organizer - ERROR - []
2025-09-08 06:15:34,791 - 1495890 - piper.organizer - ERROR - []
2025-09-08 06:15:34,791 - 1495890 - piper.organizer - ERROR - []
2025-09-08 06:15:34,792 - 1495890 - piper.organizer - ERROR - []
2025-09-08 06:15:34,792 - 1495890 - piper.organizer - ERROR - []
2025-09-08 06:15:34,792 - 1495890 - piper.organizer - ERROR - []
2025-09-08 06:15:34,793 - 1495890 - piper.organizer - ERROR - []
2025-09-08 06:15:34,793 - 1495890 - piper.organizer - ERROR - []
2025-09-08 06:15:34,793 - 1495890 - piper.organizer - ERROR - []
2025-09-08 06:15:34,796 - 1495890 - piper.organizer - ERROR - []
2025-09-08 06:15:34,797 - 1495890 - piper.organizer - ERROR - []
2025-09-08 06:15:34,797 - 1495890 - piper.organizer - ERROR - []
2025-09-08 06:15:34,799 - 1495890 - piper.organizer - ERROR - []
2025-09-08 06:15:34,799 - 1495890 - piper.organizer - ERROR - []
2025-09-08 06:15:34,800 - 1495890 - piper.organizer - ERROR - []
2025-09-08 06:15:34,800 - 1495890 - piper.organizer - ERROR - []
2025-09-08 06:15:34,800 - 1495890 - piper.organizer - ERROR - []
2025-09-08 06:15:34,800 - 1495890 - piper.organizer - ERROR - []
2025-09-08 06:15:34,802 - 1495890 - piper.organizer - ERROR - []
2025-09-08 06:15:34,803 - 1495890 - piper.organizer - ERROR - []
2025-09-08 06:15:34,804 - 1495890 - piper.organizer - ERROR - []
2025-09-08 06:15:34,804 - 1495890 - piper.organizer - ERROR - []
2025-09-08 06:15:34,808 - 1495890 - piper.organizer - ERROR - []
2025-09-08 06:15:34,808 - 1495890 - piper.organizer - ERROR - []
2025-09-08 06:15:34,810 - 1495890 - piper.organizer - ERROR - []
2025-09-08 06:15:34,812 - 1495890 - piper.organizer - ERROR - []
2025-09-08 06:15:34,812 - 1495890 - piper.organizer - ERROR - []
2025-09-08 06:15:34,812 - 1495890 - piper.organizer - ERROR - []
2025-09-08 06:15:34,812 - 1495890 - piper.organizer - ERROR - []
2025-09-08 06:15:34,813 - 1495890 - piper.organizer - ERROR - []
2025-09-08 06:15:34,814 - 1495890 - piper.organizer - ERROR - []
2025-09-08 06:15:34,814 - 1495890 - piper.organizer - ERROR - []
2025-09-08 06:15:34,816 - 1495890 - piper.organizer - ERROR - []
2025-09-08 06:15:34,816 - 1495890 - piper.organizer - ERROR - []
2025-09-08 06:15:34,816 - 1495890 - piper.organizer - ERROR - []
2025-09-08 06:15:34,817 - 1495890 - piper.organizer - ERROR - []
2025-09-08 06:15:34,817 - 1495890 - piper.organizer - ERROR - []
2025-09-08 06:15:34,818 - 1495890 - piper.organizer - ERROR - []
2025-09-08 06:15:34,818 - 1495890 - piper.organizer - ERROR - []
2025-09-08 06:15:34,819 - 1495890 - piper.organizer - ERROR - []
2025-09-08 06:15:34,819 - 1495890 - piper.organizer - ERROR - []
2025-09-08 06:15:34,819 - 1495890 - piper.organizer - ERROR - []
2025-09-08 06:15:34,819 - 1495890 - piper.organizer - ERROR - []
2025-09-08 06:15:34,820 - 1495890 - piper.organizer - ERROR - []
2025-09-08 06:15:34,820 - 1495890 - piper.organizer - ERROR - []
2025-09-08 06:15:34,820 - 1495890 - piper.organizer - ERROR - []
2025-09-08 06:15:34,820 - 1495890 - piper.organizer - ERROR - []
2025-09-08 06:15:34,821 - 1495890 - piper.organizer - ERROR - []
2025-09-08 06:15:34,821 - 1495890 - piper.organizer - ERROR - []
2025-09-08 06:15:34,821 - 1495890 - piper.organizer - ERROR - []
2025-09-08 06:15:34,822 - 1495890 - piper.organizer - ERROR - []
2025-09-08 06:15:34,822 - 1495890 - piper.organizer - ERROR - []
2025-09-08 06:15:34,822 - 1495890 - piper.organizer - ERROR - []
2025-09-08 06:15:34,824 - 1495890 - piper.organizer - ERROR - []
2025-09-08 06:15:34,826 - 1495890 - piper.organizer - ERROR - []
2025-09-08 06:15:34,827 - 1495890 - piper.organizer - ERROR - []
2025-09-08 06:15:34,827 - 1495890 - piper.organizer - ERROR - []
2025-09-08 06:15:34,828 - 1495890 - piper.organizer - ERROR - []
2025-09-08 06:15:34,828 - 1495890 - piper.organizer - ERROR - []
2025-09-08 06:15:34,832 - 1495890 - piper.organizer - ERROR - []
2025-09-08 06:15:34,832 - 1495890 - piper.organizer - ERROR - []
2025-09-08 06:15:34,832 - 1495890 - piper.organizer - ERROR - []
2025-09-08 06:15:34,833 - 1495890 - piper.organizer - ERROR - []
2025-09-08 06:15:34,833 - 1495890 - piper.organizer - ERROR - []
2025-09-08 06:15:34,834 - 1495890 - piper.organizer - ERROR - []
2025-09-08 06:15:34,839 - 1495890 - piper.organizer - ERROR - []
2025-09-08 06:15:34,839 - 1495890 - piper.organizer - ERROR - []
2025-09-08 06:15:34,840 - 1495890 - piper.organizer - ERROR - []
2025-09-08 06:15:34,840 - 1495890 - piper.organizer - ERROR - []
2025-09-08 06:15:34,840 - 1495890 - piper.organizer - ERROR - []
2025-09-08 06:15:34,841 - 1495890 - piper.organizer - ERROR - []
2025-09-08 06:15:34,841 - 1495890 - piper.organizer - ERROR - []
2025-09-08 06:15:34,841 - 1495890 - piper.organizer - ERROR - []
2025-09-08 06:15:34,841 - 1495890 - piper.organizer - ERROR - []
2025-09-08 06:15:34,847 - 1495890 - piper.organizer - ERROR - []
2025-09-08 06:15:34,847 - 1495890 - piper.organizer - ERROR - []
2025-09-08 06:15:34,853 - 1495890 - piper.organizer - ERROR - []
2025-09-08 06:15:34,853 - 1495890 - piper.organizer - ERROR - []
2025-09-08 06:15:34,854 - 1495890 - piper.organizer - ERROR - []
2025-09-08 06:15:34,856 - 1495890 - piper.organizer - ERROR - []
2025-09-08 06:15:34,856 - 1495890 - piper.organizer - ERROR - []
2025-09-08 06:15:34,856 - 1495890 - piper.organizer - ERROR - []
2025-09-08 06:15:34,857 - 1495890 - piper.organizer - ERROR - []
2025-09-08 06:15:34,857 - 1495890 - piper.organizer - ERROR - []
2025-09-08 06:15:34,858 - 1495890 - piper.organizer - ERROR - []
2025-09-08 06:15:34,858 - 1495890 - piper.organizer - ERROR - []
2025-09-08 06:15:34,862 - 1495890 - piper.organizer - ERROR - []
2025-09-08 06:15:34,862 - 1495890 - piper.organizer - ERROR - []
2025-09-08 06:15:34,862 - 1495890 - piper.organizer - ERROR - []
2025-09-08 06:15:34,863 - 1495890 - piper.organizer - ERROR - []
2025-09-08 06:15:34,863 - 1495890 - piper.organizer - ERROR - []
2025-09-08 06:15:34,864 - 1495890 - piper.organizer - ERROR - []
2025-09-08 06:15:34,864 - 1495890 - piper.organizer - ERROR - []
2025-09-08 06:15:34,864 - 1495890 - piper.organizer - ERROR - []
2025-09-08 06:15:34,864 - 1495890 - piper.organizer - ERROR - []
2025-09-08 06:15:34,865 - 1495890 - piper.organizer - ERROR - []
2025-09-08 06:15:34,865 - 1495890 - piper.organizer - ERROR - []
2025-09-08 06:15:34,865 - 1495890 - piper.organizer - ERROR - []
2025-09-08 06:15:34,865 - 1495890 - piper.organizer - ERROR - []
2025-09-08 06:15:34,866 - 1495890 - piper.organizer - ERROR - []
2025-09-08 06:15:34,866 - 1495890 - piper.organizer - ERROR - []
2025-09-08 06:15:34,867 - 1495890 - piper.organizer - ERROR - []
2025-09-08 06:15:34,867 - 1495890 - piper.organizer - ERROR - []
2025-09-08 06:15:34,868 - 1495890 - piper.organizer - ERROR - []
2025-09-08 06:15:34,868 - 1495890 - piper.organizer - ERROR - []
2025-09-08 06:15:34,868 - 1495890 - piper.organizer - ERROR - []
2025-09-08 06:15:34,869 - 1495890 - piper.organizer - ERROR - []
2025-09-08 06:15:34,869 - 1495890 - piper.organizer - ERROR - []
2025-09-08 06:15:34,869 - 1495890 - piper.organizer - ERROR - []
2025-09-08 06:15:34,870 - 1495890 - piper.organizer - ERROR - []
2025-09-08 06:15:34,870 - 1495890 - piper.organizer - ERROR - []
2025-09-08 06:15:34,871 - 1495890 - piper.organizer - ERROR - []
2025-09-08 06:15:34,872 - 1495890 - piper.organizer - ERROR - []
2025-09-08 06:15:34,872 - 1495890 - piper.organizer - ERROR - []
2025-09-08 06:15:34,872 - 1495890 - piper.organizer - ERROR - []
2025-09-08 06:15:34,873 - 1495890 - piper.organizer - ERROR - []
2025-09-08 06:15:34,873 - 1495890 - piper.organizer - ERROR - []
2025-09-08 06:15:34,873 - 1495890 - piper.organizer - ERROR - []
2025-09-08 06:15:34,873 - 1495890 - piper.organizer - ERROR - []
2025-09-08 06:15:34,874 - 1495890 - piper.organizer - ERROR - []
2025-09-08 06:15:34,874 - 1495890 - piper.organizer - ERROR - []
2025-09-08 06:15:34,876 - 1495890 - piper.organizer - ERROR - []
2025-09-08 06:15:34,877 - 1495890 - piper.organizer - ERROR - []
2025-09-08 06:15:34,877 - 1495890 - piper.organizer - ERROR - []
2025-09-08 06:15:34,877 - 1495890 - piper.organizer - ERROR - []
2025-09-08 06:15:34,879 - 1495890 - piper.organizer - ERROR - []
2025-09-08 06:15:34,880 - 1495890 - piper.organizer - ERROR - []
2025-09-08 06:15:34,880 - 1495890 - piper.organizer - ERROR - []
2025-09-08 06:15:34,880 - 1495890 - piper.organizer - ERROR - []
2025-09-08 06:15:34,881 - 1495890 - piper.organizer - ERROR - []
2025-09-08 06:15:34,881 - 1495890 - piper.organizer - ERROR - []
2025-09-08 06:15:34,881 - 1495890 - piper.organizer - ERROR - []
2025-09-08 06:15:34,882 - 1495890 - piper.organizer - ERROR - []
2025-09-08 06:15:34,882 - 1495890 - piper.organizer - ERROR - []
2025-09-08 06:15:34,883 - 1495890 - piper.organizer - ERROR - []
2025-09-08 06:15:34,883 - 1495890 - piper.organizer - ERROR - []
2025-09-08 06:15:34,883 - 1495890 - piper.organizer - ERROR - []
2025-09-08 06:15:34,884 - 1495890 - piper.organizer - ERROR - []
2025-09-08 06:15:34,886 - 1495890 - piper.organizer - ERROR - []
2025-09-08 06:15:34,886 - 1495890 - piper.organizer - ERROR - []
2025-09-08 06:15:34,888 - 1495890 - piper.organizer - ERROR - []
2025-09-08 06:15:34,888 - 1495890 - piper.organizer - ERROR - []
2025-09-08 06:15:34,889 - 1495890 - piper.organizer - ERROR - []
2025-09-08 06:15:34,889 - 1495890 - piper.organizer - ERROR - []
2025-09-08 06:15:34,889 - 1495890 - piper.organizer - ERROR - []
2025-09-08 06:15:34,890 - 1495890 - piper.organizer - ERROR - []
2025-09-08 06:15:34,890 - 1495890 - piper.organizer - ERROR - []
2025-09-08 06:15:34,890 - 1495890 - piper.organizer - ERROR - []
2025-09-08 06:15:34,891 - 1495890 - piper.organizer - ERROR - []
2025-09-08 06:15:34,893 - 1495890 - piper.organizer - ERROR - []
2025-09-08 06:15:34,895 - 1495890 - piper.organizer - ERROR - []
2025-09-08 06:15:34,896 - 1495890 - piper.organizer - ERROR - []
2025-09-08 06:15:34,896 - 1495890 - piper.organizer - ERROR - []
2025-09-08 06:15:34,897 - 1495890 - piper.organizer - ERROR - []
2025-09-08 06:15:34,897 - 1495890 - piper.organizer - ERROR - []
2025-09-08 06:15:34,902 - 1495890 - piper.organizer - ERROR - []
2025-09-08 06:15:34,903 - 1495890 - piper.organizer - ERROR - []
2025-09-08 06:15:34,903 - 1495890 - piper.organizer - ERROR - []
2025-09-08 06:15:34,903 - 1495890 - piper.organizer - ERROR - []
2025-09-08 06:15:34,904 - 1495890 - piper.organizer - ERROR - []
2025-09-08 06:15:34,904 - 1495890 - piper.organizer - ERROR - []
2025-09-08 06:15:34,904 - 1495890 - piper.organizer - ERROR - []
2025-09-08 06:15:34,904 - 1495890 - piper.organizer - ERROR - []
2025-09-08 06:15:34,904 - 1495890 - piper.organizer - ERROR - []
2025-09-08 06:15:34,905 - 1495890 - piper.organizer - ERROR - []
2025-09-08 06:15:34,905 - 1495890 - piper.organizer - ERROR - []
2025-09-08 06:15:34,905 - 1495890 - piper.organizer - ERROR - []
2025-09-08 06:15:34,910 - 1495890 - piper.organizer - ERROR - []
2025-09-08 06:15:34,911 - 1495890 - piper.organizer - ERROR - []
2025-09-08 06:15:34,911 - 1495890 - piper.organizer - ERROR - []
2025-09-08 06:15:34,912 - 1495890 - piper.organizer - ERROR - []
2025-09-08 06:15:34,913 - 1495890 - piper.organizer - ERROR - []
2025-09-08 06:15:34,913 - 1495890 - piper.organizer - ERROR - []
2025-09-08 06:15:34,913 - 1495890 - piper.organizer - ERROR - []
2025-09-08 06:15:34,914 - 1495890 - piper.organizer - ERROR - []
2025-09-08 06:15:34,914 - 1495890 - piper.organizer - ERROR - []
2025-09-08 06:15:34,914 - 1495890 - piper.organizer - ERROR - []
2025-09-08 06:15:34,915 - 1495890 - piper.organizer - ERROR - []
2025-09-08 06:15:34,915 - 1495890 - piper.organizer - ERROR - []
2025-09-08 06:15:34,915 - 1495890 - piper.organizer - ERROR - []
2025-09-08 06:15:34,916 - 1495890 - piper.organizer - ERROR - []
2025-09-08 06:15:34,916 - 1495890 - piper.organizer - ERROR - []
2025-09-08 06:15:34,916 - 1495890 - piper.organizer - ERROR - []
2025-09-08 06:15:34,916 - 1495890 - piper.organizer - ERROR - []
2025-09-08 06:15:34,917 - 1495890 - piper.organizer - ERROR - []
2025-09-08 06:15:34,917 - 1495890 - piper.organizer - ERROR - []
2025-09-08 06:15:34,917 - 1495890 - piper.organizer - ERROR - []
2025-09-08 06:15:34,917 - 1495890 - piper.organizer - ERROR - []
2025-09-08 06:15:34,918 - 1495890 - piper.organizer - ERROR - []
2025-09-08 06:15:34,918 - 1495890 - piper.organizer - ERROR - []
2025-09-08 06:15:34,918 - 1495890 - piper.organizer - ERROR - []
2025-09-08 06:15:34,918 - 1495890 - piper.organizer - ERROR - []
2025-09-08 06:15:34,919 - 1495890 - piper.organizer - ERROR - []
2025-09-08 06:15:34,919 - 1495890 - piper.organizer - ERROR - []
2025-09-08 06:15:34,919 - 1495890 - piper.organizer - ERROR - []
2025-09-08 06:15:34,919 - 1495890 - piper.organizer - ERROR - []
2025-09-08 06:15:34,924 - 1495890 - piper.organizer - ERROR - []
2025-09-08 06:15:34,926 - 1495890 - piper.organizer - ERROR - []
2025-09-08 06:15:34,927 - 1495890 - piper.organizer - ERROR - []
2025-09-08 06:15:34,927 - 1495890 - piper.organizer - ERROR - []
2025-09-08 06:15:34,928 - 1495890 - piper.organizer - ERROR - []
2025-09-08 06:15:34,928 - 1495890 - piper.organizer - ERROR - []
2025-09-08 06:15:34,928 - 1495890 - piper.organizer - ERROR - []
2025-09-08 06:15:34,928 - 1495890 - piper.organizer - ERROR - []
2025-09-08 06:15:34,928 - 1495890 - piper.organizer - ERROR - []
2025-09-08 06:15:34,929 - 1495890 - piper.organizer - ERROR - []
2025-09-08 06:15:34,929 - 1495890 - piper.organizer - ERROR - []
2025-09-08 06:15:34,930 - 1495890 - piper.organizer - ERROR - []
2025-09-08 06:15:34,931 - 1495890 - piper.organizer - ERROR - []
2025-09-08 06:15:34,959 - 1495890 - piper.organizer - ERROR - []
2025-09-08 06:15:34,960 - 1495890 - piper.organizer - ERROR - []
2025-09-08 06:15:34,960 - 1495890 - piper.organizer - ERROR - []
2025-09-08 06:15:34,960 - 1495890 - piper.organizer - ERROR - []
2025-09-08 06:15:34,961 - 1495890 - piper.organizer - ERROR - []
2025-09-08 06:15:34,961 - 1495890 - piper.organizer - ERROR - []
2025-09-08 06:15:34,961 - 1495890 - piper.organizer - ERROR - []
2025-09-08 06:15:34,961 - 1495890 - piper.organizer - ERROR - []
2025-09-08 06:15:34,962 - 1495890 - piper.organizer - ERROR - []
2025-09-08 06:15:34,962 - 1495890 - piper.organizer - ERROR - []
2025-09-08 06:15:34,962 - 1495890 - piper.organizer - ERROR - []
2025-09-08 06:15:34,962 - 1495890 - piper.organizer - ERROR - []
2025-09-08 06:15:34,963 - 1495890 - piper.organizer - ERROR - []
2025-09-08 06:15:34,963 - 1495890 - piper.organizer - ERROR - []
2025-09-08 06:15:34,964 - 1495890 - piper.organizer - ERROR - []
2025-09-08 06:15:34,964 - 1495890 - piper.organizer - ERROR - []
2025-09-08 06:15:34,964 - 1495890 - piper.organizer - ERROR - []
2025-09-08 06:15:34,964 - 1495890 - piper.organizer - ERROR - []
2025-09-08 06:15:34,965 - 1495890 - piper.organizer - ERROR - []
2025-09-08 06:15:34,965 - 1495890 - piper.organizer - ERROR - []
2025-09-08 06:15:34,971 - 1495890 - piper.organizer - ERROR - []
2025-09-08 06:15:34,974 - 1495890 - piper.organizer - ERROR - []
2025-09-08 06:15:34,975 - 1495890 - piper.organizer - ERROR - []
2025-09-08 06:15:34,975 - 1495890 - piper.organizer - ERROR - []
2025-09-08 06:15:34,976 - 1495890 - piper.organizer - ERROR - []
2025-09-08 06:15:34,976 - 1495890 - piper.organizer - ERROR - []
2025-09-08 06:15:34,977 - 1495890 - piper.organizer - ERROR - []
2025-09-08 06:15:34,977 - 1495890 - piper.organizer - ERROR - []
2025-09-08 06:15:34,978 - 1495890 - piper.organizer - ERROR - []
2025-09-08 06:15:34,978 - 1495890 - piper.organizer - ERROR - []
2025-09-08 06:15:34,978 - 1495890 - piper.organizer - ERROR - []
2025-09-08 06:15:34,978 - 1495890 - piper.organizer - ERROR - []
2025-09-08 06:15:34,979 - 1495890 - piper.organizer - ERROR - []
2025-09-08 06:15:34,979 - 1495890 - piper.organizer - ERROR - []
2025-09-08 06:15:34,979 - 1495890 - piper.organizer - ERROR - []
2025-09-08 06:15:34,979 - 1495890 - piper.organizer - ERROR - []
2025-09-08 06:15:34,979 - 1495890 - piper.organizer - ERROR - []
2025-09-08 06:15:34,980 - 1495890 - piper.organizer - ERROR - []
2025-09-08 06:15:34,980 - 1495890 - piper.organizer - ERROR - []
2025-09-08 06:15:34,980 - 1495890 - piper.organizer - ERROR - []
2025-09-08 06:15:34,985 - 1495890 - piper.organizer - ERROR - []
2025-09-08 06:15:34,985 - 1495890 - piper.organizer - ERROR - []
2025-09-08 06:15:34,988 - 1495890 - piper.organizer - ERROR - []
2025-09-08 06:15:34,991 - 1495890 - piper.organizer - ERROR - []
2025-09-08 06:15:34,991 - 1495890 - piper.organizer - ERROR - []
2025-09-08 06:15:34,991 - 1495890 - piper.organizer - ERROR - []
2025-09-08 06:15:34,992 - 1495890 - piper.organizer - ERROR - []
2025-09-08 06:15:34,992 - 1495890 - piper.organizer - ERROR - []
2025-09-08 06:15:34,992 - 1495890 - piper.organizer - ERROR - []
2025-09-08 06:15:34,993 - 1495890 - piper.organizer - ERROR - []
2025-09-08 06:15:34,993 - 1495890 - piper.organizer - ERROR - []
2025-09-08 06:15:34,993 - 1495890 - piper.organizer - ERROR - []
2025-09-08 06:15:34,993 - 1495890 - piper.organizer - ERROR - []
2025-09-08 06:15:34,993 - 1495890 - piper.organizer - ERROR - []
2025-09-08 06:15:35,001 - 1495890 - piper.organizer - ERROR - []
2025-09-08 06:15:35,004 - 1495890 - piper.organizer - ERROR - []
2025-09-08 06:15:35,004 - 1495890 - piper.organizer - ERROR - []
2025-09-08 06:15:35,005 - 1495890 - piper.organizer - ERROR - []
2025-09-08 06:15:35,005 - 1495890 - piper.organizer - ERROR - []
2025-09-08 06:15:35,005 - 1495890 - piper.organizer - ERROR - []
2025-09-08 06:15:35,008 - 1495890 - piper.organizer - ERROR - []
2025-09-08 06:15:35,009 - 1495890 - piper.organizer - ERROR - []
2025-09-08 06:15:35,009 - 1495890 - piper.organizer - ERROR - []
2025-09-08 06:15:35,010 - 1495890 - piper.organizer - ERROR - []
2025-09-08 06:15:35,010 - 1495890 - piper.organizer - ERROR - []
2025-09-08 06:15:35,010 - 1495890 - piper.organizer - ERROR - []
2025-09-08 06:15:35,015 - 1495890 - piper.organizer - ERROR - []
2025-09-08 06:15:35,015 - 1495890 - piper.organizer - ERROR - []
2025-09-08 06:15:35,016 - 1495890 - piper.organizer - ERROR - []
2025-09-08 06:15:35,016 - 1495890 - piper.organizer - ERROR - []
2025-09-08 06:15:35,018 - 1495890 - piper.organizer - ERROR - []
2025-09-08 06:15:35,018 - 1495890 - piper.organizer - ERROR - []
2025-09-08 06:15:35,018 - 1495890 - piper.organizer - ERROR - []
2025-09-08 06:15:35,018 - 1495890 - piper.organizer - ERROR - []
2025-09-08 06:15:35,026 - 1495890 - piper.organizer - ERROR - []
2025-09-08 06:15:35,026 - 1495890 - piper.organizer - ERROR - []
2025-09-08 06:15:35,027 - 1495890 - piper.organizer - ERROR - []
2025-09-08 06:15:35,027 - 1495890 - piper.organizer - ERROR - []
2025-09-08 06:15:35,027 - 1495890 - piper.organizer - ERROR - []
2025-09-08 06:15:35,027 - 1495890 - piper.organizer - ERROR - []
2025-09-08 06:15:35,027 - 1495890 - piper.organizer - ERROR - []
2025-09-08 06:15:35,028 - 1495890 - piper.organizer - ERROR - []
2025-09-08 06:15:35,028 - 1495890 - piper.organizer - ERROR - []
2025-09-08 06:15:35,028 - 1495890 - piper.organizer - ERROR - []
2025-09-08 06:15:35,040 - 1495890 - piper.organizer - ERROR - []
2025-09-08 06:15:35,041 - 1495890 - piper.organizer - ERROR - []
2025-09-08 06:15:35,041 - 1495890 - piper.organizer - ERROR - []
2025-09-08 06:15:35,042 - 1495890 - piper.organizer - ERROR - []
2025-09-08 06:15:35,043 - 1495890 - piper.organizer - ERROR - []
2025-09-08 06:15:35,043 - 1495890 - piper.organizer - ERROR - []
2025-09-08 06:15:35,043 - 1495890 - piper.organizer - ERROR - []
2025-09-08 06:15:35,043 - 1495890 - piper.organizer - ERROR - []
2025-09-08 06:15:35,043 - 1495890 - piper.organizer - ERROR - []
2025-09-08 06:15:35,043 - 1495890 - piper.organizer - ERROR - []
2025-09-08 06:15:35,043 - 1495890 - piper.organizer - ERROR - []
2025-09-08 06:15:35,044 - 1495890 - piper.organizer - ERROR - []
2025-09-08 06:15:35,044 - 1495890 - piper.organizer - ERROR - []
2025-09-08 06:15:35,044 - 1495890 - piper.organizer - ERROR - []
2025-09-08 06:15:35,045 - 1495890 - piper.organizer - ERROR - []
2025-09-08 06:15:35,051 - 1495890 - piper.organizer - ERROR - []
2025-09-08 06:15:35,051 - 1495890 - piper.organizer - ERROR - []
2025-09-08 06:15:35,052 - 1495890 - piper.organizer - ERROR - []
2025-09-08 06:15:35,054 - 1495890 - piper.organizer - ERROR - []
2025-09-08 06:15:35,054 - 1495890 - piper.organizer - ERROR - []
2025-09-08 06:15:35,054 - 1495890 - piper.organizer - ERROR - []
2025-09-08 06:15:35,055 - 1495890 - piper.organizer - ERROR - []
2025-09-08 06:15:35,055 - 1495890 - piper.organizer - ERROR - []
2025-09-08 06:15:35,055 - 1495890 - piper.organizer - ERROR - []
2025-09-08 06:15:35,055 - 1495890 - piper.organizer - ERROR - []
2025-09-08 06:15:35,056 - 1495890 - piper.organizer - ERROR - []
2025-09-08 06:15:35,056 - 1495890 - piper.organizer - ERROR - []
2025-09-08 06:15:35,056 - 1495890 - piper.organizer - ERROR - []
2025-09-08 06:15:35,056 - 1495890 - piper.organizer - ERROR - []
2025-09-08 06:15:35,057 - 1495890 - piper.organizer - ERROR - []
2025-09-08 06:15:35,059 - 1495890 - piper.organizer - ERROR - []
2025-09-08 06:15:35,060 - 1495890 - piper.organizer - ERROR - []
2025-09-08 06:15:35,061 - 1495890 - piper.organizer - ERROR - []
2025-09-08 06:15:35,062 - 1495890 - piper.organizer - ERROR - []
2025-09-08 06:15:35,062 - 1495890 - piper.organizer - ERROR - []
2025-09-08 06:15:35,062 - 1495890 - piper.organizer - ERROR - []
2025-09-08 06:15:35,063 - 1495890 - piper.organizer - ERROR - []
2025-09-08 06:15:35,063 - 1495890 - piper.organizer - ERROR - []
2025-09-08 06:15:35,072 - 1495890 - piper.organizer - ERROR - []
2025-09-08 06:15:35,074 - 1495890 - piper.organizer - ERROR - []
2025-09-08 06:15:35,077 - 1495890 - piper.organizer - ERROR - []
2025-09-08 06:15:35,079 - 1495890 - piper.organizer - ERROR - []
2025-09-08 06:15:35,085 - 1495890 - piper.organizer - ERROR - []
2025-09-08 06:15:35,085 - 1495890 - piper.organizer - ERROR - []
2025-09-08 06:15:35,086 - 1495890 - piper.organizer - ERROR - []
2025-09-08 06:15:35,086 - 1495890 - piper.organizer - ERROR - []
2025-09-08 06:15:35,086 - 1495890 - piper.organizer - ERROR - []
2025-09-08 06:15:35,087 - 1495890 - piper.organizer - ERROR - []
2025-09-08 06:15:35,087 - 1495890 - piper.organizer - ERROR - []
2025-09-08 06:15:35,088 - 1495890 - piper.organizer - ERROR - []
2025-09-08 06:15:35,088 - 1495890 - piper.organizer - ERROR - []
2025-09-08 06:15:35,088 - 1495890 - piper.organizer - ERROR - []
2025-09-08 06:15:35,089 - 1495890 - piper.organizer - ERROR - []
2025-09-08 06:15:35,089 - 1495890 - piper.organizer - ERROR - []
2025-09-08 06:15:35,090 - 1495890 - piper.organizer - ERROR - []
2025-09-08 06:15:35,090 - 1495890 - piper.organizer - ERROR - []
2025-09-08 06:15:35,090 - 1495890 - piper.organizer - ERROR - []
2025-09-08 06:15:35,091 - 1495890 - piper.organizer - ERROR - []
2025-09-08 06:15:35,091 - 1495890 - piper.organizer - ERROR - []
2025-09-08 06:15:35,092 - 1495890 - piper.organizer - ERROR - []
2025-09-08 06:15:35,092 - 1495890 - piper.organizer - ERROR - []
2025-09-08 06:15:35,094 - 1495890 - piper.organizer - ERROR - []
2025-09-08 06:15:35,094 - 1495890 - piper.organizer - ERROR - []
2025-09-08 06:15:35,094 - 1495890 - piper.organizer - ERROR - []
2025-09-08 06:15:35,102 - 1495890 - piper.organizer - ERROR - []
2025-09-08 06:15:35,102 - 1495890 - piper.organizer - ERROR - []
2025-09-08 06:15:35,102 - 1495890 - piper.organizer - ERROR - []
2025-09-08 06:15:35,103 - 1495890 - piper.organizer - ERROR - []
2025-09-08 06:15:35,103 - 1495890 - piper.organizer - ERROR - []
2025-09-08 06:15:35,103 - 1495890 - piper.organizer - ERROR - []
2025-09-08 06:15:35,103 - 1495890 - piper.organizer - ERROR - []
2025-09-08 06:15:35,107 - 1495890 - piper.organizer - ERROR - []
2025-09-08 06:15:35,107 - 1495890 - piper.organizer - ERROR - []
2025-09-08 06:15:35,107 - 1495890 - piper.organizer - ERROR - []
2025-09-08 06:15:35,107 - 1495890 - piper.organizer - ERROR - []
2025-09-08 06:15:35,108 - 1495890 - piper.organizer - ERROR - []
2025-09-08 06:15:35,109 - 1495890 - piper.organizer - ERROR - []
2025-09-08 06:15:35,109 - 1495890 - piper.organizer - ERROR - []
2025-09-08 06:15:35,109 - 1495890 - piper.organizer - ERROR - []
2025-09-08 06:15:35,109 - 1495890 - piper.organizer - ERROR - []
2025-09-08 06:15:35,109 - 1495890 - piper.organizer - ERROR - []
2025-09-08 06:15:35,109 - 1495890 - piper.organizer - ERROR - []
2025-09-08 06:15:35,110 - 1495890 - piper.organizer - ERROR - []
2025-09-08 06:15:35,110 - 1495890 - piper.organizer - ERROR - []
2025-09-08 06:15:35,110 - 1495890 - piper.organizer - ERROR - []
2025-09-08 06:15:35,122 - 1495890 - piper.organizer - ERROR - []
2025-09-08 06:15:35,123 - 1495890 - piper.organizer - ERROR - []
2025-09-08 06:15:35,128 - 1495890 - piper.organizer - ERROR - []
2025-09-08 06:15:35,129 - 1495890 - piper.organizer - ERROR - []
2025-09-08 06:15:35,129 - 1495890 - piper.organizer - ERROR - []
2025-09-08 06:15:35,129 - 1495890 - piper.organizer - ERROR - []
2025-09-08 06:15:35,129 - 1495890 - piper.organizer - ERROR - []
2025-09-08 06:15:35,130 - 1495890 - piper.organizer - ERROR - []
2025-09-08 06:15:35,130 - 1495890 - piper.organizer - ERROR - []
2025-09-08 06:15:35,130 - 1495890 - piper.organizer - ERROR - []
2025-09-08 06:15:35,131 - 1495890 - piper.organizer - ERROR - []
2025-09-08 06:15:35,131 - 1495890 - piper.organizer - ERROR - []
2025-09-08 06:15:35,132 - 1495890 - piper.organizer - ERROR - []
2025-09-08 06:15:35,132 - 1495890 - piper.organizer - ERROR - []
2025-09-08 06:15:35,132 - 1495890 - piper.organizer - ERROR - []
2025-09-08 06:15:35,133 - 1495890 - piper.organizer - ERROR - []
2025-09-08 06:15:35,133 - 1495890 - piper.organizer - ERROR - []
2025-09-08 06:15:35,133 - 1495890 - piper.organizer - ERROR - []
2025-09-08 06:15:35,133 - 1495890 - piper.organizer - ERROR - []
2025-09-08 06:15:35,134 - 1495890 - piper.organizer - ERROR - []
2025-09-08 06:15:35,134 - 1495890 - piper.organizer - ERROR - []
2025-09-08 06:15:35,134 - 1495890 - piper.organizer - ERROR - []
2025-09-08 06:15:35,140 - 1495890 - piper.organizer - ERROR - []
2025-09-08 06:15:35,140 - 1495890 - piper.organizer - ERROR - []
2025-09-08 06:15:35,140 - 1495890 - piper.organizer - ERROR - []
2025-09-08 06:15:35,141 - 1495890 - piper.organizer - ERROR - []
2025-09-08 06:15:35,141 - 1495890 - piper.organizer - ERROR - []
2025-09-08 06:15:35,141 - 1495890 - piper.organizer - ERROR - []
2025-09-08 06:15:35,141 - 1495890 - piper.organizer - ERROR - []
2025-09-08 06:15:35,141 - 1495890 - piper.organizer - ERROR - []
2025-09-08 06:15:35,142 - 1495890 - piper.organizer - ERROR - []
2025-09-08 06:15:35,142 - 1495890 - piper.organizer - ERROR - []
2025-09-08 06:15:35,142 - 1495890 - piper.organizer - ERROR - []
2025-09-08 06:15:35,143 - 1495890 - piper.organizer - ERROR - []
2025-09-08 06:15:35,154 - 1495890 - piper.organizer - ERROR - []
2025-09-08 06:15:35,154 - 1495890 - piper.organizer - ERROR - []
2025-09-08 06:15:35,158 - 1495890 - piper.organizer - ERROR - []
2025-09-08 06:15:35,158 - 1495890 - piper.organizer - ERROR - []
2025-09-08 06:15:35,158 - 1495890 - piper.organizer - ERROR - []
2025-09-08 06:15:35,158 - 1495890 - piper.organizer - ERROR - []
2025-09-08 06:15:35,163 - 1495890 - piper.organizer - ERROR - []
2025-09-08 06:15:35,163 - 1495890 - piper.organizer - ERROR - []
2025-09-08 06:15:35,163 - 1495890 - piper.organizer - ERROR - []
2025-09-08 06:15:35,164 - 1495890 - piper.organizer - ERROR - []
2025-09-08 06:15:35,164 - 1495890 - piper.organizer - ERROR - []
2025-09-08 06:15:35,164 - 1495890 - piper.organizer - ERROR - []
2025-09-08 06:15:35,165 - 1495890 - piper.organizer - ERROR - []
2025-09-08 06:15:35,166 - 1495890 - piper.organizer - ERROR - []
2025-09-08 06:15:35,166 - 1495890 - piper.organizer - ERROR - []
2025-09-08 06:15:35,166 - 1495890 - piper.organizer - ERROR - []
2025-09-08 06:15:35,166 - 1495890 - piper.organizer - ERROR - []
2025-09-08 06:15:35,167 - 1495890 - piper.organizer - ERROR - []
2025-09-08 06:15:35,167 - 1495890 - piper.organizer - ERROR - []
2025-09-08 06:15:35,167 - 1495890 - piper.organizer - ERROR - []
2025-09-08 06:15:35,168 - 1495890 - piper.organizer - ERROR - []
2025-09-08 06:15:35,168 - 1495890 - piper.organizer - ERROR - []
2025-09-08 06:15:35,168 - 1495890 - piper.organizer - ERROR - []
2025-09-08 06:15:35,169 - 1495890 - piper.organizer - ERROR - []
2025-09-08 06:15:35,169 - 1495890 - piper.organizer - ERROR - []
2025-09-08 06:15:35,170 - 1495890 - piper.organizer - ERROR - []
2025-09-08 06:15:35,170 - 1495890 - piper.organizer - ERROR - []
2025-09-08 06:15:35,170 - 1495890 - piper.organizer - ERROR - []
2025-09-08 06:15:35,171 - 1495890 - piper.organizer - ERROR - []
2025-09-08 06:15:35,171 - 1495890 - piper.organizer - ERROR - []
2025-09-08 06:15:35,171 - 1495890 - piper.organizer - ERROR - []
2025-09-08 06:15:35,172 - 1495890 - piper.organizer - ERROR - []
2025-09-08 06:15:35,172 - 1495890 - piper.organizer - ERROR - []
2025-09-08 06:15:35,172 - 1495890 - piper.organizer - ERROR - []
2025-09-08 06:15:35,172 - 1495890 - piper.organizer - ERROR - []
2025-09-08 06:15:35,173 - 1495890 - piper.organizer - ERROR - []
2025-09-08 06:15:35,173 - 1495890 - piper.organizer - ERROR - []
2025-09-08 06:15:35,174 - 1495890 - piper.organizer - ERROR - []
2025-09-08 06:15:35,174 - 1495890 - piper.organizer - ERROR - []
2025-09-08 06:15:35,175 - 1495890 - piper.organizer - ERROR - []
2025-09-08 06:15:35,175 - 1495890 - piper.organizer - ERROR - []
2025-09-08 06:15:35,175 - 1495890 - piper.organizer - ERROR - []
2025-09-08 06:15:35,175 - 1495890 - piper.organizer - ERROR - []
2025-09-08 06:15:35,178 - 1495890 - piper.organizer - ERROR - []
2025-09-08 06:15:35,178 - 1495890 - piper.organizer - ERROR - []
2025-09-08 06:15:35,180 - 1495890 - piper.organizer - ERROR - []
2025-09-08 06:15:35,183 - 1495890 - piper.organizer - ERROR - []
2025-09-08 06:15:35,187 - 1495890 - piper.organizer - ERROR - []
2025-09-08 06:15:35,187 - 1495890 - piper.organizer - ERROR - []
2025-09-08 06:15:35,187 - 1495890 - piper.organizer - ERROR - []
2025-09-08 06:15:35,197 - 1495890 - piper.organizer - ERROR - []
2025-09-08 06:15:35,197 - 1495890 - piper.organizer - ERROR - []
2025-09-08 06:15:35,200 - 1495890 - piper.organizer - ERROR - []
2025-09-08 06:15:35,200 - 1495890 - piper.organizer - ERROR - []
2025-09-08 06:15:35,202 - 1495890 - piper.organizer - ERROR - []
2025-09-08 06:15:35,205 - 1495890 - piper.organizer - ERROR - []
2025-09-08 06:15:35,206 - 1495890 - piper.organizer - ERROR - []
2025-09-08 06:15:35,207 - 1495890 - piper.organizer - ERROR - []
2025-09-08 06:15:35,208 - 1495890 - piper.organizer - ERROR - []
2025-09-08 06:15:35,208 - 1495890 - piper.organizer - ERROR - []
2025-09-08 06:15:35,212 - 1495890 - piper.organizer - ERROR - []
2025-09-08 06:15:35,212 - 1495890 - piper.organizer - ERROR - []
2025-09-08 06:15:35,215 - 1495890 - piper.organizer - ERROR - []
2025-09-08 06:15:35,216 - 1495890 - piper.organizer - ERROR - []
2025-09-08 06:15:35,217 - 1495890 - piper.organizer - ERROR - []
2025-09-08 06:15:35,218 - 1495890 - piper.organizer - ERROR - []
2025-09-08 06:15:35,218 - 1495890 - piper.organizer - ERROR - []
2025-09-08 06:15:35,220 - 1495890 - piper.organizer - ERROR - []
2025-09-08 06:15:35,220 - 1495890 - piper.organizer - ERROR - []
2025-09-08 06:15:35,221 - 1495890 - piper.organizer - ERROR - []
2025-09-08 06:15:35,222 - 1495890 - piper.organizer - ERROR - []
2025-09-08 06:15:35,226 - 1495890 - piper.organizer - ERROR - []
2025-09-08 06:15:35,227 - 1495890 - piper.organizer - ERROR - []
2025-09-08 06:15:35,227 - 1495890 - piper.organizer - ERROR - []
2025-09-08 06:15:35,228 - 1495890 - piper.organizer - ERROR - []
2025-09-08 06:15:35,230 - 1495890 - piper.organizer - ERROR - []
2025-09-08 06:15:35,231 - 1495890 - piper.organizer - ERROR - []
2025-09-08 06:15:35,232 - 1495890 - piper.organizer - ERROR - []
2025-09-08 06:15:35,232 - 1495890 - piper.organizer - ERROR - []
2025-09-08 06:15:35,237 - 1495890 - piper.organizer - ERROR - []
2025-09-08 06:15:35,238 - 1495890 - piper.organizer - ERROR - []
2025-09-08 06:15:35,239 - 1495890 - piper.organizer - ERROR - []
2025-09-08 06:15:35,239 - 1495890 - piper.organizer - ERROR - []
2025-09-08 06:15:35,239 - 1495890 - piper.organizer - ERROR - []
2025-09-08 06:15:35,239 - 1495890 - piper.organizer - ERROR - []
2025-09-08 06:15:35,239 - 1495890 - piper.organizer - ERROR - []
2025-09-08 06:15:35,239 - 1495890 - piper.organizer - ERROR - []
2025-09-08 06:15:35,240 - 1495890 - piper.organizer - ERROR - []
2025-09-08 06:15:35,240 - 1495890 - piper.organizer - ERROR - []
2025-09-08 06:15:35,241 - 1495890 - piper.organizer - ERROR - []
2025-09-08 06:15:35,241 - 1495890 - piper.organizer - ERROR - []
2025-09-08 06:15:35,241 - 1495890 - piper.organizer - ERROR - []
2025-09-08 06:15:35,241 - 1495890 - piper.organizer - ERROR - []
2025-09-08 06:15:35,242 - 1495890 - piper.organizer - ERROR - []
2025-09-08 06:15:35,242 - 1495890 - piper.organizer - ERROR - []
2025-09-08 06:15:35,242 - 1495890 - piper.organizer - ERROR - []
2025-09-08 06:15:35,244 - 1495890 - piper.organizer - ERROR - []
2025-09-08 06:15:35,244 - 1495890 - piper.organizer - ERROR - []
2025-09-08 06:15:35,245 - 1495890 - piper.organizer - ERROR - []
2025-09-08 06:15:35,245 - 1495890 - piper.organizer - ERROR - []
2025-09-08 06:15:35,246 - 1495890 - piper.organizer - ERROR - []
2025-09-08 06:15:35,246 - 1495890 - piper.organizer - ERROR - []
2025-09-08 06:15:35,248 - 1495890 - piper.organizer - ERROR - []
2025-09-08 06:15:35,248 - 1495890 - piper.organizer - ERROR - []
2025-09-08 06:15:35,249 - 1495890 - piper.organizer - ERROR - []
2025-09-08 06:15:35,249 - 1495890 - piper.organizer - ERROR - []
2025-09-08 06:15:35,250 - 1495890 - piper.organizer - ERROR - []
2025-09-08 06:15:35,250 - 1495890 - piper.organizer - ERROR - []
2025-09-08 06:15:35,251 - 1495890 - piper.organizer - ERROR - []
2025-09-08 06:15:35,251 - 1495890 - piper.organizer - ERROR - []
2025-09-08 06:15:35,252 - 1495890 - piper.organizer - ERROR - []
2025-09-08 06:15:35,252 - 1495890 - piper.organizer - ERROR - []
2025-09-08 06:15:35,255 - 1495890 - piper.organizer - ERROR - []
2025-09-08 06:15:35,255 - 1495890 - piper.organizer - ERROR - []
2025-09-08 06:15:35,255 - 1495890 - piper.organizer - ERROR - []
2025-09-08 06:15:35,256 - 1495890 - piper.organizer - ERROR - []
2025-09-08 06:15:35,256 - 1495890 - piper.organizer - ERROR - []
2025-09-08 06:15:35,257 - 1495890 - piper.organizer - ERROR - []
2025-09-08 06:15:35,257 - 1495890 - piper.organizer - ERROR - []
2025-09-08 06:15:35,257 - 1495890 - piper.organizer - ERROR - []
2025-09-08 06:15:35,257 - 1495890 - piper.organizer - ERROR - []
2025-09-08 06:15:35,257 - 1495890 - piper.organizer - ERROR - []
2025-09-08 06:15:35,258 - 1495890 - piper.organizer - ERROR - []
2025-09-08 06:15:35,260 - 1495890 - piper.organizer - ERROR - []
2025-09-08 06:15:35,260 - 1495890 - piper.organizer - ERROR - []
2025-09-08 06:15:35,261 - 1495890 - piper.organizer - ERROR - []
2025-09-08 06:15:35,261 - 1495890 - piper.organizer - ERROR - []
2025-09-08 06:15:35,263 - 1495890 - piper.organizer - ERROR - []
2025-09-08 06:15:35,263 - 1495890 - piper.organizer - ERROR - []
2025-09-08 06:15:35,263 - 1495890 - piper.organizer - ERROR - []
2025-09-08 06:15:35,263 - 1495890 - piper.organizer - ERROR - []
2025-09-08 06:15:35,263 - 1495890 - piper.organizer - ERROR - []
2025-09-08 06:15:35,263 - 1495890 - piper.organizer - ERROR - []
2025-09-08 06:15:35,273 - 1495890 - piper.organizer - ERROR - []
2025-09-08 06:15:35,273 - 1495890 - piper.organizer - ERROR - []
2025-09-08 06:15:35,277 - 1495890 - piper.organizer - ERROR - []
2025-09-08 06:15:35,277 - 1495890 - piper.organizer - ERROR - []
2025-09-08 06:15:35,277 - 1495890 - piper.organizer - ERROR - []
2025-09-08 06:15:35,278 - 1495890 - piper.organizer - ERROR - []
2025-09-08 06:15:35,278 - 1495890 - piper.organizer - ERROR - []
2025-09-08 06:15:35,280 - 1495890 - piper.organizer - ERROR - []
2025-09-08 06:15:35,284 - 1495890 - piper.organizer - ERROR - []
2025-09-08 06:15:35,284 - 1495890 - piper.organizer - ERROR - []
2025-09-08 06:15:35,284 - 1495890 - piper.organizer - ERROR - []
2025-09-08 06:15:35,285 - 1495890 - piper.organizer - ERROR - []
2025-09-08 06:15:35,285 - 1495890 - piper.organizer - ERROR - []
2025-09-08 06:15:35,285 - 1495890 - piper.organizer - ERROR - []
2025-09-08 06:15:35,286 - 1495890 - piper.organizer - ERROR - []
2025-09-08 06:15:35,286 - 1495890 - piper.organizer - ERROR - []
2025-09-08 06:15:35,286 - 1495890 - piper.organizer - ERROR - []
2025-09-08 06:15:35,287 - 1495890 - piper.organizer - ERROR - []
2025-09-08 06:15:35,287 - 1495890 - piper.organizer - ERROR - []
2025-09-08 06:15:35,287 - 1495890 - piper.organizer - ERROR - []
2025-09-08 06:15:35,288 - 1495890 - piper.organizer - ERROR - []
2025-09-08 06:15:35,288 - 1495890 - piper.organizer - ERROR - []
2025-09-08 06:15:35,288 - 1495890 - piper.organizer - ERROR - []
2025-09-08 06:15:35,289 - 1495890 - piper.organizer - ERROR - []
2025-09-08 06:15:35,289 - 1495890 - piper.organizer - ERROR - []
2025-09-08 06:15:35,289 - 1495890 - piper.organizer - ERROR - []
2025-09-08 06:15:35,290 - 1495890 - piper.organizer - ERROR - []
2025-09-08 06:15:35,290 - 1495890 - piper.organizer - ERROR - []
2025-09-08 06:15:35,291 - 1495890 - piper.organizer - ERROR - []
2025-09-08 06:15:35,291 - 1495890 - piper.organizer - ERROR - []
2025-09-08 06:15:35,291 - 1495890 - piper.organizer - ERROR - []
2025-09-08 06:15:35,292 - 1495890 - piper.organizer - ERROR - []
2025-09-08 06:15:35,292 - 1495890 - piper.organizer - ERROR - []
2025-09-08 06:15:35,292 - 1495890 - piper.organizer - ERROR - []
2025-09-08 06:15:35,293 - 1495890 - piper.organizer - ERROR - []
2025-09-08 06:15:35,293 - 1495890 - piper.organizer - ERROR - []
2025-09-08 06:15:35,293 - 1495890 - piper.organizer - ERROR - []
2025-09-08 06:15:35,293 - 1495890 - piper.organizer - ERROR - []
2025-09-08 06:15:35,294 - 1495890 - piper.organizer - ERROR - []
2025-09-08 06:15:35,294 - 1495890 - piper.organizer - ERROR - []
2025-09-08 06:15:35,294 - 1495890 - piper.organizer - ERROR - []
2025-09-08 06:15:35,296 - 1495890 - piper.organizer - ERROR - []
2025-09-08 06:15:35,296 - 1495890 - piper.organizer - ERROR - []
2025-09-08 06:15:35,297 - 1495890 - piper.organizer - ERROR - []
2025-09-08 06:15:35,297 - 1495890 - piper.organizer - ERROR - []
2025-09-08 06:15:35,297 - 1495890 - piper.organizer - ERROR - []
2025-09-08 06:15:35,299 - 1495890 - piper.organizer - ERROR - []
2025-09-08 06:15:35,300 - 1495890 - piper.organizer - ERROR - []
2025-09-08 06:15:35,300 - 1495890 - piper.organizer - ERROR - []
2025-09-08 06:15:35,301 - 1495890 - piper.organizer - ERROR - []
2025-09-08 06:15:35,301 - 1495890 - piper.organizer - ERROR - []
2025-09-08 06:15:35,302 - 1495890 - piper.organizer - ERROR - []
2025-09-08 06:15:35,302 - 1495890 - piper.organizer - ERROR - []
2025-09-08 06:15:35,302 - 1495890 - piper.organizer - ERROR - []
2025-09-08 06:15:35,302 - 1495890 - piper.organizer - ERROR - []
2025-09-08 06:15:35,303 - 1495890 - piper.organizer - ERROR - []
2025-09-08 06:15:35,303 - 1495890 - piper.organizer - ERROR - []
2025-09-08 06:15:35,303 - 1495890 - piper.organizer - ERROR - []
2025-09-08 06:15:35,303 - 1495890 - piper.organizer - ERROR - []
2025-09-08 06:15:35,304 - 1495890 - piper.organizer - ERROR - []
2025-09-08 06:15:35,304 - 1495890 - piper.organizer - ERROR - []
2025-09-08 06:15:35,304 - 1495890 - piper.organizer - ERROR - []
2025-09-08 06:15:35,304 - 1495890 - piper.organizer - ERROR - []
2025-09-08 06:15:35,304 - 1495890 - piper.organizer - ERROR - []
2025-09-08 06:15:35,305 - 1495890 - piper.organizer - ERROR - []
2025-09-08 06:15:35,305 - 1495890 - piper.organizer - ERROR - []
2025-09-08 06:15:35,309 - 1495890 - piper.organizer - ERROR - []
2025-09-08 06:15:35,309 - 1495890 - piper.organizer - ERROR - []
2025-09-08 06:15:35,309 - 1495890 - piper.organizer - ERROR - []
2025-09-08 06:15:35,309 - 1495890 - piper.organizer - ERROR - []
2025-09-08 06:15:35,310 - 1495890 - piper.organizer - ERROR - []
2025-09-08 06:15:35,310 - 1495890 - piper.organizer - ERROR - []
2025-09-08 06:15:35,310 - 1495890 - piper.organizer - ERROR - []
2025-09-08 06:15:35,311 - 1495890 - piper.organizer - ERROR - []
2025-09-08 06:15:35,311 - 1495890 - piper.organizer - ERROR - []
2025-09-08 06:15:35,311 - 1495890 - piper.organizer - ERROR - []
2025-09-08 06:15:35,311 - 1495890 - piper.organizer - ERROR - []
2025-09-08 06:15:35,312 - 1495890 - piper.organizer - ERROR - []
2025-09-08 06:15:35,313 - 1495890 - piper.organizer - ERROR - []
2025-09-08 06:15:35,313 - 1495890 - piper.organizer - ERROR - []
2025-09-08 06:15:35,313 - 1495890 - piper.organizer - ERROR - []
2025-09-08 06:15:35,313 - 1495890 - piper.organizer - ERROR - []
2025-09-08 06:15:35,314 - 1495890 - piper.organizer - ERROR - []
2025-09-08 06:15:35,314 - 1495890 - piper.organizer - ERROR - []
2025-09-08 06:15:35,315 - 1495890 - piper.organizer - ERROR - []
2025-09-08 06:15:35,315 - 1495890 - piper.organizer - ERROR - []
2025-09-08 06:15:35,316 - 1495890 - piper.organizer - ERROR - []
2025-09-08 06:15:35,316 - 1495890 - piper.organizer - ERROR - []
2025-09-08 06:15:35,316 - 1495530 - piper.organizer - INFO - Monitoring process with target PipelineOrganizer.execute and pid 1495890
2025-09-08 06:15:35,316 - 1495890 - piper.organizer - ERROR - []
2025-09-08 06:15:35,316 - 1495890 - piper.organizer - ERROR - []
2025-09-08 06:15:35,321 - 1495890 - piper.organizer - ERROR - []
2025-09-08 06:15:35,321 - 1495890 - piper.organizer - ERROR - []
2025-09-08 06:15:35,322 - 1495890 - piper.organizer - ERROR - []
2025-09-08 06:15:35,323 - 1495890 - piper.organizer - ERROR - []
2025-09-08 06:15:35,327 - 1495890 - piper.organizer - ERROR - []
2025-09-08 06:15:35,328 - 1495890 - piper.organizer - ERROR - []
2025-09-08 06:15:35,329 - 1495890 - piper.organizer - ERROR - []
2025-09-08 06:15:35,329 - 1495890 - piper.organizer - ERROR - []
2025-09-08 06:15:35,329 - 1495890 - piper.organizer - ERROR - []
2025-09-08 06:15:35,329 - 1495890 - piper.organizer - ERROR - []
2025-09-08 06:15:35,330 - 1495890 - piper.organizer - ERROR - []
2025-09-08 06:15:35,330 - 1495890 - piper.organizer - ERROR - []
2025-09-08 06:15:35,330 - 1495890 - piper.organizer - ERROR - []
2025-09-08 06:15:35,331 - 1495890 - piper.organizer - ERROR - []
2025-09-08 06:15:35,338 - 1495890 - piper.organizer - ERROR - []
2025-09-08 06:15:35,338 - 1495890 - piper.organizer - ERROR - []
2025-09-08 06:15:35,338 - 1495890 - piper.organizer - ERROR - []
2025-09-08 06:15:35,339 - 1495890 - piper.organizer - ERROR - []
2025-09-08 06:15:35,339 - 1495890 - piper.organizer - ERROR - []
2025-09-08 06:15:35,341 - 1495890 - piper.organizer - ERROR - []
2025-09-08 06:15:35,341 - 1495890 - piper.organizer - ERROR - []
2025-09-08 06:15:35,341 - 1495890 - piper.organizer - ERROR - []
2025-09-08 06:15:35,342 - 1495890 - piper.organizer - ERROR - []
2025-09-08 06:15:35,342 - 1495890 - piper.organizer - ERROR - []
2025-09-08 06:15:35,344 - 1495890 - piper.organizer - ERROR - []
2025-09-08 06:15:35,344 - 1495890 - piper.organizer - ERROR - []
2025-09-08 06:15:35,345 - 1495890 - piper.organizer - ERROR - []
2025-09-08 06:15:35,345 - 1495890 - piper.organizer - ERROR - []
2025-09-08 06:15:35,345 - 1495890 - piper.organizer - ERROR - []
2025-09-08 06:15:35,345 - 1495890 - piper.organizer - ERROR - []
2025-09-08 06:15:35,346 - 1495890 - piper.organizer - ERROR - []
2025-09-08 06:15:35,346 - 1495890 - piper.organizer - ERROR - []
2025-09-08 06:15:35,346 - 1495890 - piper.organizer - ERROR - []
2025-09-08 06:15:35,346 - 1495890 - piper.organizer - ERROR - []
2025-09-08 06:15:35,346 - 1495890 - piper.organizer - ERROR - []
2025-09-08 06:15:35,349 - 1495890 - piper.organizer - ERROR - []
2025-09-08 06:15:35,349 - 1495890 - piper.organizer - ERROR - []
2025-09-08 06:15:35,349 - 1495890 - piper.organizer - ERROR - []
2025-09-08 06:15:35,350 - 1495890 - piper.organizer - ERROR - []
2025-09-08 06:15:35,350 - 1495890 - piper.organizer - ERROR - []
2025-09-08 06:15:35,353 - 1495890 - piper.organizer - ERROR - []
2025-09-08 06:15:35,354 - 1495890 - piper.organizer - ERROR - []
2025-09-08 06:15:35,354 - 1495890 - piper.organizer - ERROR - []
2025-09-08 06:15:35,354 - 1495890 - piper.organizer - ERROR - []
2025-09-08 06:15:35,356 - 1495890 - piper.organizer - ERROR - []
2025-09-08 06:15:35,357 - 1495890 - piper.organizer - ERROR - []
2025-09-08 06:15:35,358 - 1495890 - piper.organizer - ERROR - []
2025-09-08 06:15:35,358 - 1495890 - piper.organizer - ERROR - []
2025-09-08 06:15:35,358 - 1495890 - piper.organizer - ERROR - []
2025-09-08 06:15:35,358 - 1495890 - piper.organizer - ERROR - []
2025-09-08 06:15:35,359 - 1495890 - piper.organizer - ERROR - []
2025-09-08 06:15:35,359 - 1495890 - piper.organizer - ERROR - []
2025-09-08 06:15:35,359 - 1495890 - piper.organizer - ERROR - []
2025-09-08 06:15:35,359 - 1495890 - piper.organizer - ERROR - []
2025-09-08 06:15:35,361 - 1495890 - piper.organizer - ERROR - []
2025-09-08 06:15:35,361 - 1495890 - piper.organizer - ERROR - []
2025-09-08 06:15:35,361 - 1495890 - piper.organizer - ERROR - []
2025-09-08 06:15:35,362 - 1495890 - piper.organizer - ERROR - []
2025-09-08 06:15:35,363 - 1495890 - piper.organizer - ERROR - []
2025-09-08 06:15:35,363 - 1495890 - piper.organizer - ERROR - []
2025-09-08 06:15:35,363 - 1495890 - piper.organizer - ERROR - []
2025-09-08 06:15:35,364 - 1495890 - piper.organizer - ERROR - []
2025-09-08 06:15:35,364 - 1495890 - piper.organizer - ERROR - []
2025-09-08 06:15:35,365 - 1495890 - piper.organizer - ERROR - []
2025-09-08 06:15:35,366 - 1495890 - piper.organizer - ERROR - []
2025-09-08 06:15:35,366 - 1495890 - piper.organizer - ERROR - []
2025-09-08 06:15:35,366 - 1495890 - piper.organizer - ERROR - []
2025-09-08 06:15:35,367 - 1495890 - piper.organizer - ERROR - []
2025-09-08 06:15:35,367 - 1495890 - piper.organizer - ERROR - []
2025-09-08 06:15:35,368 - 1495890 - piper.organizer - ERROR - []
2025-09-08 06:15:35,368 - 1495890 - piper.organizer - ERROR - []
2025-09-08 06:15:35,369 - 1495890 - piper.organizer - ERROR - []
2025-09-08 06:15:35,369 - 1495890 - piper.organizer - ERROR - []
2025-09-08 06:15:35,369 - 1495890 - piper.organizer - ERROR - []
2025-09-08 06:15:35,370 - 1495890 - piper.organizer - ERROR - []
2025-09-08 06:15:35,370 - 1495890 - piper.organizer - ERROR - []
2025-09-08 06:15:35,371 - 1495890 - piper.organizer - ERROR - []
2025-09-08 06:15:35,371 - 1495890 - piper.organizer - ERROR - []
2025-09-08 06:15:35,372 - 1495890 - piper.organizer - ERROR - []
2025-09-08 06:15:35,372 - 1495890 - piper.organizer - ERROR - []
2025-09-08 06:15:35,372 - 1495890 - piper.organizer - ERROR - []
2025-09-08 06:15:35,373 - 1495890 - piper.organizer - ERROR - []
2025-09-08 06:15:35,373 - 1495890 - piper.organizer - ERROR - []
2025-09-08 06:15:35,373 - 1495890 - piper.organizer - ERROR - []
2025-09-08 06:15:35,374 - 1495890 - piper.organizer - ERROR - []
2025-09-08 06:15:35,374 - 1495890 - piper.organizer - ERROR - []
2025-09-08 06:15:35,374 - 1495890 - piper.organizer - ERROR - []
2025-09-08 06:15:35,374 - 1495890 - piper.organizer - ERROR - []
2025-09-08 06:15:35,376 - 1495890 - piper.organizer - ERROR - []
2025-09-08 06:15:35,376 - 1495890 - piper.organizer - ERROR - []
2025-09-08 06:15:35,377 - 1495890 - piper.organizer - ERROR - []
2025-09-08 06:15:35,377 - 1495890 - piper.organizer - ERROR - []
2025-09-08 06:15:35,377 - 1495890 - piper.organizer - ERROR - []
2025-09-08 06:15:35,378 - 1495890 - piper.organizer - ERROR - []
2025-09-08 06:15:35,378 - 1495890 - piper.organizer - ERROR - []
2025-09-08 06:15:35,378 - 1495890 - piper.organizer - ERROR - []
2025-09-08 06:15:35,378 - 1495890 - piper.organizer - ERROR - []
2025-09-08 06:15:35,378 - 1495890 - piper.organizer - ERROR - []
2025-09-08 06:15:35,379 - 1495890 - piper.organizer - ERROR - []
2025-09-08 06:15:35,380 - 1495890 - piper.organizer - ERROR - []
2025-09-08 06:15:35,380 - 1495890 - piper.organizer - ERROR - []
2025-09-08 06:15:35,381 - 1495890 - piper.organizer - ERROR - []
2025-09-08 06:15:35,381 - 1495890 - piper.organizer - ERROR - []
2025-09-08 06:15:35,381 - 1495890 - piper.organizer - ERROR - []
2025-09-08 06:15:35,381 - 1495890 - piper.organizer - ERROR - []
2025-09-08 06:15:35,381 - 1495890 - piper.organizer - ERROR - []
2025-09-08 06:15:35,381 - 1495890 - piper.organizer - ERROR - []
2025-09-08 06:15:35,382 - 1495890 - piper.organizer - ERROR - []
2025-09-08 06:15:35,382 - 1495890 - piper.organizer - ERROR - []
2025-09-08 06:15:35,382 - 1495890 - piper.organizer - ERROR - []
2025-09-08 06:15:35,384 - 1495890 - piper.organizer - ERROR - []
2025-09-08 06:15:35,384 - 1495890 - piper.organizer - ERROR - []
2025-09-08 06:15:35,384 - 1495890 - piper.organizer - ERROR - []
2025-09-08 06:15:35,385 - 1495890 - piper.organizer - ERROR - []
2025-09-08 06:15:35,386 - 1495890 - piper.organizer - ERROR - []
2025-09-08 06:15:35,386 - 1495890 - piper.organizer - ERROR - []
2025-09-08 06:15:35,387 - 1495890 - piper.organizer - ERROR - []
2025-09-08 06:15:35,387 - 1495890 - piper.organizer - ERROR - []
2025-09-08 06:15:35,387 - 1495890 - piper.organizer - ERROR - []
2025-09-08 06:15:35,387 - 1495890 - piper.organizer - ERROR - []
2025-09-08 06:15:35,388 - 1495890 - piper.organizer - ERROR - []
2025-09-08 06:15:35,388 - 1495890 - piper.organizer - ERROR - []
2025-09-08 06:15:35,389 - 1495890 - piper.organizer - ERROR - []
2025-09-08 06:15:35,389 - 1495890 - piper.organizer - ERROR - []
2025-09-08 06:15:35,390 - 1495890 - piper.organizer - ERROR - []
2025-09-08 06:15:35,390 - 1495890 - piper.organizer - ERROR - []
2025-09-08 06:15:35,390 - 1495890 - piper.organizer - ERROR - []
2025-09-08 06:15:35,391 - 1495890 - piper.organizer - ERROR - []
2025-09-08 06:15:35,391 - 1495890 - piper.organizer - ERROR - []
2025-09-08 06:15:35,391 - 1495890 - piper.organizer - ERROR - []
2025-09-08 06:15:35,391 - 1495890 - piper.organizer - ERROR - []
2025-09-08 06:15:35,393 - 1495890 - piper.organizer - ERROR - []
2025-09-08 06:15:35,393 - 1495890 - piper.organizer - ERROR - []
2025-09-08 06:15:35,394 - 1495890 - piper.organizer - ERROR - []
2025-09-08 06:15:35,394 - 1495890 - piper.organizer - ERROR - []
2025-09-08 06:15:35,394 - 1495890 - piper.organizer - ERROR - []
2025-09-08 06:15:35,395 - 1495890 - piper.organizer - ERROR - []
2025-09-08 06:15:35,395 - 1495890 - piper.organizer - ERROR - []
2025-09-08 06:15:35,395 - 1495890 - piper.organizer - ERROR - []
2025-09-08 06:15:35,395 - 1495890 - piper.organizer - ERROR - []
2025-09-08 06:15:35,396 - 1495890 - piper.organizer - ERROR - []
2025-09-08 06:15:35,396 - 1495890 - piper.organizer - ERROR - []
2025-09-08 06:15:35,397 - 1495890 - piper.organizer - ERROR - []
2025-09-08 06:15:35,397 - 1495890 - piper.organizer - ERROR - []
2025-09-08 06:15:35,397 - 1495890 - piper.organizer - ERROR - []
2025-09-08 06:15:35,398 - 1495890 - piper.organizer - ERROR - []
2025-09-08 06:15:35,398 - 1495890 - piper.organizer - ERROR - []
2025-09-08 06:15:35,399 - 1495890 - piper.organizer - ERROR - []
2025-09-08 06:15:35,399 - 1495890 - piper.organizer - ERROR - []
2025-09-08 06:15:35,399 - 1495890 - piper.organizer - ERROR - []
2025-09-08 06:15:35,407 - 1495890 - piper.organizer - ERROR - []
2025-09-08 06:15:35,407 - 1495890 - piper.organizer - ERROR - []
2025-09-08 06:15:35,409 - 1495890 - piper.organizer - ERROR - []
2025-09-08 06:15:35,409 - 1495890 - piper.organizer - ERROR - []
2025-09-08 06:15:35,409 - 1495890 - piper.organizer - ERROR - []
2025-09-08 06:15:35,411 - 1495890 - piper.organizer - ERROR - []
2025-09-08 06:15:35,411 - 1495890 - piper.organizer - ERROR - []
2025-09-08 06:15:35,411 - 1495890 - piper.organizer - ERROR - []
2025-09-08 06:15:35,412 - 1495890 - piper.organizer - ERROR - []
2025-09-08 06:15:35,412 - 1495890 - piper.organizer - ERROR - []
2025-09-08 06:15:35,412 - 1495890 - piper.organizer - ERROR - []
2025-09-08 06:15:35,413 - 1495890 - piper.organizer - ERROR - []
2025-09-08 06:15:35,413 - 1495890 - piper.organizer - ERROR - []
2025-09-08 06:15:35,413 - 1495890 - piper.organizer - ERROR - []
2025-09-08 06:15:35,413 - 1495890 - piper.organizer - ERROR - []
2025-09-08 06:15:35,414 - 1495890 - piper.organizer - ERROR - []
2025-09-08 06:15:35,415 - 1495890 - piper.organizer - ERROR - []
2025-09-08 06:15:35,415 - 1495890 - piper.organizer - ERROR - []
2025-09-08 06:15:35,415 - 1495890 - piper.organizer - ERROR - []
2025-09-08 06:15:35,415 - 1495890 - piper.organizer - ERROR - []
2025-09-08 06:15:35,416 - 1495890 - piper.organizer - ERROR - []
2025-09-08 06:15:35,417 - 1495890 - piper.organizer - ERROR - []
2025-09-08 06:15:35,417 - 1495890 - piper.organizer - ERROR - []
2025-09-08 06:15:35,417 - 1495890 - piper.organizer - ERROR - []
2025-09-08 06:15:35,418 - 1495890 - piper.organizer - ERROR - []
2025-09-08 06:15:35,419 - 1495890 - piper.organizer - ERROR - []
2025-09-08 06:15:35,419 - 1495890 - piper.organizer - ERROR - []
2025-09-08 06:15:35,419 - 1495890 - piper.organizer - ERROR - []
2025-09-08 06:15:35,419 - 1495890 - piper.organizer - ERROR - []
2025-09-08 06:15:35,419 - 1495890 - piper.organizer - ERROR - []
2025-09-08 06:15:35,420 - 1495890 - piper.organizer - ERROR - []
2025-09-08 06:15:35,420 - 1495890 - piper.organizer - ERROR - []
2025-09-08 06:15:35,421 - 1495890 - piper.organizer - ERROR - []
2025-09-08 06:15:35,421 - 1495890 - piper.organizer - ERROR - []
2025-09-08 06:15:35,421 - 1495890 - piper.organizer - ERROR - []
2025-09-08 06:15:35,422 - 1495890 - piper.organizer - ERROR - []
2025-09-08 06:15:35,422 - 1495890 - piper.organizer - ERROR - []
2025-09-08 06:15:35,422 - 1495890 - piper.organizer - ERROR - []
2025-09-08 06:15:35,423 - 1495890 - piper.organizer - ERROR - []
2025-09-08 06:15:35,423 - 1495890 - piper.organizer - ERROR - []
2025-09-08 06:15:35,424 - 1495890 - piper.organizer - ERROR - []
2025-09-08 06:15:35,424 - 1495890 - piper.organizer - ERROR - []
2025-09-08 06:15:35,425 - 1495890 - piper.organizer - ERROR - []
2025-09-08 06:15:35,426 - 1495890 - piper.organizer - ERROR - []
2025-09-08 06:15:35,426 - 1495890 - piper.organizer - ERROR - []
2025-09-08 06:15:35,426 - 1495890 - piper.organizer - ERROR - []
2025-09-08 06:15:35,427 - 1495890 - piper.organizer - ERROR - []
2025-09-08 06:15:35,427 - 1495890 - piper.organizer - ERROR - []
2025-09-08 06:15:35,428 - 1495890 - piper.organizer - ERROR - []
2025-09-08 06:15:35,428 - 1495890 - piper.organizer - ERROR - []
2025-09-08 06:15:35,428 - 1495890 - piper.organizer - ERROR - []
2025-09-08 06:15:35,428 - 1495890 - piper.organizer - ERROR - []
2025-09-08 06:15:35,429 - 1495890 - piper.organizer - ERROR - []
2025-09-08 06:15:35,429 - 1495890 - piper.organizer - ERROR - []
2025-09-08 06:15:35,429 - 1495890 - piper.organizer - ERROR - []
2025-09-08 06:15:35,429 - 1495890 - piper.organizer - ERROR - []
2025-09-08 06:15:35,430 - 1495890 - piper.organizer - ERROR - []
2025-09-08 06:15:35,430 - 1495890 - piper.organizer - ERROR - []
2025-09-08 06:15:35,430 - 1495890 - piper.organizer - ERROR - []
2025-09-08 06:15:35,432 - 1495890 - piper.organizer - ERROR - []
2025-09-08 06:15:35,432 - 1495890 - piper.organizer - ERROR - []
2025-09-08 06:15:35,432 - 1495890 - piper.organizer - ERROR - []
2025-09-08 06:15:35,432 - 1495890 - piper.organizer - ERROR - []
2025-09-08 06:15:35,432 - 1495890 - piper.organizer - ERROR - []
2025-09-08 06:15:35,432 - 1495890 - piper.organizer - ERROR - []
2025-09-08 06:15:35,432 - 1495890 - piper.organizer - ERROR - []
2025-09-08 06:15:35,434 - 1495890 - piper.organizer - ERROR - []
2025-09-08 06:15:35,434 - 1495890 - piper.organizer - ERROR - []
2025-09-08 06:15:35,435 - 1495890 - piper.organizer - ERROR - []
2025-09-08 06:15:35,435 - 1495890 - piper.organizer - ERROR - []
2025-09-08 06:15:35,435 - 1495890 - piper.organizer - ERROR - []
2025-09-08 06:15:35,436 - 1495890 - piper.organizer - ERROR - []
2025-09-08 06:15:35,436 - 1495890 - piper.organizer - ERROR - []
2025-09-08 06:15:35,437 - 1495890 - piper.organizer - ERROR - []
2025-09-08 06:15:35,438 - 1495890 - piper.organizer - ERROR - []
2025-09-08 06:15:35,438 - 1495890 - piper.organizer - ERROR - []
2025-09-08 06:15:35,438 - 1495890 - piper.organizer - ERROR - []
2025-09-08 06:15:35,440 - 1495890 - piper.organizer - ERROR - []
2025-09-08 06:15:35,440 - 1495890 - piper.organizer - ERROR - []
2025-09-08 06:15:35,441 - 1495890 - piper.organizer - ERROR - []
2025-09-08 06:15:35,441 - 1495890 - piper.organizer - ERROR - []
2025-09-08 06:15:35,441 - 1495890 - piper.organizer - ERROR - []
2025-09-08 06:15:35,442 - 1495890 - piper.organizer - ERROR - []
2025-09-08 06:15:35,442 - 1495890 - piper.organizer - ERROR - []
2025-09-08 06:15:35,443 - 1495890 - piper.organizer - ERROR - []
2025-09-08 06:15:35,443 - 1495890 - piper.organizer - ERROR - []
2025-09-08 06:15:35,443 - 1495890 - piper.organizer - ERROR - []
2025-09-08 06:15:35,444 - 1495890 - piper.organizer - ERROR - []
2025-09-08 06:15:35,444 - 1495890 - piper.organizer - ERROR - []
2025-09-08 06:15:35,444 - 1495890 - piper.organizer - ERROR - []
2025-09-08 06:15:35,445 - 1495890 - piper.organizer - ERROR - []
2025-09-08 06:15:35,445 - 1495890 - piper.organizer - ERROR - []
2025-09-08 06:15:35,445 - 1495890 - piper.organizer - ERROR - []
2025-09-08 06:15:35,446 - 1495890 - piper.organizer - ERROR - []
2025-09-08 06:15:35,446 - 1495890 - piper.organizer - ERROR - []
2025-09-08 06:15:35,446 - 1495890 - piper.organizer - ERROR - []
2025-09-08 06:15:35,447 - 1495890 - piper.organizer - ERROR - []
2025-09-08 06:15:35,447 - 1495890 - piper.organizer - ERROR - []
2025-09-08 06:15:35,448 - 1495890 - piper.organizer - ERROR - []
2025-09-08 06:15:35,448 - 1495890 - piper.organizer - ERROR - []
2025-09-08 06:15:35,448 - 1495890 - piper.organizer - ERROR - []
2025-09-08 06:15:35,448 - 1495890 - piper.organizer - ERROR - []
2025-09-08 06:15:35,448 - 1495890 - piper.organizer - ERROR - []
2025-09-08 06:15:35,449 - 1495890 - piper.organizer - ERROR - []
2025-09-08 06:15:35,449 - 1495890 - piper.organizer - ERROR - []
2025-09-08 06:15:35,449 - 1495890 - piper.organizer - ERROR - []
2025-09-08 06:15:35,449 - 1495890 - piper.organizer - ERROR - []
2025-09-08 06:15:35,451 - 1495890 - piper.organizer - ERROR - []
2025-09-08 06:15:35,451 - 1495890 - piper.organizer - ERROR - []
2025-09-08 06:15:35,451 - 1495890 - piper.organizer - ERROR - []
2025-09-08 06:15:35,453 - 1495890 - piper.organizer - ERROR - []
2025-09-08 06:15:35,453 - 1495890 - piper.organizer - ERROR - []
2025-09-08 06:15:35,454 - 1495890 - piper.organizer - ERROR - []
2025-09-08 06:15:35,454 - 1495890 - piper.organizer - ERROR - []
2025-09-08 06:15:35,454 - 1495890 - piper.organizer - ERROR - []
2025-09-08 06:15:35,454 - 1495890 - piper.organizer - ERROR - []
2025-09-08 06:15:35,455 - 1495890 - piper.organizer - ERROR - []
2025-09-08 06:15:35,456 - 1495890 - piper.organizer - ERROR - []
2025-09-08 06:15:35,456 - 1495890 - piper.organizer - ERROR - []
2025-09-08 06:15:35,457 - 1495890 - piper.organizer - ERROR - []
2025-09-08 06:15:35,457 - 1495890 - piper.organizer - ERROR - []
2025-09-08 06:15:35,457 - 1495890 - piper.organizer - ERROR - []
2025-09-08 06:15:35,458 - 1495890 - piper.organizer - ERROR - []
2025-09-08 06:15:35,458 - 1495890 - piper.organizer - ERROR - []
2025-09-08 06:15:35,458 - 1495890 - piper.organizer - ERROR - []
2025-09-08 06:15:35,460 - 1495890 - piper.organizer - ERROR - []
2025-09-08 06:15:35,460 - 1495890 - piper.organizer - ERROR - []
2025-09-08 06:15:35,460 - 1495890 - piper.organizer - ERROR - []
2025-09-08 06:15:35,462 - 1495890 - piper.organizer - ERROR - []
2025-09-08 06:15:35,462 - 1495890 - piper.organizer - ERROR - []
2025-09-08 06:15:35,462 - 1495890 - piper.organizer - ERROR - []
2025-09-08 06:15:35,462 - 1495890 - piper.organizer - ERROR - []
2025-09-08 06:15:35,462 - 1495890 - piper.organizer - ERROR - []
2025-09-08 06:15:35,463 - 1495890 - piper.organizer - ERROR - []
2025-09-08 06:15:35,463 - 1495890 - piper.organizer - ERROR - []
2025-09-08 06:15:35,463 - 1495890 - piper.organizer - ERROR - []
2025-09-08 06:15:35,463 - 1495890 - piper.organizer - ERROR - []
2025-09-08 06:15:35,464 - 1495890 - piper.organizer - ERROR - []
2025-09-08 06:15:35,464 - 1495890 - piper.organizer - ERROR - []
2025-09-08 06:15:35,464 - 1495890 - piper.organizer - ERROR - []
2025-09-08 06:15:35,465 - 1495890 - piper.organizer - ERROR - []
2025-09-08 06:15:35,465 - 1495890 - piper.organizer - ERROR - []
2025-09-08 06:15:35,465 - 1495890 - piper.organizer - ERROR - []
2025-09-08 06:15:35,466 - 1495890 - piper.organizer - ERROR - []
2025-09-08 06:15:35,466 - 1495890 - piper.organizer - ERROR - []
2025-09-08 06:15:35,467 - 1495890 - piper.organizer - ERROR - []
2025-09-08 06:15:35,467 - 1495890 - piper.organizer - ERROR - []
2025-09-08 06:15:35,468 - 1495890 - piper.organizer - ERROR - []
2025-09-08 06:15:35,468 - 1495890 - piper.organizer - ERROR - []
2025-09-08 06:15:35,469 - 1495890 - piper.organizer - ERROR - []
2025-09-08 06:15:35,469 - 1495890 - piper.organizer - ERROR - []
2025-09-08 06:15:35,470 - 1495890 - piper.organizer - ERROR - []
2025-09-08 06:15:35,473 - 1495890 - piper.organizer - ERROR - []
2025-09-08 06:15:35,473 - 1495890 - piper.organizer - ERROR - []
2025-09-08 06:15:35,477 - 1495890 - piper.organizer - ERROR - []
2025-09-08 06:15:35,477 - 1495890 - piper.organizer - ERROR - []
2025-09-08 06:15:35,478 - 1495890 - piper.organizer - ERROR - []
2025-09-08 06:15:35,478 - 1495890 - piper.organizer - ERROR - []
2025-09-08 06:15:35,479 - 1495890 - piper.organizer - ERROR - []
2025-09-08 06:15:35,482 - 1495890 - piper.organizer - ERROR - []
2025-09-08 06:15:35,482 - 1495890 - piper.organizer - ERROR - []
2025-09-08 06:15:35,482 - 1495890 - piper.organizer - ERROR - []
2025-09-08 06:15:35,483 - 1495890 - piper.organizer - ERROR - []
2025-09-08 06:15:35,483 - 1495890 - piper.organizer - ERROR - []
2025-09-08 06:15:35,483 - 1495890 - piper.organizer - ERROR - []
2025-09-08 06:15:35,484 - 1495890 - piper.organizer - ERROR - []
2025-09-08 06:15:35,484 - 1495890 - piper.organizer - ERROR - []
2025-09-08 06:15:35,484 - 1495890 - piper.organizer - ERROR - []
2025-09-08 06:15:35,484 - 1495890 - piper.organizer - ERROR - []
2025-09-08 06:15:35,485 - 1495890 - piper.organizer - ERROR - []
2025-09-08 06:15:35,485 - 1495890 - piper.organizer - ERROR - []
2025-09-08 06:15:35,485 - 1495890 - piper.organizer - ERROR - []
2025-09-08 06:15:35,485 - 1495890 - piper.organizer - ERROR - []
2025-09-08 06:15:35,486 - 1495890 - piper.organizer - ERROR - []
2025-09-08 06:15:35,486 - 1495890 - piper.organizer - ERROR - []
2025-09-08 06:15:35,486 - 1495890 - piper.organizer - ERROR - []
2025-09-08 06:15:35,487 - 1495890 - piper.organizer - ERROR - []
2025-09-08 06:15:35,488 - 1495890 - piper.organizer - ERROR - []
2025-09-08 06:15:35,488 - 1495890 - piper.organizer - ERROR - []
2025-09-08 06:15:35,488 - 1495890 - piper.organizer - ERROR - []
2025-09-08 06:15:35,488 - 1495890 - piper.organizer - ERROR - []
2025-09-08 06:15:35,488 - 1495890 - piper.organizer - ERROR - []
2025-09-08 06:15:35,489 - 1495890 - piper.organizer - ERROR - []
2025-09-08 06:15:35,489 - 1495890 - piper.organizer - ERROR - []
2025-09-08 06:15:35,489 - 1495890 - piper.organizer - ERROR - []
2025-09-08 06:15:35,489 - 1495890 - piper.organizer - ERROR - []
2025-09-08 06:15:35,490 - 1495890 - piper.organizer - ERROR - []
2025-09-08 06:15:35,490 - 1495890 - piper.organizer - ERROR - []
2025-09-08 06:15:35,490 - 1495890 - piper.organizer - ERROR - []
2025-09-08 06:15:35,490 - 1495890 - piper.organizer - ERROR - []
2025-09-08 06:15:35,491 - 1495890 - piper.organizer - ERROR - []
2025-09-08 06:15:35,491 - 1495890 - piper.organizer - ERROR - []
2025-09-08 06:15:35,491 - 1495890 - piper.organizer - ERROR - []
2025-09-08 06:15:35,491 - 1495890 - piper.organizer - ERROR - []
2025-09-08 06:15:35,491 - 1495890 - piper.organizer - ERROR - []
2025-09-08 06:15:35,492 - 1495890 - piper.organizer - ERROR - []
2025-09-08 06:15:35,492 - 1495890 - piper.organizer - ERROR - []
2025-09-08 06:15:35,496 - 1495890 - piper.organizer - ERROR - []
2025-09-08 06:15:35,496 - 1495890 - piper.organizer - ERROR - []
2025-09-08 06:15:35,496 - 1495890 - piper.organizer - ERROR - []
2025-09-08 06:15:35,497 - 1495890 - piper.organizer - ERROR - []
2025-09-08 06:15:35,497 - 1495890 - piper.organizer - ERROR - []
2025-09-08 06:15:35,497 - 1495890 - piper.organizer - ERROR - []
2025-09-08 06:15:35,498 - 1495890 - piper.organizer - ERROR - []
2025-09-08 06:15:35,498 - 1495890 - piper.organizer - ERROR - []
2025-09-08 06:15:35,499 - 1495890 - piper.organizer - ERROR - []
2025-09-08 06:15:35,499 - 1495890 - piper.organizer - ERROR - []
2025-09-08 06:15:35,499 - 1495890 - piper.organizer - ERROR - []
2025-09-08 06:15:35,499 - 1495890 - piper.organizer - ERROR - []
2025-09-08 06:15:35,499 - 1495890 - piper.organizer - ERROR - []
2025-09-08 06:15:35,499 - 1495890 - piper.organizer - ERROR - []
2025-09-08 06:15:35,500 - 1495890 - piper.organizer - ERROR - []
2025-09-08 06:15:35,500 - 1495890 - piper.organizer - ERROR - []
2025-09-08 06:15:35,500 - 1495890 - piper.organizer - ERROR - []
2025-09-08 06:15:35,506 - 1495890 - piper.organizer - ERROR - []
2025-09-08 06:15:35,507 - 1495890 - piper.organizer - ERROR - []
2025-09-08 06:15:35,509 - 1495890 - piper.organizer - ERROR - []
2025-09-08 06:15:35,509 - 1495890 - piper.organizer - ERROR - []
2025-09-08 06:15:35,510 - 1495890 - piper.organizer - ERROR - []
2025-09-08 06:15:35,510 - 1495890 - piper.organizer - ERROR - []
2025-09-08 06:15:35,511 - 1495890 - piper.organizer - ERROR - []
2025-09-08 06:15:35,512 - 1495890 - piper.organizer - ERROR - []
2025-09-08 06:15:35,512 - 1495890 - piper.organizer - ERROR - []
2025-09-08 06:15:35,513 - 1495890 - piper.organizer - ERROR - []
2025-09-08 06:15:35,513 - 1495890 - piper.organizer - ERROR - []
2025-09-08 06:15:35,513 - 1495890 - piper.organizer - ERROR - []
2025-09-08 06:15:35,515 - 1495890 - piper.organizer - ERROR - []
2025-09-08 06:15:35,518 - 1495890 - piper.organizer - ERROR - []
2025-09-08 06:15:35,518 - 1495890 - piper.organizer - ERROR - []
2025-09-08 06:15:35,519 - 1495890 - piper.organizer - ERROR - []
2025-09-08 06:15:35,519 - 1495890 - piper.organizer - ERROR - []
2025-09-08 06:15:35,519 - 1495890 - piper.organizer - ERROR - []
2025-09-08 06:15:35,519 - 1495890 - piper.organizer - ERROR - []
2025-09-08 06:15:35,522 - 1495890 - piper.organizer - ERROR - []
2025-09-08 06:15:35,523 - 1495890 - piper.organizer - ERROR - []
2025-09-08 06:15:35,523 - 1495890 - piper.organizer - ERROR - []
2025-09-08 06:15:35,523 - 1495890 - piper.organizer - ERROR - []
2025-09-08 06:15:35,523 - 1495890 - piper.organizer - ERROR - []
2025-09-08 06:15:35,526 - 1495890 - piper.organizer - ERROR - []
2025-09-08 06:15:35,526 - 1495890 - piper.organizer - ERROR - []
2025-09-08 06:15:35,527 - 1495890 - piper.organizer - ERROR - []
2025-09-08 06:15:35,527 - 1495890 - piper.organizer - ERROR - []
2025-09-08 06:15:35,527 - 1495890 - piper.organizer - ERROR - []
2025-09-08 06:15:35,527 - 1495890 - piper.organizer - ERROR - []
2025-09-08 06:15:35,530 - 1495890 - piper.organizer - ERROR - []
2025-09-08 06:15:35,530 - 1495890 - piper.organizer - ERROR - []
2025-09-08 06:15:35,531 - 1495890 - piper.organizer - ERROR - []
2025-09-08 06:15:35,531 - 1495890 - piper.organizer - ERROR - []
2025-09-08 06:15:35,531 - 1495890 - piper.organizer - ERROR - []
2025-09-08 06:15:35,531 - 1495890 - piper.organizer - ERROR - []
2025-09-08 06:15:35,533 - 1495890 - piper.organizer - ERROR - []
2025-09-08 06:15:35,535 - 1495890 - piper.organizer - ERROR - []
2025-09-08 06:15:35,538 - 1495890 - piper.organizer - ERROR - []
2025-09-08 06:15:35,541 - 1495890 - piper.organizer - ERROR - []
2025-09-08 06:15:35,541 - 1495890 - piper.organizer - ERROR - []
2025-09-08 06:15:35,542 - 1495890 - piper.organizer - ERROR - []
2025-09-08 06:15:35,542 - 1495890 - piper.organizer - ERROR - []
2025-09-08 06:15:35,542 - 1495890 - piper.organizer - ERROR - []
2025-09-08 06:15:35,542 - 1495890 - piper.organizer - ERROR - []
2025-09-08 06:15:35,543 - 1495890 - piper.organizer - ERROR - []
2025-09-08 06:15:35,543 - 1495890 - piper.organizer - ERROR - []
2025-09-08 06:15:35,543 - 1495890 - piper.organizer - ERROR - []
2025-09-08 06:15:35,543 - 1495890 - piper.organizer - ERROR - []
2025-09-08 06:15:35,543 - 1495890 - piper.organizer - ERROR - []
2025-09-08 06:15:35,543 - 1495890 - piper.organizer - ERROR - []
2025-09-08 06:15:35,546 - 1495890 - piper.organizer - ERROR - []
2025-09-08 06:15:35,546 - 1495890 - piper.organizer - ERROR - []
2025-09-08 06:15:35,547 - 1495890 - piper.organizer - ERROR - []
2025-09-08 06:15:35,547 - 1495890 - piper.organizer - ERROR - []
2025-09-08 06:15:35,548 - 1495890 - piper.organizer - ERROR - []
2025-09-08 06:15:35,548 - 1495890 - piper.organizer - ERROR - []
2025-09-08 06:15:35,549 - 1495890 - piper.organizer - ERROR - []
2025-09-08 06:15:35,549 - 1495890 - piper.organizer - ERROR - []
2025-09-08 06:15:35,549 - 1495890 - piper.organizer - ERROR - []
2025-09-08 06:15:35,550 - 1495890 - piper.organizer - ERROR - []
2025-09-08 06:15:35,550 - 1495890 - piper.organizer - ERROR - []
2025-09-08 06:15:35,550 - 1495890 - piper.organizer - ERROR - []
2025-09-08 06:15:35,550 - 1495890 - piper.organizer - ERROR - []
2025-09-08 06:15:35,550 - 1495890 - piper.organizer - ERROR - []
2025-09-08 06:15:35,550 - 1495890 - piper.organizer - ERROR - []
2025-09-08 06:15:35,553 - 1495890 - piper.organizer - ERROR - []
2025-09-08 06:15:35,558 - 1495890 - piper.organizer - ERROR - []
2025-09-08 06:15:35,561 - 1495890 - piper.organizer - ERROR - []
2025-09-08 06:15:35,564 - 1495890 - piper.organizer - ERROR - []
2025-09-08 06:15:35,565 - 1495890 - piper.organizer - ERROR - []
2025-09-08 06:15:35,567 - 1495890 - piper.organizer - ERROR - []
2025-09-08 06:15:35,570 - 1495890 - piper.organizer - ERROR - []
2025-09-08 06:15:35,570 - 1495890 - piper.organizer - ERROR - []
2025-09-08 06:15:35,570 - 1495890 - piper.organizer - ERROR - []
2025-09-08 06:15:35,573 - 1495890 - piper.organizer - ERROR - []
2025-09-08 06:15:35,574 - 1495890 - piper.organizer - ERROR - []
2025-09-08 06:15:35,574 - 1495890 - piper.organizer - ERROR - []
2025-09-08 06:15:35,574 - 1495890 - piper.organizer - ERROR - []
2025-09-08 06:15:35,575 - 1495890 - piper.organizer - ERROR - []
2025-09-08 06:15:35,575 - 1495890 - piper.organizer - ERROR - []
2025-09-08 06:15:35,575 - 1495890 - piper.organizer - ERROR - []
2025-09-08 06:15:35,575 - 1495890 - piper.organizer - ERROR - []
2025-09-08 06:15:35,575 - 1495890 - piper.organizer - ERROR - []
2025-09-08 06:15:35,577 - 1495890 - piper.organizer - ERROR - []
2025-09-08 06:15:35,577 - 1495890 - piper.organizer - ERROR - []
2025-09-08 06:15:35,577 - 1495890 - piper.organizer - ERROR - []
2025-09-08 06:15:35,577 - 1495890 - piper.organizer - ERROR - []
2025-09-08 06:15:35,578 - 1495890 - piper.organizer - ERROR - []
2025-09-08 06:15:35,578 - 1495890 - piper.organizer - ERROR - []
2025-09-08 06:15:35,578 - 1495890 - piper.organizer - ERROR - []
2025-09-08 06:15:35,578 - 1495890 - piper.organizer - ERROR - []
2025-09-08 06:15:35,578 - 1495890 - piper.organizer - ERROR - []
2025-09-08 06:15:35,579 - 1495890 - piper.organizer - ERROR - []
2025-09-08 06:15:35,579 - 1495890 - piper.organizer - ERROR - []
2025-09-08 06:15:35,579 - 1495890 - piper.organizer - ERROR - []
2025-09-08 06:15:35,580 - 1495890 - piper.organizer - ERROR - []
2025-09-08 06:15:35,580 - 1495890 - piper.organizer - ERROR - []
2025-09-08 06:15:35,580 - 1495890 - piper.organizer - ERROR - []
2025-09-08 06:15:35,580 - 1495890 - piper.organizer - ERROR - []
2025-09-08 06:15:35,583 - 1495890 - piper.organizer - ERROR - []
2025-09-08 06:15:35,584 - 1495890 - piper.organizer - ERROR - []
2025-09-08 06:15:35,584 - 1495890 - piper.organizer - ERROR - []
2025-09-08 06:15:35,584 - 1495890 - piper.organizer - ERROR - []
2025-09-08 06:15:35,591 - 1495890 - piper.organizer - ERROR - []
2025-09-08 06:15:35,591 - 1495890 - piper.organizer - ERROR - []
2025-09-08 06:15:35,591 - 1495890 - piper.organizer - ERROR - []
2025-09-08 06:15:35,591 - 1495890 - piper.organizer - ERROR - []
2025-09-08 06:15:35,591 - 1495890 - piper.organizer - ERROR - []
2025-09-08 06:15:35,601 - 1495890 - piper.organizer - ERROR - []
2025-09-08 06:15:35,606 - 1495890 - piper.organizer - ERROR - []
2025-09-08 06:15:35,608 - 1495890 - piper.organizer - ERROR - []
2025-09-08 06:15:35,609 - 1495890 - piper.organizer - ERROR - []
2025-09-08 06:15:35,609 - 1495890 - piper.organizer - ERROR - []
2025-09-08 06:15:35,610 - 1495890 - piper.organizer - ERROR - []
2025-09-08 06:15:35,610 - 1495890 - piper.organizer - ERROR - []
2025-09-08 06:15:35,610 - 1495890 - piper.organizer - ERROR - []
2025-09-08 06:15:35,610 - 1495890 - piper.organizer - ERROR - []
2025-09-08 06:15:35,612 - 1495890 - piper.organizer - ERROR - []
2025-09-08 06:15:35,612 - 1495890 - piper.organizer - ERROR - []
2025-09-08 06:15:35,613 - 1495890 - piper.organizer - ERROR - []
2025-09-08 06:15:35,613 - 1495890 - piper.organizer - ERROR - []
2025-09-08 06:15:35,613 - 1495890 - piper.organizer - ERROR - []
2025-09-08 06:15:35,616 - 1495890 - piper.organizer - ERROR - []
2025-09-08 06:15:35,619 - 1495890 - piper.organizer - ERROR - []
2025-09-08 06:15:35,619 - 1495890 - piper.organizer - ERROR - []
2025-09-08 06:15:35,620 - 1495890 - piper.organizer - ERROR - []
2025-09-08 06:15:35,622 - 1495890 - piper.organizer - ERROR - []
2025-09-08 06:15:35,622 - 1495890 - piper.organizer - ERROR - []
2025-09-08 06:15:35,623 - 1495890 - piper.organizer - ERROR - []
2025-09-08 06:15:35,623 - 1495890 - piper.organizer - ERROR - []
2025-09-08 06:15:35,624 - 1495890 - piper.organizer - ERROR - []
2025-09-08 06:15:35,624 - 1495890 - piper.organizer - ERROR - []
2025-09-08 06:15:35,624 - 1495890 - piper.organizer - ERROR - []
2025-09-08 06:15:35,624 - 1495890 - piper.organizer - ERROR - []
2025-09-08 06:15:35,625 - 1495890 - piper.organizer - ERROR - []
2025-09-08 06:15:35,625 - 1495890 - piper.organizer - ERROR - []
2025-09-08 06:15:35,625 - 1495890 - piper.organizer - ERROR - []
2025-09-08 06:15:35,625 - 1495890 - piper.organizer - ERROR - []
2025-09-08 06:15:35,626 - 1495890 - piper.organizer - ERROR - []
2025-09-08 06:15:35,626 - 1495890 - piper.organizer - ERROR - []
2025-09-08 06:15:35,626 - 1495890 - piper.organizer - ERROR - []
2025-09-08 06:15:35,627 - 1495890 - piper.organizer - ERROR - []
2025-09-08 06:15:35,627 - 1495890 - piper.organizer - ERROR - []
2025-09-08 06:15:35,627 - 1495890 - piper.organizer - ERROR - []
2025-09-08 06:15:35,628 - 1495890 - piper.organizer - ERROR - []
2025-09-08 06:15:35,629 - 1495890 - piper.organizer - ERROR - []
2025-09-08 06:15:35,629 - 1495890 - piper.organizer - ERROR - []
2025-09-08 06:15:35,629 - 1495890 - piper.organizer - ERROR - []
2025-09-08 06:15:35,629 - 1495890 - piper.organizer - ERROR - []
2025-09-08 06:15:35,631 - 1495890 - piper.organizer - ERROR - []
2025-09-08 06:15:35,631 - 1495890 - piper.organizer - ERROR - []
2025-09-08 06:15:35,632 - 1495890 - piper.organizer - ERROR - []
2025-09-08 06:15:35,632 - 1495890 - piper.organizer - ERROR - []
2025-09-08 06:15:35,632 - 1495890 - piper.organizer - ERROR - []
2025-09-08 06:15:35,633 - 1495890 - piper.organizer - ERROR - []
2025-09-08 06:15:35,633 - 1495890 - piper.organizer - ERROR - []
2025-09-08 06:15:35,633 - 1495890 - piper.organizer - ERROR - []
2025-09-08 06:15:35,634 - 1495890 - piper.organizer - ERROR - []
2025-09-08 06:15:35,634 - 1495890 - piper.organizer - ERROR - []
2025-09-08 06:15:35,635 - 1495890 - piper.organizer - ERROR - []
2025-09-08 06:15:35,635 - 1495890 - piper.organizer - ERROR - []
2025-09-08 06:15:35,635 - 1495890 - piper.organizer - ERROR - []
2025-09-08 06:15:35,636 - 1495890 - piper.organizer - ERROR - []
2025-09-08 06:15:35,636 - 1495890 - piper.organizer - ERROR - []
2025-09-08 06:15:35,636 - 1495890 - piper.organizer - ERROR - []
2025-09-08 06:15:35,636 - 1495890 - piper.organizer - ERROR - []
2025-09-08 06:15:35,636 - 1495890 - piper.organizer - ERROR - []
2025-09-08 06:15:35,636 - 1495890 - piper.organizer - ERROR - []
2025-09-08 06:15:35,638 - 1495890 - piper.organizer - ERROR - []
2025-09-08 06:15:35,638 - 1495890 - piper.organizer - ERROR - []
2025-09-08 06:15:35,638 - 1495890 - piper.organizer - ERROR - []
2025-09-08 06:15:35,638 - 1495890 - piper.organizer - ERROR - []
2025-09-08 06:15:35,639 - 1495890 - piper.organizer - ERROR - []
2025-09-08 06:15:35,639 - 1495890 - piper.organizer - ERROR - []
2025-09-08 06:15:35,639 - 1495890 - piper.organizer - ERROR - []
2025-09-08 06:15:35,640 - 1495890 - piper.organizer - ERROR - []
2025-09-08 06:15:35,640 - 1495890 - piper.organizer - ERROR - []
2025-09-08 06:15:35,640 - 1495890 - piper.organizer - ERROR - []
2025-09-08 06:15:35,640 - 1495890 - piper.organizer - ERROR - []
2025-09-08 06:15:35,640 - 1495890 - piper.organizer - ERROR - []
2025-09-08 06:15:35,642 - 1495890 - piper.organizer - ERROR - []
2025-09-08 06:15:35,642 - 1495890 - piper.organizer - ERROR - []
2025-09-08 06:15:35,643 - 1495890 - piper.organizer - ERROR - []
2025-09-08 06:15:35,643 - 1495890 - piper.organizer - ERROR - []
2025-09-08 06:15:35,643 - 1495890 - piper.organizer - ERROR - []
2025-09-08 06:15:35,644 - 1495890 - piper.organizer - ERROR - []
2025-09-08 06:15:35,644 - 1495890 - piper.organizer - ERROR - []
2025-09-08 06:15:35,644 - 1495890 - piper.organizer - ERROR - []
2025-09-08 06:15:35,645 - 1495890 - piper.organizer - ERROR - []
2025-09-08 06:15:35,645 - 1495890 - piper.organizer - ERROR - []
2025-09-08 06:15:35,646 - 1495890 - piper.organizer - ERROR - []
2025-09-08 06:15:35,646 - 1495890 - piper.organizer - ERROR - []
2025-09-08 06:15:35,648 - 1495890 - piper.organizer - ERROR - []
2025-09-08 06:15:35,648 - 1495890 - piper.organizer - ERROR - []
2025-09-08 06:15:35,649 - 1495890 - piper.organizer - ERROR - []
2025-09-08 06:15:35,649 - 1495890 - piper.organizer - ERROR - []
2025-09-08 06:15:35,649 - 1495890 - piper.organizer - ERROR - []
2025-09-08 06:15:35,650 - 1495890 - piper.organizer - ERROR - []
2025-09-08 06:15:35,650 - 1495890 - piper.organizer - ERROR - []
2025-09-08 06:15:35,650 - 1495890 - piper.organizer - ERROR - []
2025-09-08 06:15:35,650 - 1495890 - piper.organizer - ERROR - []
2025-09-08 06:15:35,651 - 1495890 - piper.organizer - ERROR - []
2025-09-08 06:15:35,651 - 1495890 - piper.organizer - ERROR - []
2025-09-08 06:15:35,652 - 1495890 - piper.organizer - ERROR - []
2025-09-08 06:15:35,652 - 1495890 - piper.organizer - ERROR - []
2025-09-08 06:15:35,652 - 1495890 - piper.organizer - ERROR - []
2025-09-08 06:15:35,652 - 1495890 - piper.organizer - ERROR - []
2025-09-08 06:15:35,652 - 1495890 - piper.organizer - ERROR - []
2025-09-08 06:15:35,653 - 1495890 - piper.organizer - ERROR - []
2025-09-08 06:15:35,653 - 1495890 - piper.organizer - ERROR - []
2025-09-08 06:15:35,653 - 1495890 - piper.organizer - ERROR - []
2025-09-08 06:15:35,654 - 1495890 - piper.organizer - ERROR - []
2025-09-08 06:15:35,654 - 1495890 - piper.organizer - ERROR - []
2025-09-08 06:15:35,655 - 1495890 - piper.organizer - ERROR - []
2025-09-08 06:15:35,655 - 1495890 - piper.organizer - ERROR - []
2025-09-08 06:15:35,655 - 1495890 - piper.organizer - ERROR - []
2025-09-08 06:15:35,655 - 1495890 - piper.organizer - ERROR - []
2025-09-08 06:15:35,656 - 1495890 - piper.organizer - ERROR - []
2025-09-08 06:15:35,656 - 1495890 - piper.organizer - ERROR - []
2025-09-08 06:15:35,657 - 1495890 - piper.organizer - ERROR - []
2025-09-08 06:15:35,657 - 1495890 - piper.organizer - ERROR - []
2025-09-08 06:15:35,658 - 1495890 - piper.organizer - ERROR - []
2025-09-08 06:15:35,659 - 1495890 - piper.organizer - ERROR - []
2025-09-08 06:15:35,659 - 1495890 - piper.organizer - ERROR - []
2025-09-08 06:15:35,659 - 1495890 - piper.organizer - ERROR - []
2025-09-08 06:15:35,660 - 1495890 - piper.organizer - ERROR - []
2025-09-08 06:15:35,660 - 1495890 - piper.organizer - ERROR - []
2025-09-08 06:15:35,661 - 1495890 - piper.organizer - ERROR - []
2025-09-08 06:15:35,661 - 1495890 - piper.organizer - ERROR - []
2025-09-08 06:15:35,661 - 1495890 - piper.organizer - ERROR - []
2025-09-08 06:15:35,662 - 1495890 - piper.organizer - ERROR - []
2025-09-08 06:15:35,662 - 1495890 - piper.organizer - ERROR - []
2025-09-08 06:15:35,662 - 1495890 - piper.organizer - ERROR - []
2025-09-08 06:15:35,662 - 1495890 - piper.organizer - ERROR - []
2025-09-08 06:15:35,663 - 1495890 - piper.organizer - ERROR - []
2025-09-08 06:15:35,663 - 1495890 - piper.organizer - ERROR - []
2025-09-08 06:15:35,663 - 1495890 - piper.organizer - ERROR - []
2025-09-08 06:15:35,665 - 1495890 - piper.organizer - ERROR - []
2025-09-08 06:15:35,665 - 1495890 - piper.organizer - ERROR - []
2025-09-08 06:15:35,666 - 1495890 - piper.organizer - ERROR - []
2025-09-08 06:15:35,667 - 1495890 - piper.organizer - ERROR - []
2025-09-08 06:15:35,667 - 1495890 - piper.organizer - ERROR - []
2025-09-08 06:15:35,668 - 1495890 - piper.organizer - ERROR - []
2025-09-08 06:15:35,668 - 1495890 - piper.organizer - ERROR - []
2025-09-08 06:15:35,668 - 1495890 - piper.organizer - ERROR - []
2025-09-08 06:15:35,668 - 1495890 - piper.organizer - ERROR - []
2025-09-08 06:15:35,669 - 1495890 - piper.organizer - ERROR - []
2025-09-08 06:15:35,669 - 1495890 - piper.organizer - ERROR - []
2025-09-08 06:15:35,669 - 1495890 - piper.organizer - ERROR - []
2025-09-08 06:15:35,669 - 1495890 - piper.organizer - ERROR - []
2025-09-08 06:15:35,669 - 1495890 - piper.organizer - ERROR - []
2025-09-08 06:15:35,669 - 1495890 - piper.organizer - ERROR - []
2025-09-08 06:15:35,669 - 1495890 - piper.organizer - ERROR - []
2025-09-08 06:15:35,670 - 1495890 - piper.organizer - ERROR - []
2025-09-08 06:15:35,670 - 1495890 - piper.organizer - ERROR - []
2025-09-08 06:15:35,670 - 1495890 - piper.organizer - ERROR - []
2025-09-08 06:15:35,671 - 1495890 - piper.organizer - ERROR - []
2025-09-08 06:15:35,672 - 1495890 - piper.organizer - ERROR - []
2025-09-08 06:15:35,672 - 1495890 - piper.organizer - ERROR - []
2025-09-08 06:15:35,672 - 1495890 - piper.organizer - ERROR - []
2025-09-08 06:15:35,672 - 1495890 - piper.organizer - ERROR - []
2025-09-08 06:15:35,673 - 1495890 - piper.organizer - ERROR - []
2025-09-08 06:15:35,673 - 1495890 - piper.organizer - ERROR - []
2025-09-08 06:15:35,674 - 1495890 - piper.organizer - ERROR - []
2025-09-08 06:15:35,674 - 1495890 - piper.organizer - ERROR - []
2025-09-08 06:15:35,674 - 1495890 - piper.organizer - ERROR - []
2025-09-08 06:15:35,675 - 1495890 - piper.organizer - ERROR - []
2025-09-08 06:15:35,675 - 1495890 - piper.organizer - ERROR - []
2025-09-08 06:15:35,675 - 1495890 - piper.organizer - ERROR - []
2025-09-08 06:15:35,675 - 1495890 - piper.organizer - ERROR - []
2025-09-08 06:15:35,676 - 1495890 - piper.organizer - ERROR - []
2025-09-08 06:15:35,676 - 1495890 - piper.organizer - ERROR - []
2025-09-08 06:15:35,677 - 1495890 - piper.organizer - ERROR - []
2025-09-08 06:15:35,677 - 1495890 - piper.organizer - ERROR - []
2025-09-08 06:15:35,677 - 1495890 - piper.organizer - ERROR - []
2025-09-08 06:15:35,678 - 1495890 - piper.organizer - ERROR - []
2025-09-08 06:15:35,678 - 1495890 - piper.organizer - ERROR - []
2025-09-08 06:15:35,678 - 1495890 - piper.organizer - ERROR - []
2025-09-08 06:15:35,678 - 1495890 - piper.organizer - ERROR - []
2025-09-08 06:15:35,679 - 1495890 - piper.organizer - ERROR - []
2025-09-08 06:15:35,679 - 1495890 - piper.organizer - ERROR - []
2025-09-08 06:15:35,680 - 1495890 - piper.organizer - ERROR - []
2025-09-08 06:15:35,680 - 1495890 - piper.organizer - ERROR - []
2025-09-08 06:15:35,680 - 1495890 - piper.organizer - ERROR - []
2025-09-08 06:15:35,680 - 1495890 - piper.organizer - ERROR - []
2025-09-08 06:15:35,680 - 1495890 - piper.organizer - ERROR - []
2025-09-08 06:15:35,681 - 1495890 - piper.organizer - ERROR - []
2025-09-08 06:15:35,682 - 1495890 - piper.organizer - ERROR - []
2025-09-08 06:15:35,682 - 1495890 - piper.organizer - ERROR - []
2025-09-08 06:15:35,682 - 1495890 - piper.organizer - ERROR - []
2025-09-08 06:15:35,686 - 1495890 - piper.organizer - ERROR - []
2025-09-08 06:15:35,687 - 1495890 - piper.organizer - ERROR - []
2025-09-08 06:15:35,687 - 1495890 - piper.organizer - ERROR - []
2025-09-08 06:15:35,687 - 1495890 - piper.organizer - ERROR - []
2025-09-08 06:15:35,687 - 1495890 - piper.organizer - ERROR - []
2025-09-08 06:15:35,688 - 1495890 - piper.organizer - ERROR - []
2025-09-08 06:15:35,688 - 1495890 - piper.organizer - ERROR - []
2025-09-08 06:15:35,688 - 1495890 - piper.organizer - ERROR - []
2025-09-08 06:15:35,689 - 1495890 - piper.organizer - ERROR - []
2025-09-08 06:15:35,689 - 1495890 - piper.organizer - ERROR - []
2025-09-08 06:15:35,690 - 1495890 - piper.organizer - ERROR - []
2025-09-08 06:15:35,690 - 1495890 - piper.organizer - ERROR - []
2025-09-08 06:15:35,690 - 1495890 - piper.organizer - ERROR - []
2025-09-08 06:15:35,691 - 1495890 - piper.organizer - ERROR - []
2025-09-08 06:15:35,691 - 1495890 - piper.organizer - ERROR - []
2025-09-08 06:15:35,691 - 1495890 - piper.organizer - ERROR - []
2025-09-08 06:15:35,691 - 1495890 - piper.organizer - ERROR - []
2025-09-08 06:15:35,691 - 1495890 - piper.organizer - ERROR - []
2025-09-08 06:15:35,692 - 1495890 - piper.organizer - ERROR - []
2025-09-08 06:15:35,692 - 1495890 - piper.organizer - ERROR - []
2025-09-08 06:15:35,692 - 1495890 - piper.organizer - ERROR - []
2025-09-08 06:15:35,692 - 1495890 - piper.organizer - ERROR - []
2025-09-08 06:15:35,699 - 1495890 - piper.organizer - ERROR - []
2025-09-08 06:15:35,699 - 1495890 - piper.organizer - ERROR - []
2025-09-08 06:15:35,699 - 1495890 - piper.organizer - ERROR - []
2025-09-08 06:15:35,699 - 1495890 - piper.organizer - ERROR - []
2025-09-08 06:15:35,713 - 1495890 - piper.organizer - ERROR - []
2025-09-08 06:15:35,715 - 1495890 - piper.organizer - ERROR - []
2025-09-08 06:15:35,716 - 1495890 - piper.organizer - ERROR - []
2025-09-08 06:15:35,716 - 1495890 - piper.organizer - ERROR - []
2025-09-08 06:15:35,717 - 1495890 - piper.organizer - ERROR - []
2025-09-08 06:15:35,718 - 1495890 - piper.organizer - ERROR - []
2025-09-08 06:15:35,718 - 1495890 - piper.organizer - ERROR - []
2025-09-08 06:15:35,718 - 1495890 - piper.organizer - ERROR - []
2025-09-08 06:15:35,718 - 1495890 - piper.organizer - ERROR - []
2025-09-08 06:15:35,720 - 1495890 - piper.organizer - ERROR - []
2025-09-08 06:15:35,720 - 1495890 - piper.organizer - ERROR - []
2025-09-08 06:15:35,720 - 1495890 - piper.organizer - ERROR - []
2025-09-08 06:15:35,728 - 1495890 - piper.organizer - ERROR - []
2025-09-08 06:15:35,735 - 1495890 - piper.organizer - ERROR - []
2025-09-08 06:15:35,736 - 1495890 - piper.organizer - ERROR - []
2025-09-08 06:15:35,736 - 1495890 - piper.organizer - ERROR - []
2025-09-08 06:15:35,736 - 1495890 - piper.organizer - ERROR - []
2025-09-08 06:15:35,737 - 1495890 - piper.organizer - ERROR - []
2025-09-08 06:15:35,737 - 1495890 - piper.organizer - ERROR - []
2025-09-08 06:15:35,737 - 1495890 - piper.organizer - ERROR - []
2025-09-08 06:15:35,740 - 1495890 - piper.organizer - ERROR - []
2025-09-08 06:15:35,740 - 1495890 - piper.organizer - ERROR - []
2025-09-08 06:15:35,746 - 1495890 - piper.organizer - ERROR - []
2025-09-08 06:15:35,746 - 1495890 - piper.organizer - ERROR - []
2025-09-08 06:15:35,747 - 1495890 - piper.organizer - ERROR - []
2025-09-08 06:15:35,747 - 1495890 - piper.organizer - ERROR - []
2025-09-08 06:15:35,747 - 1495890 - piper.organizer - ERROR - []
2025-09-08 06:15:35,747 - 1495890 - piper.organizer - ERROR - []
2025-09-08 06:15:35,747 - 1495890 - piper.organizer - ERROR - []
2025-09-08 06:15:35,748 - 1495890 - piper.organizer - ERROR - []
2025-09-08 06:15:35,748 - 1495890 - piper.organizer - ERROR - []
2025-09-08 06:15:35,748 - 1495890 - piper.organizer - ERROR - []
2025-09-08 06:15:35,751 - 1495890 - piper.organizer - ERROR - []
2025-09-08 06:15:35,752 - 1495890 - piper.organizer - ERROR - []
2025-09-08 06:15:35,752 - 1495890 - piper.organizer - ERROR - []
2025-09-08 06:15:35,752 - 1495890 - piper.organizer - ERROR - []
2025-09-08 06:15:35,752 - 1495890 - piper.organizer - ERROR - []
2025-09-08 06:15:35,752 - 1495890 - piper.organizer - ERROR - []
2025-09-08 06:15:35,763 - 1495890 - piper.organizer - ERROR - []
2025-09-08 06:15:35,763 - 1495890 - piper.organizer - ERROR - []
2025-09-08 06:15:35,764 - 1495890 - piper.organizer - ERROR - []
2025-09-08 06:15:35,764 - 1495890 - piper.organizer - ERROR - []
2025-09-08 06:15:35,765 - 1495890 - piper.organizer - ERROR - []
2025-09-08 06:15:35,765 - 1495890 - piper.organizer - ERROR - []
2025-09-08 06:15:35,765 - 1495890 - piper.organizer - ERROR - []
2025-09-08 06:15:35,765 - 1495890 - piper.organizer - ERROR - []
2025-09-08 06:15:35,765 - 1495890 - piper.organizer - ERROR - []
2025-09-08 06:15:35,765 - 1495890 - piper.organizer - ERROR - []
2025-09-08 06:15:35,765 - 1495890 - piper.organizer - ERROR - []
2025-09-08 06:15:35,766 - 1495890 - piper.organizer - ERROR - []
2025-09-08 06:15:35,772 - 1495890 - piper.organizer - ERROR - []
2025-09-08 06:15:35,772 - 1495890 - piper.organizer - ERROR - []
2025-09-08 06:15:35,772 - 1495890 - piper.organizer - ERROR - []
2025-09-08 06:15:35,772 - 1495890 - piper.organizer - ERROR - []
2025-09-08 06:15:35,773 - 1495890 - piper.organizer - ERROR - []
2025-09-08 06:15:35,773 - 1495890 - piper.organizer - ERROR - []
2025-09-08 06:15:35,773 - 1495890 - piper.organizer - ERROR - []
2025-09-08 06:15:35,773 - 1495890 - piper.organizer - ERROR - []
2025-09-08 06:15:35,775 - 1495890 - piper.organizer - ERROR - []
2025-09-08 06:15:35,775 - 1495890 - piper.organizer - ERROR - []
2025-09-08 06:15:35,775 - 1495890 - piper.organizer - ERROR - []
2025-09-08 06:15:35,776 - 1495890 - piper.organizer - ERROR - []
2025-09-08 06:15:35,776 - 1495890 - piper.organizer - ERROR - []
2025-09-08 06:15:35,778 - 1495890 - piper.organizer - ERROR - []
2025-09-08 06:15:35,779 - 1495890 - piper.organizer - ERROR - []
2025-09-08 06:15:35,779 - 1495890 - piper.organizer - ERROR - []
2025-09-08 06:15:35,779 - 1495890 - piper.organizer - ERROR - []
2025-09-08 06:15:35,779 - 1495890 - piper.organizer - ERROR - []
2025-09-08 06:15:35,779 - 1495890 - piper.organizer - ERROR - []
2025-09-08 06:15:35,780 - 1495890 - piper.organizer - ERROR - []
2025-09-08 06:15:35,780 - 1495890 - piper.organizer - ERROR - []
2025-09-08 06:15:35,782 - 1495890 - piper.organizer - ERROR - []
2025-09-08 06:15:35,782 - 1495890 - piper.organizer - ERROR - []
2025-09-08 06:15:35,783 - 1495890 - piper.organizer - ERROR - []
2025-09-08 06:15:35,783 - 1495890 - piper.organizer - ERROR - []
2025-09-08 06:15:35,783 - 1495890 - piper.organizer - ERROR - []
2025-09-08 06:15:35,785 - 1495890 - piper.organizer - ERROR - []
2025-09-08 06:15:35,785 - 1495890 - piper.organizer - ERROR - []
2025-09-08 06:15:35,788 - 1495890 - piper.organizer - ERROR - []
2025-09-08 06:15:35,788 - 1495890 - piper.organizer - ERROR - []
2025-09-08 06:15:35,789 - 1495890 - piper.organizer - ERROR - []
2025-09-08 06:15:35,789 - 1495890 - piper.organizer - ERROR - []
2025-09-08 06:15:35,789 - 1495890 - piper.organizer - ERROR - []
2025-09-08 06:15:35,789 - 1495890 - piper.organizer - ERROR - []
2025-09-08 06:15:35,790 - 1495890 - piper.organizer - ERROR - []
2025-09-08 06:15:35,790 - 1495890 - piper.organizer - ERROR - []
2025-09-08 06:15:35,790 - 1495890 - piper.organizer - ERROR - []
2025-09-08 06:15:35,791 - 1495890 - piper.organizer - ERROR - []
2025-09-08 06:15:35,791 - 1495890 - piper.organizer - ERROR - []
2025-09-08 06:15:35,791 - 1495890 - piper.organizer - ERROR - []
2025-09-08 06:15:35,792 - 1495890 - piper.organizer - ERROR - []
2025-09-08 06:15:35,792 - 1495890 - piper.organizer - ERROR - []
2025-09-08 06:15:35,793 - 1495890 - piper.organizer - ERROR - []
2025-09-08 06:15:35,793 - 1495890 - piper.organizer - ERROR - []
2025-09-08 06:15:35,793 - 1495890 - piper.organizer - ERROR - []
2025-09-08 06:15:35,793 - 1495890 - piper.organizer - ERROR - []
2025-09-08 06:15:35,794 - 1495890 - piper.organizer - ERROR - []
2025-09-08 06:15:35,794 - 1495890 - piper.organizer - ERROR - []
2025-09-08 06:15:35,795 - 1495890 - piper.organizer - ERROR - []
2025-09-08 06:15:35,795 - 1495890 - piper.organizer - ERROR - []
2025-09-08 06:15:35,795 - 1495890 - piper.organizer - ERROR - []
2025-09-08 06:15:35,795 - 1495890 - piper.organizer - ERROR - []
2025-09-08 06:15:35,796 - 1495890 - piper.organizer - ERROR - []
2025-09-08 06:15:35,796 - 1495890 - piper.organizer - ERROR - []
2025-09-08 06:15:35,796 - 1495890 - piper.organizer - ERROR - []
2025-09-08 06:15:35,796 - 1495890 - piper.organizer - ERROR - []
2025-09-08 06:15:35,800 - 1495890 - piper.organizer - ERROR - []
2025-09-08 06:15:35,800 - 1495890 - piper.organizer - ERROR - []
2025-09-08 06:15:35,800 - 1495890 - piper.organizer - ERROR - []
2025-09-08 06:15:35,800 - 1495890 - piper.organizer - ERROR - []
2025-09-08 06:15:35,800 - 1495890 - piper.organizer - ERROR - []
2025-09-08 06:15:35,801 - 1495890 - piper.organizer - ERROR - []
2025-09-08 06:15:35,801 - 1495890 - piper.organizer - ERROR - []
2025-09-08 06:15:35,801 - 1495890 - piper.organizer - ERROR - []
2025-09-08 06:15:35,801 - 1495890 - piper.organizer - ERROR - []
2025-09-08 06:15:35,804 - 1495890 - piper.organizer - ERROR - []
2025-09-08 06:15:35,805 - 1495890 - piper.organizer - ERROR - []
2025-09-08 06:15:35,805 - 1495890 - piper.organizer - ERROR - []
2025-09-08 06:15:35,805 - 1495890 - piper.organizer - ERROR - []
2025-09-08 06:15:35,805 - 1495890 - piper.organizer - ERROR - []
2025-09-08 06:15:35,807 - 1495890 - piper.organizer - ERROR - []
2025-09-08 06:15:35,808 - 1495890 - piper.organizer - ERROR - []
2025-09-08 06:15:35,808 - 1495890 - piper.organizer - ERROR - []
2025-09-08 06:15:35,808 - 1495890 - piper.organizer - ERROR - []
2025-09-08 06:15:35,809 - 1495890 - piper.organizer - ERROR - []
2025-09-08 06:15:35,809 - 1495890 - piper.organizer - ERROR - []
2025-09-08 06:15:35,809 - 1495890 - piper.organizer - ERROR - []
2025-09-08 06:15:35,809 - 1495890 - piper.organizer - ERROR - []
2025-09-08 06:15:35,809 - 1495890 - piper.organizer - ERROR - []
2025-09-08 06:15:35,810 - 1495890 - piper.organizer - ERROR - []
2025-09-08 06:15:35,810 - 1495890 - piper.organizer - ERROR - []
2025-09-08 06:15:35,810 - 1495890 - piper.organizer - ERROR - []
2025-09-08 06:15:35,813 - 1495890 - piper.organizer - ERROR - []
2025-09-08 06:15:35,813 - 1495890 - piper.organizer - ERROR - []
2025-09-08 06:15:35,813 - 1495890 - piper.organizer - ERROR - []
2025-09-08 06:15:35,818 - 1495890 - piper.organizer - ERROR - []
2025-09-08 06:15:35,818 - 1495890 - piper.organizer - ERROR - []
2025-09-08 06:15:35,820 - 1495890 - piper.organizer - ERROR - []
2025-09-08 06:15:35,821 - 1495890 - piper.organizer - ERROR - []
2025-09-08 06:15:35,821 - 1495890 - piper.organizer - ERROR - []
2025-09-08 06:15:35,821 - 1495890 - piper.organizer - ERROR - []
2025-09-08 06:15:35,822 - 1495890 - piper.organizer - ERROR - []
2025-09-08 06:15:35,823 - 1495890 - piper.organizer - ERROR - []
2025-09-08 06:15:35,823 - 1495890 - piper.organizer - ERROR - []
2025-09-08 06:15:35,824 - 1495890 - piper.organizer - ERROR - []
2025-09-08 06:15:35,825 - 1495890 - piper.organizer - ERROR - []
2025-09-08 06:15:35,825 - 1495890 - piper.organizer - ERROR - []
2025-09-08 06:15:35,825 - 1495890 - piper.organizer - ERROR - []
2025-09-08 06:15:35,825 - 1495890 - piper.organizer - ERROR - []
2025-09-08 06:15:35,825 - 1495890 - piper.organizer - ERROR - []
2025-09-08 06:15:35,827 - 1495890 - piper.organizer - ERROR - []
2025-09-08 06:15:35,834 - 1495890 - piper.organizer - ERROR - []
2025-09-08 06:15:35,835 - 1495890 - piper.organizer - ERROR - []
2025-09-08 06:15:35,849 - 1495890 - piper.organizer - ERROR - []
2025-09-08 06:15:35,858 - 1495890 - piper.organizer - ERROR - []
2025-09-08 06:15:35,859 - 1495890 - piper.organizer - ERROR - []
2025-09-08 06:15:35,859 - 1495890 - piper.organizer - ERROR - []
2025-09-08 06:15:35,859 - 1495890 - piper.organizer - ERROR - []
2025-09-08 06:15:35,868 - 1495890 - piper.organizer - ERROR - []
2025-09-08 06:15:35,868 - 1495890 - piper.organizer - ERROR - []
2025-09-08 06:15:35,868 - 1495890 - piper.organizer - ERROR - []
2025-09-08 06:15:35,869 - 1495890 - piper.organizer - ERROR - []
2025-09-08 06:15:35,869 - 1495890 - piper.organizer - ERROR - []
2025-09-08 06:15:35,870 - 1495890 - piper.organizer - ERROR - []
2025-09-08 06:15:35,870 - 1495890 - piper.organizer - ERROR - []
2025-09-08 06:15:35,870 - 1495890 - piper.organizer - ERROR - []
2025-09-08 06:15:35,870 - 1495890 - piper.organizer - ERROR - []
2025-09-08 06:15:35,870 - 1495890 - piper.organizer - ERROR - []
2025-09-08 06:15:35,871 - 1495890 - piper.organizer - ERROR - []
2025-09-08 06:15:35,874 - 1495890 - piper.organizer - ERROR - []
2025-09-08 06:15:35,875 - 1495890 - piper.organizer - ERROR - []
2025-09-08 06:15:35,875 - 1495890 - piper.organizer - ERROR - []
2025-09-08 06:15:35,875 - 1495890 - piper.organizer - ERROR - []
2025-09-08 06:15:35,875 - 1495890 - piper.organizer - ERROR - []
2025-09-08 06:15:35,876 - 1495890 - piper.organizer - ERROR - []
2025-09-08 06:15:35,876 - 1495890 - piper.organizer - ERROR - []
2025-09-08 06:15:35,876 - 1495890 - piper.organizer - ERROR - []
2025-09-08 06:15:35,876 - 1495890 - piper.organizer - ERROR - []
2025-09-08 06:15:35,877 - 1495890 - piper.organizer - ERROR - []
2025-09-08 06:15:35,877 - 1495890 - piper.organizer - ERROR - []
2025-09-08 06:15:35,878 - 1495890 - piper.organizer - ERROR - []
2025-09-08 06:15:35,878 - 1495890 - piper.organizer - ERROR - []
2025-09-08 06:15:35,879 - 1495890 - piper.organizer - ERROR - []
2025-09-08 06:15:35,879 - 1495890 - piper.organizer - ERROR - []
2025-09-08 06:15:35,879 - 1495890 - piper.organizer - ERROR - []
2025-09-08 06:15:35,879 - 1495890 - piper.organizer - ERROR - []
2025-09-08 06:15:35,880 - 1495890 - piper.organizer - ERROR - []
2025-09-08 06:15:35,880 - 1495890 - piper.organizer - ERROR - []
2025-09-08 06:15:35,880 - 1495890 - piper.organizer - ERROR - []
2025-09-08 06:15:35,881 - 1495890 - piper.organizer - ERROR - []
2025-09-08 06:15:35,881 - 1495890 - piper.organizer - ERROR - []
2025-09-08 06:15:35,881 - 1495890 - piper.organizer - ERROR - []
2025-09-08 06:15:35,882 - 1495890 - piper.organizer - ERROR - []
2025-09-08 06:15:35,882 - 1495890 - piper.organizer - ERROR - []
2025-09-08 06:15:35,882 - 1495890 - piper.organizer - ERROR - []
2025-09-08 06:15:35,882 - 1495890 - piper.organizer - ERROR - []
2025-09-08 06:15:35,883 - 1495890 - piper.organizer - ERROR - []
2025-09-08 06:15:35,883 - 1495890 - piper.organizer - ERROR - []
2025-09-08 06:15:35,883 - 1495890 - piper.organizer - ERROR - []
2025-09-08 06:15:35,883 - 1495890 - piper.organizer - ERROR - []
2025-09-08 06:15:35,884 - 1495890 - piper.organizer - ERROR - []
2025-09-08 06:15:35,885 - 1495890 - piper.organizer - ERROR - []
2025-09-08 06:15:35,885 - 1495890 - piper.organizer - ERROR - []
2025-09-08 06:15:35,885 - 1495890 - piper.organizer - ERROR - []
2025-09-08 06:15:35,886 - 1495890 - piper.organizer - ERROR - []
2025-09-08 06:15:35,886 - 1495890 - piper.organizer - ERROR - []
2025-09-08 06:15:35,886 - 1495890 - piper.organizer - ERROR - []
2025-09-08 06:15:35,887 - 1495890 - piper.organizer - ERROR - []
2025-09-08 06:15:35,887 - 1495890 - piper.organizer - ERROR - []
2025-09-08 06:15:35,888 - 1495890 - piper.organizer - ERROR - []
2025-09-08 06:15:35,888 - 1495890 - piper.organizer - ERROR - []
2025-09-08 06:15:35,888 - 1495890 - piper.organizer - ERROR - []
2025-09-08 06:15:35,889 - 1495890 - piper.organizer - ERROR - []
2025-09-08 06:15:35,889 - 1495890 - piper.organizer - ERROR - []
2025-09-08 06:15:35,890 - 1495890 - piper.organizer - ERROR - []
2025-09-08 06:15:35,890 - 1495890 - piper.organizer - ERROR - []
2025-09-08 06:15:35,890 - 1495890 - piper.organizer - ERROR - []
2025-09-08 06:15:35,890 - 1495890 - piper.organizer - ERROR - []
2025-09-08 06:15:35,891 - 1495890 - piper.organizer - ERROR - []
2025-09-08 06:15:35,891 - 1495890 - piper.organizer - ERROR - []
2025-09-08 06:15:35,893 - 1495890 - piper.organizer - ERROR - []
2025-09-08 06:15:35,893 - 1495890 - piper.organizer - ERROR - []
2025-09-08 06:15:35,893 - 1495890 - piper.organizer - ERROR - []
2025-09-08 06:15:35,893 - 1495890 - piper.organizer - ERROR - []
2025-09-08 06:15:35,893 - 1495890 - piper.organizer - ERROR - []
2025-09-08 06:15:35,893 - 1495890 - piper.organizer - ERROR - []
2025-09-08 06:15:35,894 - 1495890 - piper.organizer - ERROR - []
2025-09-08 06:15:35,894 - 1495890 - piper.organizer - ERROR - []
2025-09-08 06:15:35,897 - 1495890 - piper.organizer - ERROR - []
2025-09-08 06:15:35,898 - 1495890 - piper.organizer - ERROR - []
2025-09-08 06:15:35,898 - 1495890 - piper.organizer - ERROR - []
2025-09-08 06:15:35,898 - 1495890 - piper.organizer - ERROR - []
2025-09-08 06:15:35,898 - 1495890 - piper.organizer - ERROR - []
2025-09-08 06:15:35,898 - 1495890 - piper.organizer - ERROR - []
2025-09-08 06:15:35,899 - 1495890 - piper.organizer - ERROR - []
2025-09-08 06:15:35,899 - 1495890 - piper.organizer - ERROR - []
2025-09-08 06:15:35,899 - 1495890 - piper.organizer - ERROR - []
2025-09-08 06:15:35,900 - 1495890 - piper.organizer - ERROR - []
2025-09-08 06:15:35,900 - 1495890 - piper.organizer - ERROR - []
2025-09-08 06:15:35,900 - 1495890 - piper.organizer - ERROR - []
2025-09-08 06:15:35,901 - 1495890 - piper.organizer - ERROR - []
2025-09-08 06:15:35,901 - 1495890 - piper.organizer - ERROR - []
2025-09-08 06:15:35,901 - 1495890 - piper.organizer - ERROR - []
2025-09-08 06:15:35,901 - 1495890 - piper.organizer - ERROR - []
2025-09-08 06:15:35,902 - 1495890 - piper.organizer - ERROR - []
2025-09-08 06:15:35,902 - 1495890 - piper.organizer - ERROR - []
2025-09-08 06:15:35,902 - 1495890 - piper.organizer - ERROR - []
2025-09-08 06:15:35,902 - 1495890 - piper.organizer - ERROR - []
2025-09-08 06:15:35,903 - 1495890 - piper.organizer - ERROR - []
2025-09-08 06:15:35,904 - 1495890 - piper.organizer - ERROR - []
2025-09-08 06:15:35,904 - 1495890 - piper.organizer - ERROR - []
2025-09-08 06:15:35,904 - 1495890 - piper.organizer - ERROR - []
2025-09-08 06:15:35,905 - 1495890 - piper.organizer - ERROR - []
2025-09-08 06:15:35,905 - 1495890 - piper.organizer - ERROR - []
2025-09-08 06:15:35,905 - 1495890 - piper.organizer - ERROR - []
2025-09-08 06:15:35,905 - 1495890 - piper.organizer - ERROR - []
2025-09-08 06:15:35,906 - 1495890 - piper.organizer - ERROR - []
2025-09-08 06:15:35,906 - 1495890 - piper.organizer - ERROR - []
2025-09-08 06:15:35,906 - 1495890 - piper.organizer - ERROR - []
2025-09-08 06:15:35,907 - 1495890 - piper.organizer - ERROR - []
2025-09-08 06:15:35,907 - 1495890 - piper.organizer - ERROR - []
2025-09-08 06:15:35,907 - 1495890 - piper.organizer - ERROR - []
2025-09-08 06:15:35,908 - 1495890 - piper.organizer - ERROR - []
2025-09-08 06:15:35,908 - 1495890 - piper.organizer - ERROR - []
2025-09-08 06:15:35,908 - 1495890 - piper.organizer - ERROR - []
2025-09-08 06:15:35,908 - 1495890 - piper.organizer - ERROR - []
2025-09-08 06:15:35,908 - 1495890 - piper.organizer - ERROR - []
2025-09-08 06:15:35,909 - 1495890 - piper.organizer - ERROR - []
2025-09-08 06:15:35,909 - 1495890 - piper.organizer - ERROR - []
2025-09-08 06:15:35,909 - 1495890 - piper.organizer - ERROR - []
2025-09-08 06:15:35,910 - 1495890 - piper.organizer - ERROR - []
2025-09-08 06:15:35,910 - 1495890 - piper.organizer - ERROR - []
2025-09-08 06:15:35,910 - 1495890 - piper.organizer - ERROR - []
2025-09-08 06:15:35,911 - 1495890 - piper.organizer - ERROR - []
2025-09-08 06:15:35,911 - 1495890 - piper.organizer - ERROR - []
2025-09-08 06:15:35,911 - 1495890 - piper.organizer - ERROR - []
2025-09-08 06:15:35,911 - 1495890 - piper.organizer - ERROR - []
2025-09-08 06:15:35,912 - 1495890 - piper.organizer - ERROR - []
2025-09-08 06:15:35,912 - 1495890 - piper.organizer - ERROR - []
2025-09-08 06:15:35,912 - 1495890 - piper.organizer - ERROR - []
2025-09-08 06:15:35,913 - 1495890 - piper.organizer - ERROR - []
2025-09-08 06:15:35,913 - 1495890 - piper.organizer - ERROR - []
2025-09-08 06:15:35,913 - 1495890 - piper.organizer - ERROR - []
2025-09-08 06:15:35,914 - 1495890 - piper.organizer - ERROR - []
2025-09-08 06:15:35,914 - 1495890 - piper.organizer - ERROR - []
2025-09-08 06:15:35,914 - 1495890 - piper.organizer - ERROR - []
2025-09-08 06:15:35,915 - 1495890 - piper.organizer - ERROR - []
2025-09-08 06:15:35,915 - 1495890 - piper.organizer - ERROR - []
2025-09-08 06:15:35,915 - 1495890 - piper.organizer - ERROR - []
2025-09-08 06:15:35,916 - 1495890 - piper.organizer - ERROR - []
2025-09-08 06:15:35,916 - 1495890 - piper.organizer - ERROR - []
2025-09-08 06:15:35,916 - 1495890 - piper.organizer - ERROR - []
2025-09-08 06:15:35,917 - 1495890 - piper.organizer - ERROR - []
2025-09-08 06:15:35,917 - 1495890 - piper.organizer - ERROR - []
2025-09-08 06:15:35,917 - 1495890 - piper.organizer - ERROR - []
2025-09-08 06:15:35,917 - 1495890 - piper.organizer - ERROR - []
2025-09-08 06:15:35,918 - 1495890 - piper.organizer - ERROR - []
2025-09-08 06:15:35,918 - 1495890 - piper.organizer - ERROR - []
2025-09-08 06:15:35,918 - 1495890 - piper.organizer - ERROR - []
2025-09-08 06:15:35,919 - 1495890 - piper.organizer - ERROR - []
2025-09-08 06:15:35,919 - 1495890 - piper.organizer - ERROR - []
2025-09-08 06:15:35,919 - 1495890 - piper.organizer - ERROR - []
2025-09-08 06:15:35,920 - 1495890 - piper.organizer - ERROR - []
2025-09-08 06:15:35,920 - 1495890 - piper.organizer - ERROR - []
2025-09-08 06:15:35,920 - 1495890 - piper.organizer - ERROR - []
2025-09-08 06:15:35,921 - 1495890 - piper.organizer - ERROR - []
2025-09-08 06:15:35,921 - 1495890 - piper.organizer - ERROR - []
2025-09-08 06:15:35,921 - 1495890 - piper.organizer - ERROR - []
2025-09-08 06:15:35,922 - 1495890 - piper.organizer - ERROR - []
2025-09-08 06:15:35,922 - 1495890 - piper.organizer - ERROR - []
2025-09-08 06:15:35,922 - 1495890 - piper.organizer - ERROR - []
2025-09-08 06:15:35,923 - 1495890 - piper.organizer - ERROR - []
2025-09-08 06:15:35,923 - 1495890 - piper.organizer - ERROR - []
2025-09-08 06:15:35,923 - 1495890 - piper.organizer - ERROR - []
2025-09-08 06:15:35,924 - 1495890 - piper.organizer - ERROR - []
2025-09-08 06:15:35,924 - 1495890 - piper.organizer - ERROR - []
2025-09-08 06:15:35,924 - 1495890 - piper.organizer - ERROR - []
2025-09-08 06:15:35,925 - 1495890 - piper.organizer - ERROR - []
2025-09-08 06:15:35,925 - 1495890 - piper.organizer - ERROR - []
2025-09-08 06:15:35,925 - 1495890 - piper.organizer - ERROR - []
2025-09-08 06:15:35,926 - 1495890 - piper.organizer - ERROR - []
2025-09-08 06:15:35,926 - 1495890 - piper.organizer - ERROR - []
2025-09-08 06:15:35,926 - 1495890 - piper.organizer - ERROR - []
2025-09-08 06:15:35,926 - 1495890 - piper.organizer - ERROR - []
2025-09-08 06:15:35,927 - 1495890 - piper.organizer - ERROR - []
2025-09-08 06:15:35,927 - 1495890 - piper.organizer - ERROR - []
2025-09-08 06:15:35,927 - 1495890 - piper.organizer - ERROR - []
2025-09-08 06:15:35,928 - 1495890 - piper.organizer - ERROR - []
2025-09-08 06:15:35,928 - 1495890 - piper.organizer - ERROR - []
2025-09-08 06:15:35,928 - 1495890 - piper.organizer - ERROR - []
2025-09-08 06:15:35,929 - 1495890 - piper.organizer - ERROR - []
2025-09-08 06:15:35,929 - 1495890 - piper.organizer - ERROR - []
2025-09-08 06:15:35,929 - 1495890 - piper.organizer - ERROR - []
2025-09-08 06:15:35,929 - 1495890 - piper.organizer - ERROR - []
2025-09-08 06:15:35,930 - 1495890 - piper.organizer - ERROR - []
2025-09-08 06:15:35,930 - 1495890 - piper.organizer - ERROR - []
2025-09-08 06:15:35,931 - 1495890 - piper.organizer - ERROR - []
2025-09-08 06:15:35,931 - 1495890 - piper.organizer - ERROR - []
2025-09-08 06:15:35,931 - 1495890 - piper.organizer - ERROR - []
2025-09-08 06:15:35,932 - 1495890 - piper.organizer - ERROR - []
2025-09-08 06:15:35,932 - 1495890 - piper.organizer - ERROR - []
2025-09-08 06:15:35,932 - 1495890 - piper.organizer - ERROR - []
2025-09-08 06:15:35,933 - 1495890 - piper.organizer - ERROR - []
2025-09-08 06:15:35,933 - 1495890 - piper.organizer - ERROR - []
2025-09-08 06:15:35,933 - 1495890 - piper.organizer - ERROR - []
2025-09-08 06:15:35,933 - 1495890 - piper.organizer - ERROR - []
2025-09-08 06:15:35,934 - 1495890 - piper.organizer - ERROR - []
2025-09-08 06:15:35,934 - 1495890 - piper.organizer - ERROR - []
2025-09-08 06:15:35,934 - 1495890 - piper.organizer - ERROR - []
2025-09-08 06:15:35,935 - 1495890 - piper.organizer - ERROR - []
2025-09-08 06:15:35,935 - 1495890 - piper.organizer - ERROR - []
2025-09-08 06:15:35,935 - 1495890 - piper.organizer - ERROR - []
2025-09-08 06:15:35,935 - 1495890 - piper.organizer - ERROR - []
2025-09-08 06:15:35,936 - 1495890 - piper.organizer - ERROR - []
2025-09-08 06:15:35,936 - 1495890 - piper.organizer - ERROR - []
2025-09-08 06:15:35,936 - 1495890 - piper.organizer - ERROR - []
2025-09-08 06:15:35,936 - 1495890 - piper.organizer - ERROR - []
2025-09-08 06:15:35,937 - 1495890 - piper.organizer - ERROR - []
2025-09-08 06:15:35,937 - 1495890 - piper.organizer - ERROR - []
2025-09-08 06:15:35,937 - 1495890 - piper.organizer - ERROR - []
2025-09-08 06:15:35,938 - 1495890 - piper.organizer - ERROR - []
2025-09-08 06:15:35,938 - 1495890 - piper.organizer - ERROR - []
2025-09-08 06:15:35,938 - 1495890 - piper.organizer - ERROR - []
2025-09-08 06:15:35,939 - 1495890 - piper.organizer - ERROR - []
2025-09-08 06:15:35,939 - 1495890 - piper.organizer - ERROR - []
2025-09-08 06:15:35,939 - 1495890 - piper.organizer - ERROR - []
2025-09-08 06:15:35,940 - 1495890 - piper.organizer - ERROR - []
2025-09-08 06:15:35,940 - 1495890 - piper.organizer - ERROR - []
2025-09-08 06:15:35,940 - 1495890 - piper.organizer - ERROR - []
2025-09-08 06:15:35,940 - 1495890 - piper.organizer - ERROR - []
2025-09-08 06:15:35,941 - 1495890 - piper.organizer - ERROR - []
2025-09-08 06:15:35,941 - 1495890 - piper.organizer - ERROR - []
2025-09-08 06:15:35,941 - 1495890 - piper.organizer - ERROR - []
2025-09-08 06:15:35,942 - 1495890 - piper.organizer - ERROR - []
2025-09-08 06:15:35,942 - 1495890 - piper.organizer - ERROR - []
2025-09-08 06:15:35,942 - 1495890 - piper.organizer - ERROR - []
2025-09-08 06:15:35,943 - 1495890 - piper.organizer - ERROR - []
2025-09-08 06:15:35,943 - 1495890 - piper.organizer - ERROR - []
2025-09-08 06:15:35,944 - 1495890 - piper.organizer - ERROR - []
2025-09-08 06:15:35,944 - 1495890 - piper.organizer - ERROR - []
2025-09-08 06:15:35,944 - 1495890 - piper.organizer - ERROR - []
2025-09-08 06:15:35,944 - 1495890 - piper.organizer - ERROR - []
2025-09-08 06:15:35,945 - 1495890 - piper.organizer - ERROR - []
2025-09-08 06:15:35,945 - 1495890 - piper.organizer - ERROR - []
2025-09-08 06:15:35,946 - 1495890 - piper.organizer - ERROR - []
2025-09-08 06:15:35,946 - 1495890 - piper.organizer - ERROR - []
2025-09-08 06:15:35,946 - 1495890 - piper.organizer - ERROR - []
2025-09-08 06:15:35,946 - 1495890 - piper.organizer - ERROR - []
2025-09-08 06:15:35,947 - 1495890 - piper.organizer - ERROR - []
2025-09-08 06:15:35,947 - 1495890 - piper.organizer - ERROR - []
2025-09-08 06:15:35,947 - 1495890 - piper.organizer - ERROR - []
2025-09-08 06:15:35,947 - 1495890 - piper.organizer - ERROR - []
2025-09-08 06:15:35,947 - 1495890 - piper.organizer - ERROR - []
2025-09-08 06:15:35,948 - 1495890 - piper.organizer - ERROR - []
2025-09-08 06:15:35,948 - 1495890 - piper.organizer - ERROR - []
2025-09-08 06:15:35,948 - 1495890 - piper.organizer - ERROR - []
2025-09-08 06:15:35,950 - 1495890 - piper.organizer - ERROR - []
2025-09-08 06:15:35,950 - 1495890 - piper.organizer - ERROR - []
2025-09-08 06:15:35,951 - 1495890 - piper.organizer - ERROR - []
2025-09-08 06:15:35,951 - 1495890 - piper.organizer - ERROR - []
2025-09-08 06:15:35,951 - 1495890 - piper.organizer - ERROR - []
2025-09-08 06:15:35,952 - 1495890 - piper.organizer - ERROR - []
2025-09-08 06:15:35,952 - 1495890 - piper.organizer - ERROR - []
2025-09-08 06:15:35,954 - 1495890 - piper.organizer - ERROR - []
2025-09-08 06:15:35,955 - 1495890 - piper.organizer - ERROR - []
2025-09-08 06:15:35,956 - 1495890 - piper.organizer - ERROR - []
2025-09-08 06:15:35,956 - 1495890 - piper.organizer - ERROR - []
2025-09-08 06:15:35,957 - 1495890 - piper.organizer - ERROR - []
2025-09-08 06:15:35,957 - 1495890 - piper.organizer - ERROR - []
2025-09-08 06:15:35,957 - 1495890 - piper.organizer - ERROR - []
2025-09-08 06:15:35,958 - 1495890 - piper.organizer - ERROR - []
2025-09-08 06:15:35,959 - 1495890 - piper.organizer - ERROR - []
2025-09-08 06:15:35,959 - 1495890 - piper.organizer - ERROR - []
2025-09-08 06:15:35,960 - 1495890 - piper.organizer - ERROR - []
2025-09-08 06:15:35,960 - 1495890 - piper.organizer - ERROR - []
2025-09-08 06:15:35,961 - 1495890 - piper.organizer - ERROR - []
2025-09-08 06:15:35,961 - 1495890 - piper.organizer - ERROR - []
2025-09-08 06:15:35,962 - 1495890 - piper.organizer - ERROR - []
2025-09-08 06:15:35,962 - 1495890 - piper.organizer - ERROR - []
2025-09-08 06:15:35,962 - 1495890 - piper.organizer - ERROR - []
2025-09-08 06:15:35,963 - 1495890 - piper.organizer - ERROR - []
2025-09-08 06:15:35,963 - 1495890 - piper.organizer - ERROR - []
2025-09-08 06:15:35,964 - 1495890 - piper.organizer - ERROR - []
2025-09-08 06:15:35,965 - 1495890 - piper.organizer - ERROR - []
2025-09-08 06:15:35,965 - 1495890 - piper.organizer - ERROR - []
2025-09-08 06:15:35,966 - 1495890 - piper.organizer - ERROR - []
2025-09-08 06:15:35,966 - 1495890 - piper.organizer - ERROR - []
2025-09-08 06:15:35,967 - 1495890 - piper.organizer - ERROR - []
2025-09-08 06:15:35,968 - 1495890 - piper.organizer - ERROR - []
2025-09-08 06:15:35,968 - 1495890 - piper.organizer - ERROR - []
2025-09-08 06:15:35,969 - 1495890 - piper.organizer - ERROR - []
2025-09-08 06:15:35,969 - 1495890 - piper.organizer - ERROR - []
2025-09-08 06:15:35,970 - 1495890 - piper.organizer - ERROR - []
2025-09-08 06:15:35,970 - 1495890 - piper.organizer - ERROR - []
2025-09-08 06:15:35,971 - 1495890 - piper.organizer - ERROR - []
2025-09-08 06:15:35,971 - 1495890 - piper.organizer - ERROR - []
2025-09-08 06:15:35,971 - 1495890 - piper.organizer - ERROR - []
2025-09-08 06:15:35,971 - 1495890 - piper.organizer - ERROR - []
2025-09-08 06:15:35,971 - 1495890 - piper.organizer - ERROR - []
2025-09-08 06:15:35,972 - 1495890 - piper.organizer - ERROR - []
2025-09-08 06:15:35,972 - 1495890 - piper.organizer - ERROR - []
2025-09-08 06:15:35,973 - 1495890 - piper.organizer - ERROR - []
2025-09-08 06:15:35,974 - 1495890 - piper.organizer - ERROR - []
2025-09-08 06:15:35,974 - 1495890 - piper.organizer - ERROR - []
2025-09-08 06:15:35,974 - 1495890 - piper.organizer - ERROR - []
2025-09-08 06:15:35,975 - 1495890 - piper.organizer - ERROR - []
2025-09-08 06:15:35,975 - 1495890 - piper.organizer - ERROR - []
2025-09-08 06:15:35,975 - 1495890 - piper.organizer - ERROR - []
2025-09-08 06:15:35,976 - 1495890 - piper.organizer - ERROR - []
2025-09-08 06:15:35,976 - 1495890 - piper.organizer - ERROR - []
2025-09-08 06:15:35,978 - 1495890 - piper.organizer - ERROR - []
2025-09-08 06:15:35,978 - 1495890 - piper.organizer - ERROR - []
2025-09-08 06:15:35,979 - 1495890 - piper.organizer - ERROR - []
2025-09-08 06:15:35,980 - 1495890 - piper.organizer - ERROR - []
2025-09-08 06:15:35,980 - 1495890 - piper.organizer - ERROR - []
2025-09-08 06:15:35,980 - 1495890 - piper.organizer - ERROR - []
2025-09-08 06:15:35,980 - 1495890 - piper.organizer - ERROR - []
2025-09-08 06:15:35,980 - 1495890 - piper.organizer - ERROR - []
2025-09-08 06:15:35,980 - 1495890 - piper.organizer - ERROR - []
2025-09-08 06:15:35,981 - 1495890 - piper.organizer - ERROR - []
2025-09-08 06:15:35,981 - 1495890 - piper.organizer - ERROR - []
2025-09-08 06:15:35,981 - 1495890 - piper.organizer - ERROR - []
2025-09-08 06:15:35,981 - 1495890 - piper.organizer - ERROR - []
2025-09-08 06:15:35,982 - 1495890 - piper.organizer - ERROR - []
2025-09-08 06:15:35,982 - 1495890 - piper.organizer - ERROR - []
2025-09-08 06:15:35,982 - 1495890 - piper.organizer - ERROR - []
2025-09-08 06:15:35,982 - 1495890 - piper.organizer - ERROR - []
2025-09-08 06:15:35,984 - 1495890 - piper.organizer - ERROR - []
2025-09-08 06:15:35,984 - 1495890 - piper.organizer - ERROR - []
2025-09-08 06:15:35,984 - 1495890 - piper.organizer - ERROR - []
2025-09-08 06:15:35,985 - 1495890 - piper.organizer - ERROR - []
2025-09-08 06:15:35,985 - 1495890 - piper.organizer - ERROR - []
2025-09-08 06:15:35,985 - 1495890 - piper.organizer - ERROR - []
2025-09-08 06:15:35,986 - 1495890 - piper.organizer - ERROR - []
2025-09-08 06:15:35,986 - 1495890 - piper.organizer - ERROR - []
2025-09-08 06:15:35,986 - 1495890 - piper.organizer - ERROR - []
2025-09-08 06:15:35,987 - 1495890 - piper.organizer - ERROR - []
2025-09-08 06:15:35,987 - 1495890 - piper.organizer - ERROR - []
2025-09-08 06:15:35,987 - 1495890 - piper.organizer - ERROR - []
2025-09-08 06:15:35,987 - 1495890 - piper.organizer - ERROR - []
2025-09-08 06:15:35,987 - 1495890 - piper.organizer - ERROR - []
2025-09-08 06:15:35,989 - 1495890 - piper.organizer - ERROR - []
2025-09-08 06:15:35,989 - 1495890 - piper.organizer - ERROR - []
2025-09-08 06:15:35,989 - 1495890 - piper.organizer - ERROR - []
2025-09-08 06:15:35,990 - 1495890 - piper.organizer - ERROR - []
2025-09-08 06:15:35,991 - 1495890 - piper.organizer - ERROR - []
2025-09-08 06:15:35,991 - 1495890 - piper.organizer - ERROR - []
2025-09-08 06:15:35,991 - 1495890 - piper.organizer - ERROR - []
2025-09-08 06:15:35,993 - 1495890 - piper.organizer - ERROR - []
2025-09-08 06:15:35,993 - 1495890 - piper.organizer - ERROR - []
2025-09-08 06:15:35,993 - 1495890 - piper.organizer - ERROR - []
2025-09-08 06:15:35,993 - 1495890 - piper.organizer - ERROR - []
2025-09-08 06:15:35,994 - 1495890 - piper.organizer - ERROR - []
2025-09-08 06:15:35,994 - 1495890 - piper.organizer - ERROR - []
2025-09-08 06:15:35,994 - 1495890 - piper.organizer - ERROR - []
2025-09-08 06:15:35,995 - 1495890 - piper.organizer - ERROR - []
2025-09-08 06:15:35,995 - 1495890 - piper.organizer - ERROR - []
2025-09-08 06:15:35,995 - 1495890 - piper.organizer - ERROR - []
2025-09-08 06:15:35,995 - 1495890 - piper.organizer - ERROR - []
2025-09-08 06:15:35,995 - 1495890 - piper.organizer - ERROR - []
2025-09-08 06:15:35,996 - 1495890 - piper.organizer - ERROR - []
2025-09-08 06:15:35,996 - 1495890 - piper.organizer - ERROR - []
2025-09-08 06:15:35,998 - 1495890 - piper.organizer - ERROR - []
2025-09-08 06:15:35,998 - 1495890 - piper.organizer - ERROR - []
2025-09-08 06:15:35,998 - 1495890 - piper.organizer - ERROR - []
2025-09-08 06:15:35,999 - 1495890 - piper.organizer - ERROR - []
2025-09-08 06:15:36,000 - 1495890 - piper.organizer - ERROR - []
2025-09-08 06:15:36,000 - 1495890 - piper.organizer - ERROR - []
2025-09-08 06:15:36,000 - 1495890 - piper.organizer - ERROR - []
2025-09-08 06:15:36,002 - 1495890 - piper.organizer - ERROR - []
2025-09-08 06:15:36,003 - 1495890 - piper.organizer - ERROR - []
2025-09-08 06:15:36,003 - 1495890 - piper.organizer - ERROR - []
2025-09-08 06:15:36,003 - 1495890 - piper.organizer - ERROR - []
2025-09-08 06:15:36,004 - 1495890 - piper.organizer - ERROR - []
2025-09-08 06:15:36,004 - 1495890 - piper.organizer - ERROR - []
2025-09-08 06:15:36,004 - 1495890 - piper.organizer - ERROR - []
2025-09-08 06:15:36,004 - 1495890 - piper.organizer - ERROR - []
2025-09-08 06:15:36,004 - 1495890 - piper.organizer - ERROR - []
2025-09-08 06:15:36,004 - 1495890 - piper.organizer - ERROR - []
2025-09-08 06:15:36,005 - 1495890 - piper.organizer - ERROR - []
2025-09-08 06:15:36,005 - 1495890 - piper.organizer - ERROR - []
2025-09-08 06:15:36,005 - 1495890 - piper.organizer - ERROR - []
2025-09-08 06:15:36,006 - 1495890 - piper.organizer - ERROR - []
2025-09-08 06:15:36,006 - 1495890 - piper.organizer - ERROR - []
2025-09-08 06:15:36,006 - 1495890 - piper.organizer - ERROR - []
2025-09-08 06:15:36,007 - 1495890 - piper.organizer - ERROR - []
2025-09-08 06:15:36,008 - 1495890 - piper.organizer - ERROR - []
2025-09-08 06:15:36,008 - 1495890 - piper.organizer - ERROR - []
2025-09-08 06:15:36,008 - 1495890 - piper.organizer - ERROR - []
2025-09-08 06:15:36,008 - 1495890 - piper.organizer - ERROR - []
2025-09-08 06:15:36,009 - 1495890 - piper.organizer - ERROR - []
2025-09-08 06:15:36,009 - 1495890 - piper.organizer - ERROR - []
2025-09-08 06:15:36,010 - 1495890 - piper.organizer - ERROR - []
2025-09-08 06:15:36,010 - 1495890 - piper.organizer - ERROR - []
2025-09-08 06:15:36,010 - 1495890 - piper.organizer - ERROR - []
2025-09-08 06:15:36,011 - 1495890 - piper.organizer - ERROR - []
2025-09-08 06:15:36,011 - 1495890 - piper.organizer - ERROR - []
2025-09-08 06:15:36,012 - 1495890 - piper.organizer - ERROR - []
2025-09-08 06:15:36,012 - 1495890 - piper.organizer - ERROR - []
2025-09-08 06:15:36,012 - 1495890 - piper.organizer - ERROR - []
2025-09-08 06:15:36,013 - 1495890 - piper.organizer - ERROR - []
2025-09-08 06:15:36,013 - 1495890 - piper.organizer - ERROR - []
2025-09-08 06:15:36,013 - 1495890 - piper.organizer - ERROR - []
2025-09-08 06:15:36,013 - 1495890 - piper.organizer - ERROR - []
2025-09-08 06:15:36,014 - 1495890 - piper.organizer - ERROR - []
2025-09-08 06:15:36,016 - 1495890 - piper.organizer - ERROR - []
2025-09-08 06:15:36,016 - 1495890 - piper.organizer - ERROR - []
2025-09-08 06:15:36,017 - 1495890 - piper.organizer - ERROR - []
2025-09-08 06:15:36,018 - 1495890 - piper.organizer - ERROR - []
2025-09-08 06:15:36,018 - 1495890 - piper.organizer - ERROR - []
2025-09-08 06:15:36,018 - 1495890 - piper.organizer - ERROR - []
2025-09-08 06:15:36,018 - 1495890 - piper.organizer - ERROR - []
2025-09-08 06:15:36,018 - 1495890 - piper.organizer - ERROR - []
2025-09-08 06:15:36,018 - 1495890 - piper.organizer - ERROR - []
2025-09-08 06:15:36,019 - 1495890 - piper.organizer - ERROR - []
2025-09-08 06:15:36,019 - 1495890 - piper.organizer - ERROR - []
2025-09-08 06:15:36,023 - 1495890 - piper.organizer - ERROR - []
2025-09-08 06:15:36,023 - 1495890 - piper.organizer - ERROR - []
2025-09-08 06:15:36,024 - 1495890 - piper.organizer - ERROR - []
2025-09-08 06:15:36,025 - 1495890 - piper.organizer - ERROR - []
2025-09-08 06:15:36,025 - 1495890 - piper.organizer - ERROR - []
2025-09-08 06:15:36,025 - 1495890 - piper.organizer - ERROR - []
2025-09-08 06:15:36,027 - 1495890 - piper.organizer - ERROR - []
2025-09-08 06:15:36,028 - 1495890 - piper.organizer - ERROR - []
2025-09-08 06:15:36,028 - 1495890 - piper.organizer - ERROR - []
2025-09-08 06:15:36,028 - 1495890 - piper.organizer - ERROR - []
2025-09-08 06:15:36,029 - 1495890 - piper.organizer - ERROR - []
2025-09-08 06:15:36,029 - 1495890 - piper.organizer - ERROR - []
2025-09-08 06:15:36,029 - 1495890 - piper.organizer - ERROR - []
2025-09-08 06:15:36,030 - 1495890 - piper.organizer - ERROR - []
2025-09-08 06:15:36,030 - 1495890 - piper.organizer - ERROR - []
2025-09-08 06:15:36,030 - 1495890 - piper.organizer - ERROR - []
2025-09-08 06:15:36,031 - 1495890 - piper.organizer - ERROR - []
2025-09-08 06:15:36,031 - 1495890 - piper.organizer - ERROR - []
2025-09-08 06:15:36,031 - 1495890 - piper.organizer - ERROR - []
2025-09-08 06:15:36,032 - 1495890 - piper.organizer - ERROR - []
2025-09-08 06:15:36,032 - 1495890 - piper.organizer - ERROR - []
2025-09-08 06:15:36,032 - 1495890 - piper.organizer - ERROR - []
2025-09-08 06:15:36,033 - 1495890 - piper.organizer - ERROR - []
2025-09-08 06:15:36,033 - 1495890 - piper.organizer - ERROR - []
2025-09-08 06:15:36,033 - 1495890 - piper.organizer - ERROR - []
2025-09-08 06:15:36,034 - 1495890 - piper.organizer - ERROR - []
2025-09-08 06:15:36,034 - 1495890 - piper.organizer - ERROR - []
2025-09-08 06:15:36,034 - 1495890 - piper.organizer - ERROR - []
2025-09-08 06:15:36,035 - 1495890 - piper.organizer - ERROR - []
2025-09-08 06:15:36,035 - 1495890 - piper.organizer - ERROR - []
2025-09-08 06:15:36,035 - 1495890 - piper.organizer - ERROR - []
2025-09-08 06:15:36,036 - 1495890 - piper.organizer - ERROR - []
2025-09-08 06:15:36,036 - 1495890 - piper.organizer - ERROR - []
2025-09-08 06:15:36,036 - 1495890 - piper.organizer - ERROR - []
2025-09-08 06:15:36,036 - 1495890 - piper.organizer - ERROR - []
2025-09-08 06:15:36,036 - 1495890 - piper.organizer - ERROR - []
2025-09-08 06:15:36,038 - 1495890 - piper.organizer - ERROR - []
2025-09-08 06:15:36,039 - 1495890 - piper.organizer - ERROR - []
2025-09-08 06:15:36,039 - 1495890 - piper.organizer - ERROR - []
2025-09-08 06:15:36,039 - 1495890 - piper.organizer - ERROR - []
2025-09-08 06:15:36,040 - 1495890 - piper.organizer - ERROR - []
2025-09-08 06:15:36,040 - 1495890 - piper.organizer - ERROR - []
2025-09-08 06:15:36,040 - 1495890 - piper.organizer - ERROR - []
2025-09-08 06:15:36,041 - 1495890 - piper.organizer - ERROR - []
2025-09-08 06:15:36,041 - 1495890 - piper.organizer - ERROR - []
2025-09-08 06:15:36,041 - 1495890 - piper.organizer - ERROR - []
2025-09-08 06:15:36,042 - 1495890 - piper.organizer - ERROR - []
2025-09-08 06:15:36,042 - 1495890 - piper.organizer - ERROR - []
2025-09-08 06:15:36,042 - 1495890 - piper.organizer - ERROR - []
2025-09-08 06:15:36,042 - 1495890 - piper.organizer - ERROR - []
2025-09-08 06:15:36,042 - 1495890 - piper.organizer - ERROR - []
2025-09-08 06:15:36,043 - 1495890 - piper.organizer - ERROR - []
2025-09-08 06:15:36,043 - 1495890 - piper.organizer - ERROR - []
2025-09-08 06:15:36,043 - 1495890 - piper.organizer - ERROR - []
2025-09-08 06:15:36,044 - 1495890 - piper.organizer - ERROR - []
2025-09-08 06:15:36,044 - 1495890 - piper.organizer - ERROR - []
2025-09-08 06:15:36,044 - 1495890 - piper.organizer - ERROR - []
2025-09-08 06:15:36,045 - 1495890 - piper.organizer - ERROR - []
2025-09-08 06:15:36,045 - 1495890 - piper.organizer - ERROR - []
2025-09-08 06:15:36,045 - 1495890 - piper.organizer - ERROR - []
2025-09-08 06:15:36,046 - 1495890 - piper.organizer - ERROR - []
2025-09-08 06:15:36,046 - 1495890 - piper.organizer - ERROR - []
2025-09-08 06:15:36,046 - 1495890 - piper.organizer - ERROR - []
2025-09-08 06:15:36,047 - 1495890 - piper.organizer - ERROR - []
2025-09-08 06:15:36,047 - 1495890 - piper.organizer - ERROR - []
2025-09-08 06:15:36,047 - 1495890 - piper.organizer - ERROR - []
2025-09-08 06:15:36,048 - 1495890 - piper.organizer - ERROR - []
2025-09-08 06:15:36,048 - 1495890 - piper.organizer - ERROR - []
2025-09-08 06:15:36,048 - 1495890 - piper.organizer - ERROR - []
2025-09-08 06:15:36,049 - 1495890 - piper.organizer - ERROR - []
2025-09-08 06:15:36,049 - 1495890 - piper.organizer - ERROR - []
2025-09-08 06:15:36,049 - 1495890 - piper.organizer - ERROR - []
2025-09-08 06:15:36,050 - 1495890 - piper.organizer - ERROR - []
2025-09-08 06:15:36,050 - 1495890 - piper.organizer - ERROR - []
2025-09-08 06:15:36,050 - 1495890 - piper.organizer - ERROR - []
2025-09-08 06:15:36,051 - 1495890 - piper.organizer - ERROR - []
2025-09-08 06:15:36,051 - 1495890 - piper.organizer - ERROR - []
2025-09-08 06:15:36,051 - 1495890 - piper.organizer - ERROR - []
2025-09-08 06:15:36,052 - 1495890 - piper.organizer - ERROR - []
2025-09-08 06:15:36,052 - 1495890 - piper.organizer - ERROR - []
2025-09-08 06:15:36,052 - 1495890 - piper.organizer - ERROR - []
2025-09-08 06:15:36,053 - 1495890 - piper.organizer - ERROR - []
2025-09-08 06:15:36,053 - 1495890 - piper.organizer - ERROR - []
2025-09-08 06:15:36,053 - 1495890 - piper.organizer - ERROR - []
2025-09-08 06:15:36,054 - 1495890 - piper.organizer - ERROR - []
2025-09-08 06:15:36,054 - 1495890 - piper.organizer - ERROR - []
2025-09-08 06:15:36,054 - 1495890 - piper.organizer - ERROR - []
2025-09-08 06:15:36,055 - 1495890 - piper.organizer - ERROR - []
2025-09-08 06:15:36,055 - 1495890 - piper.organizer - ERROR - []
2025-09-08 06:15:36,055 - 1495890 - piper.organizer - ERROR - []
2025-09-08 06:15:36,056 - 1495890 - piper.organizer - ERROR - []
2025-09-08 06:15:36,056 - 1495890 - piper.organizer - ERROR - []
2025-09-08 06:15:36,056 - 1495890 - piper.organizer - ERROR - []
2025-09-08 06:15:36,056 - 1495890 - piper.organizer - ERROR - []
2025-09-08 06:15:36,057 - 1495890 - piper.organizer - ERROR - []
2025-09-08 06:15:36,057 - 1495890 - piper.organizer - ERROR - []
2025-09-08 06:15:36,057 - 1495890 - piper.organizer - ERROR - []
2025-09-08 06:15:36,058 - 1495890 - piper.organizer - ERROR - []
2025-09-08 06:15:36,058 - 1495890 - piper.organizer - ERROR - []
2025-09-08 06:15:36,058 - 1495890 - piper.organizer - ERROR - []
2025-09-08 06:15:36,059 - 1495890 - piper.organizer - ERROR - []
2025-09-08 06:15:36,059 - 1495890 - piper.organizer - ERROR - []
2025-09-08 06:15:36,059 - 1495890 - piper.organizer - ERROR - []
2025-09-08 06:15:36,059 - 1495890 - piper.organizer - ERROR - []
2025-09-08 06:15:36,060 - 1495890 - piper.organizer - ERROR - []
2025-09-08 06:15:36,060 - 1495890 - piper.organizer - ERROR - []
2025-09-08 06:15:36,061 - 1495890 - piper.organizer - ERROR - []
2025-09-08 06:15:36,061 - 1495890 - piper.organizer - ERROR - []
2025-09-08 06:15:36,061 - 1495890 - piper.organizer - ERROR - []
2025-09-08 06:15:36,062 - 1495890 - piper.organizer - ERROR - []
2025-09-08 06:15:36,062 - 1495890 - piper.organizer - ERROR - []
2025-09-08 06:15:36,063 - 1495890 - piper.organizer - ERROR - []
2025-09-08 06:15:36,063 - 1495890 - piper.organizer - ERROR - []
2025-09-08 06:15:36,063 - 1495890 - piper.organizer - ERROR - []
2025-09-08 06:15:36,063 - 1495890 - piper.organizer - ERROR - []
2025-09-08 06:15:36,064 - 1495890 - piper.organizer - ERROR - []
2025-09-08 06:15:36,065 - 1495890 - piper.organizer - ERROR - []
2025-09-08 06:15:36,065 - 1495890 - piper.organizer - ERROR - []
2025-09-08 06:15:36,066 - 1495890 - piper.organizer - ERROR - []
2025-09-08 06:15:36,066 - 1495890 - piper.organizer - ERROR - []
2025-09-08 06:15:36,067 - 1495890 - piper.organizer - ERROR - []
2025-09-08 06:15:36,067 - 1495890 - piper.organizer - ERROR - []
2025-09-08 06:15:36,068 - 1495890 - piper.organizer - ERROR - []
2025-09-08 06:15:36,069 - 1495890 - piper.organizer - ERROR - []
2025-09-08 06:15:36,069 - 1495890 - piper.organizer - ERROR - []
2025-09-08 06:15:36,069 - 1495890 - piper.organizer - ERROR - []
2025-09-08 06:15:36,069 - 1495890 - piper.organizer - ERROR - []
2025-09-08 06:15:36,070 - 1495890 - piper.organizer - ERROR - []
2025-09-08 06:15:36,070 - 1495890 - piper.organizer - ERROR - []
2025-09-08 06:15:36,071 - 1495890 - piper.organizer - ERROR - []
2025-09-08 06:15:36,071 - 1495890 - piper.organizer - ERROR - []
2025-09-08 06:15:36,071 - 1495890 - piper.organizer - ERROR - []
2025-09-08 06:15:36,071 - 1495890 - piper.organizer - ERROR - []
2025-09-08 06:15:36,071 - 1495890 - piper.organizer - ERROR - []
2025-09-08 06:15:36,072 - 1495890 - piper.organizer - ERROR - []
2025-09-08 06:15:36,072 - 1495890 - piper.organizer - ERROR - []
2025-09-08 06:15:36,072 - 1495890 - piper.organizer - ERROR - []
2025-09-08 06:15:36,073 - 1495890 - piper.organizer - ERROR - []
2025-09-08 06:15:36,073 - 1495890 - piper.organizer - ERROR - []
2025-09-08 06:15:36,074 - 1495890 - piper.organizer - ERROR - []
2025-09-08 06:15:36,074 - 1495890 - piper.organizer - ERROR - []
2025-09-08 06:15:36,075 - 1495890 - piper.organizer - ERROR - []
2025-09-08 06:15:36,075 - 1495890 - piper.organizer - ERROR - []
2025-09-08 06:15:36,076 - 1495890 - piper.organizer - ERROR - []
2025-09-08 06:15:36,077 - 1495890 - piper.organizer - ERROR - []
2025-09-08 06:15:36,077 - 1495890 - piper.organizer - ERROR - []
2025-09-08 06:15:36,078 - 1495890 - piper.organizer - ERROR - []
2025-09-08 06:15:36,078 - 1495890 - piper.organizer - ERROR - []
2025-09-08 06:15:36,079 - 1495890 - piper.organizer - ERROR - []
2025-09-08 06:15:36,079 - 1495890 - piper.organizer - ERROR - []
2025-09-08 06:15:36,079 - 1495890 - piper.organizer - ERROR - []
2025-09-08 06:15:36,080 - 1495890 - piper.organizer - ERROR - []
2025-09-08 06:15:36,080 - 1495890 - piper.organizer - ERROR - []
2025-09-08 06:15:36,080 - 1495890 - piper.organizer - ERROR - []
2025-09-08 06:15:36,081 - 1495890 - piper.organizer - ERROR - []
2025-09-08 06:15:36,081 - 1495890 - piper.organizer - ERROR - []
2025-09-08 06:15:36,081 - 1495890 - piper.organizer - ERROR - []
2025-09-08 06:15:36,082 - 1495890 - piper.organizer - ERROR - []
2025-09-08 06:15:36,082 - 1495890 - piper.organizer - ERROR - []
2025-09-08 06:15:36,082 - 1495890 - piper.organizer - ERROR - []
2025-09-08 06:15:36,083 - 1495890 - piper.organizer - ERROR - []
2025-09-08 06:15:36,083 - 1495890 - piper.organizer - ERROR - []
2025-09-08 06:15:36,083 - 1495890 - piper.organizer - ERROR - []
2025-09-08 06:15:36,083 - 1495890 - piper.organizer - ERROR - []
2025-09-08 06:15:36,084 - 1495890 - piper.organizer - ERROR - []
2025-09-08 06:15:36,085 - 1495890 - piper.organizer - ERROR - []
2025-09-08 06:15:36,086 - 1495890 - piper.organizer - ERROR - []
2025-09-08 06:15:36,086 - 1495890 - piper.organizer - ERROR - []
2025-09-08 06:15:36,086 - 1495890 - piper.organizer - ERROR - []
2025-09-08 06:15:36,086 - 1495890 - piper.organizer - ERROR - []
2025-09-08 06:15:36,087 - 1495890 - piper.organizer - ERROR - []
2025-09-08 06:15:36,087 - 1495890 - piper.organizer - ERROR - []
2025-09-08 06:15:36,088 - 1495890 - piper.organizer - ERROR - []
2025-09-08 06:15:36,088 - 1495890 - piper.organizer - ERROR - []
2025-09-08 06:15:36,088 - 1495890 - piper.organizer - ERROR - []
2025-09-08 06:15:36,088 - 1495890 - piper.organizer - ERROR - []
2025-09-08 06:15:36,088 - 1495890 - piper.organizer - ERROR - []
2025-09-08 06:15:36,089 - 1495890 - piper.organizer - ERROR - []
2025-09-08 06:15:36,089 - 1495890 - piper.organizer - ERROR - []
2025-09-08 06:15:36,089 - 1495890 - piper.organizer - ERROR - []
2025-09-08 06:15:36,090 - 1495890 - piper.organizer - ERROR - []
2025-09-08 06:15:36,090 - 1495890 - piper.organizer - ERROR - []
2025-09-08 06:15:36,090 - 1495890 - piper.organizer - ERROR - []
2025-09-08 06:15:36,091 - 1495890 - piper.organizer - ERROR - []
2025-09-08 06:15:36,092 - 1495890 - piper.organizer - ERROR - []
2025-09-08 06:15:36,092 - 1495890 - piper.organizer - ERROR - []
2025-09-08 06:15:36,092 - 1495890 - piper.organizer - ERROR - []
2025-09-08 06:15:36,093 - 1495890 - piper.organizer - ERROR - []
2025-09-08 06:15:36,093 - 1495890 - piper.organizer - ERROR - []
2025-09-08 06:15:36,093 - 1495890 - piper.organizer - ERROR - []
2025-09-08 06:15:36,093 - 1495890 - piper.organizer - ERROR - []
2025-09-08 06:15:36,093 - 1495890 - piper.organizer - ERROR - []
2025-09-08 06:15:36,093 - 1495890 - piper.organizer - ERROR - []
2025-09-08 06:15:36,094 - 1495890 - piper.organizer - ERROR - []
2025-09-08 06:15:36,095 - 1495890 - piper.organizer - ERROR - []
2025-09-08 06:15:36,095 - 1495890 - piper.organizer - ERROR - []
2025-09-08 06:15:36,096 - 1495890 - piper.organizer - ERROR - []
2025-09-08 06:15:36,097 - 1495890 - piper.organizer - ERROR - []
2025-09-08 06:15:36,098 - 1495890 - piper.organizer - ERROR - []
2025-09-08 06:15:36,098 - 1495890 - piper.organizer - ERROR - []
2025-09-08 06:15:36,098 - 1495890 - piper.organizer - ERROR - []
2025-09-08 06:15:36,098 - 1495890 - piper.organizer - ERROR - []
2025-09-08 06:15:36,098 - 1495890 - piper.organizer - ERROR - []
2025-09-08 06:15:36,098 - 1495890 - piper.organizer - ERROR - []
2025-09-08 06:15:36,099 - 1495890 - piper.organizer - ERROR - []
2025-09-08 06:15:36,099 - 1495890 - piper.organizer - ERROR - []
2025-09-08 06:15:36,100 - 1495890 - piper.organizer - ERROR - []
2025-09-08 06:15:36,100 - 1495890 - piper.organizer - ERROR - []
2025-09-08 06:15:36,101 - 1495890 - piper.organizer - ERROR - []
2025-09-08 06:15:36,104 - 1495890 - piper.organizer - ERROR - []
2025-09-08 06:15:36,104 - 1495890 - piper.organizer - ERROR - []
2025-09-08 06:15:36,105 - 1495890 - piper.organizer - ERROR - []
2025-09-08 06:15:36,105 - 1495890 - piper.organizer - ERROR - []
2025-09-08 06:15:36,106 - 1495890 - piper.organizer - ERROR - []
2025-09-08 06:15:36,106 - 1495890 - piper.organizer - ERROR - []
2025-09-08 06:15:36,106 - 1495890 - piper.organizer - ERROR - []
2025-09-08 06:15:36,107 - 1495890 - piper.organizer - ERROR - []
2025-09-08 06:15:36,108 - 1495890 - piper.organizer - ERROR - []
2025-09-08 06:15:36,108 - 1495890 - piper.organizer - ERROR - []
2025-09-08 06:15:36,108 - 1495890 - piper.organizer - ERROR - []
2025-09-08 06:15:36,109 - 1495890 - piper.organizer - ERROR - []
2025-09-08 06:15:36,109 - 1495890 - piper.organizer - ERROR - []
2025-09-08 06:15:36,109 - 1495890 - piper.organizer - ERROR - []
2025-09-08 06:15:36,110 - 1495890 - piper.organizer - ERROR - []
2025-09-08 06:15:36,110 - 1495890 - piper.organizer - ERROR - []
2025-09-08 06:15:36,110 - 1495890 - piper.organizer - ERROR - []
2025-09-08 06:15:36,110 - 1495890 - piper.organizer - ERROR - []
2025-09-08 06:15:36,111 - 1495890 - piper.organizer - ERROR - []
2025-09-08 06:15:36,111 - 1495890 - piper.organizer - ERROR - []
2025-09-08 06:15:36,112 - 1495890 - piper.organizer - ERROR - []
2025-09-08 06:15:36,113 - 1495890 - piper.organizer - ERROR - []
2025-09-08 06:15:36,113 - 1495890 - piper.organizer - ERROR - []
2025-09-08 06:15:36,113 - 1495890 - piper.organizer - ERROR - []
2025-09-08 06:15:36,114 - 1495890 - piper.organizer - ERROR - []
2025-09-08 06:15:36,115 - 1495890 - piper.organizer - ERROR - []
2025-09-08 06:15:36,115 - 1495890 - piper.organizer - ERROR - []
2025-09-08 06:15:36,115 - 1495890 - piper.organizer - ERROR - []
2025-09-08 06:15:36,116 - 1495890 - piper.organizer - ERROR - []
2025-09-08 06:15:36,116 - 1495890 - piper.organizer - ERROR - []
2025-09-08 06:15:36,116 - 1495890 - piper.organizer - ERROR - []
2025-09-08 06:15:36,116 - 1495890 - piper.organizer - ERROR - []
2025-09-08 06:15:36,117 - 1495890 - piper.organizer - ERROR - []
2025-09-08 06:15:36,118 - 1495890 - piper.organizer - ERROR - []
2025-09-08 06:15:36,118 - 1495890 - piper.organizer - ERROR - []
2025-09-08 06:15:36,119 - 1495890 - piper.organizer - ERROR - []
2025-09-08 06:15:36,119 - 1495890 - piper.organizer - ERROR - []
2025-09-08 06:15:36,119 - 1495890 - piper.organizer - ERROR - []
2025-09-08 06:15:36,119 - 1495890 - piper.organizer - ERROR - []
2025-09-08 06:15:36,120 - 1495890 - piper.organizer - ERROR - []
2025-09-08 06:15:36,121 - 1495890 - piper.organizer - ERROR - []
2025-09-08 06:15:36,121 - 1495890 - piper.organizer - ERROR - []
2025-09-08 06:15:36,122 - 1495890 - piper.organizer - ERROR - []
2025-09-08 06:15:36,122 - 1495890 - piper.organizer - ERROR - []
2025-09-08 06:15:36,122 - 1495890 - piper.organizer - ERROR - []
2025-09-08 06:15:36,123 - 1495890 - piper.organizer - ERROR - []
2025-09-08 06:15:36,123 - 1495890 - piper.organizer - ERROR - []
2025-09-08 06:15:36,123 - 1495890 - piper.organizer - ERROR - []
2025-09-08 06:15:36,124 - 1495890 - piper.organizer - ERROR - []
2025-09-08 06:15:36,124 - 1495890 - piper.organizer - ERROR - []
2025-09-08 06:15:36,124 - 1495890 - piper.organizer - ERROR - []
2025-09-08 06:15:36,124 - 1495890 - piper.organizer - ERROR - []
2025-09-08 06:15:36,124 - 1495890 - piper.organizer - ERROR - []
2025-09-08 06:15:36,125 - 1495890 - piper.organizer - ERROR - Traversal encounters a non-existing file at /home/user/uber-one/data_piper_core_pipelines/adtech/automation/hive_etl/ddl
2025-09-08 06:15:36,125 - 1495890 - piper.organizer - ERROR - Traversal encounters a non-existing file at /home/user/uber-one/data_piper_core_pipelines/adtech/channel_optimization/hive_etl/ddl
2025-09-08 06:15:36,126 - 1495890 - piper.organizer - ERROR - Traversal encounters a non-existing file at /home/user/uber-one/data_piper_core_pipelines/adtech/targeting/hive_etl/ddl
2025-09-08 06:15:36,126 - 1495890 - piper.organizer - ERROR - []
2025-09-08 06:15:36,127 - 1495890 - piper.organizer - ERROR - []
2025-09-08 06:15:36,127 - 1495890 - piper.organizer - ERROR - Traversal encounters a non-existing file at /home/user/uber-one/data_piper_core_pipelines/adtech/automation/hive_etl/jobs
2025-09-08 06:15:36,127 - 1495890 - piper.organizer - ERROR - Traversal encounters a non-existing file at /home/user/uber-one/data_piper_core_pipelines/adtech/channel_optimization/hive_etl/jobs
2025-09-08 06:15:36,128 - 1495890 - piper.organizer - ERROR - Traversal encounters a non-existing file at /home/user/uber-one/data_piper_core_pipelines/adtech/targeting/hive_etl/jobs
2025-09-08 06:15:36,128 - 1495890 - piper.organizer - ERROR - []
2025-09-08 06:15:36,128 - 1495890 - piper.organizer - ERROR - []
2025-09-08 06:15:36,129 - 1495890 - piper.organizer - ERROR - Traversal encounters a non-existing file at /home/user/uber-one/data_piper_core_pipelines/adtech/automation/hive_etl/sql
2025-09-08 06:15:36,129 - 1495890 - piper.organizer - ERROR - Traversal encounters a non-existing file at /home/user/uber-one/data_piper_core_pipelines/adtech/channel_optimization/hive_etl/sql
2025-09-08 06:15:36,129 - 1495890 - piper.organizer - ERROR - Traversal encounters a non-existing file at /home/user/uber-one/data_piper_core_pipelines/adtech/targeting/hive_etl/sql
2025-09-08 06:15:36,130 - 1495890 - piper.organizer - ERROR - []
2025-09-08 06:15:36,131 - 1495890 - piper.organizer - ERROR - []
2025-09-08 06:15:36,131 - 1495890 - piper.organizer - ERROR - []
2025-09-08 06:15:36,131 - 1495890 - piper.organizer - ERROR - []
2025-09-08 06:15:36,133 - 1495890 - piper.organizer - ERROR - []
2025-09-08 06:15:36,134 - 1495890 - piper.organizer - ERROR - []
2025-09-08 06:15:36,134 - 1495890 - piper.organizer - ERROR - []
2025-09-08 06:15:36,135 - 1495890 - piper.organizer - ERROR - []
2025-09-08 06:15:36,136 - 1495890 - piper.organizer - ERROR - []
2025-09-08 06:15:36,136 - 1495890 - piper.organizer - ERROR - []
2025-09-08 06:15:36,136 - 1495890 - piper.organizer - ERROR - []
2025-09-08 06:15:36,137 - 1495890 - piper.organizer - ERROR - []
2025-09-08 06:15:36,137 - 1495890 - piper.organizer - ERROR - []
2025-09-08 06:15:36,137 - 1495890 - piper.organizer - ERROR - []
2025-09-08 06:15:36,138 - 1495890 - piper.organizer - ERROR - []
2025-09-08 06:15:36,138 - 1495890 - piper.organizer - ERROR - []
2025-09-08 06:15:36,138 - 1495890 - piper.organizer - ERROR - []
2025-09-08 06:15:36,139 - 1495890 - piper.organizer - ERROR - []
2025-09-08 06:15:36,139 - 1495890 - piper.organizer - ERROR - []
2025-09-08 06:15:36,140 - 1495890 - piper.organizer - ERROR - []
2025-09-08 06:15:36,142 - 1495890 - piper.organizer - ERROR - []
2025-09-08 06:15:36,142 - 1495890 - piper.organizer - ERROR - []
2025-09-08 06:15:36,143 - 1495890 - piper.organizer - ERROR - []
2025-09-08 06:15:36,143 - 1495890 - piper.organizer - ERROR - []
2025-09-08 06:15:36,143 - 1495890 - piper.organizer - ERROR - []
2025-09-08 06:15:36,146 - 1495890 - piper.organizer - ERROR - []
2025-09-08 06:15:36,147 - 1495890 - piper.organizer - ERROR - []
2025-09-08 06:15:36,148 - 1495890 - piper.organizer - ERROR - []
2025-09-08 06:15:36,148 - 1495890 - piper.organizer - ERROR - []
2025-09-08 06:15:36,148 - 1495890 - piper.organizer - ERROR - []
2025-09-08 06:15:36,149 - 1495890 - piper.organizer - ERROR - []
2025-09-08 06:15:36,149 - 1495890 - piper.organizer - ERROR - []
2025-09-08 06:15:36,150 - 1495890 - piper.organizer - ERROR - []
2025-09-08 06:15:36,150 - 1495890 - piper.organizer - ERROR - []
2025-09-08 06:15:36,151 - 1495890 - piper.organizer - ERROR - []
2025-09-08 06:15:36,151 - 1495890 - piper.organizer - ERROR - []
2025-09-08 06:15:36,153 - 1495890 - piper.organizer - ERROR - []
2025-09-08 06:15:36,154 - 1495890 - piper.organizer - ERROR - []
2025-09-08 06:15:36,154 - 1495890 - piper.organizer - ERROR - []
2025-09-08 06:15:36,154 - 1495890 - piper.organizer - ERROR - []
2025-09-08 06:15:36,155 - 1495890 - piper.organizer - ERROR - []
2025-09-08 06:15:36,155 - 1495890 - piper.organizer - ERROR - []
2025-09-08 06:15:36,156 - 1495890 - piper.organizer - ERROR - []
2025-09-08 06:15:36,156 - 1495890 - piper.organizer - ERROR - []
2025-09-08 06:15:36,156 - 1495890 - piper.organizer - ERROR - []
2025-09-08 06:15:36,157 - 1495890 - piper.organizer - ERROR - []
2025-09-08 06:15:36,157 - 1495890 - piper.organizer - ERROR - []
2025-09-08 06:15:36,157 - 1495890 - piper.organizer - ERROR - []
2025-09-08 06:15:36,158 - 1495890 - piper.organizer - ERROR - []
2025-09-08 06:15:36,158 - 1495890 - piper.organizer - ERROR - []
2025-09-08 06:15:36,159 - 1495890 - piper.organizer - ERROR - []
2025-09-08 06:15:36,160 - 1495890 - piper.organizer - ERROR - []
2025-09-08 06:15:36,161 - 1495890 - piper.organizer - ERROR - []
2025-09-08 06:15:36,161 - 1495890 - piper.organizer - ERROR - []
2025-09-08 06:15:36,161 - 1495890 - piper.organizer - ERROR - []
2025-09-08 06:15:36,162 - 1495890 - piper.organizer - ERROR - []
2025-09-08 06:15:36,162 - 1495890 - piper.organizer - ERROR - []
2025-09-08 06:15:36,163 - 1495890 - piper.organizer - ERROR - []
2025-09-08 06:15:36,163 - 1495890 - piper.organizer - ERROR - []
2025-09-08 06:15:36,163 - 1495890 - piper.organizer - ERROR - []
2025-09-08 06:15:36,165 - 1495890 - piper.organizer - ERROR - []
2025-09-08 06:15:36,165 - 1495890 - piper.organizer - ERROR - []
2025-09-08 06:15:36,166 - 1495890 - piper.organizer - ERROR - []
2025-09-08 06:15:36,166 - 1495890 - piper.organizer - ERROR - []
2025-09-08 06:15:36,167 - 1495890 - piper.organizer - ERROR - []
2025-09-08 06:15:36,167 - 1495890 - piper.organizer - ERROR - []
2025-09-08 06:15:36,167 - 1495890 - piper.organizer - ERROR - []
2025-09-08 06:15:36,167 - 1495890 - piper.organizer - ERROR - []
2025-09-08 06:15:36,168 - 1495890 - piper.organizer - ERROR - []
2025-09-08 06:15:36,168 - 1495890 - piper.organizer - ERROR - []
2025-09-08 06:15:36,169 - 1495890 - piper.organizer - ERROR - []
2025-09-08 06:15:36,170 - 1495890 - piper.organizer - ERROR - []
2025-09-08 06:15:36,171 - 1495890 - piper.organizer - ERROR - []
2025-09-08 06:15:36,171 - 1495890 - piper.organizer - ERROR - []
2025-09-08 06:15:36,171 - 1495890 - piper.organizer - ERROR - []
2025-09-08 06:15:36,171 - 1495890 - piper.organizer - ERROR - []
2025-09-08 06:15:36,171 - 1495890 - piper.organizer - ERROR - []
2025-09-08 06:15:36,172 - 1495890 - piper.organizer - ERROR - []
2025-09-08 06:15:36,172 - 1495890 - piper.organizer - ERROR - []
2025-09-08 06:15:36,173 - 1495890 - piper.organizer - ERROR - []
2025-09-08 06:15:36,174 - 1495890 - piper.organizer - ERROR - []
2025-09-08 06:15:36,174 - 1495890 - piper.organizer - ERROR - []
2025-09-08 06:15:36,175 - 1495890 - piper.organizer - ERROR - []
2025-09-08 06:15:36,175 - 1495890 - piper.organizer - ERROR - []
2025-09-08 06:15:36,175 - 1495890 - piper.organizer - ERROR - []
2025-09-08 06:15:36,175 - 1495890 - piper.organizer - ERROR - []
2025-09-08 06:15:36,175 - 1495890 - piper.organizer - ERROR - []
2025-09-08 06:15:36,176 - 1495890 - piper.organizer - ERROR - []
2025-09-08 06:15:36,176 - 1495890 - piper.organizer - ERROR - []
2025-09-08 06:15:36,176 - 1495890 - piper.organizer - ERROR - []
2025-09-08 06:15:36,177 - 1495890 - piper.organizer - ERROR - []
2025-09-08 06:15:36,177 - 1495890 - piper.organizer - ERROR - []
2025-09-08 06:15:36,177 - 1495890 - piper.organizer - ERROR - []
2025-09-08 06:15:36,178 - 1495890 - piper.organizer - ERROR - []
2025-09-08 06:15:36,178 - 1495890 - piper.organizer - ERROR - []
2025-09-08 06:15:36,178 - 1495890 - piper.organizer - ERROR - []
2025-09-08 06:15:36,178 - 1495890 - piper.organizer - ERROR - []
2025-09-08 06:15:36,179 - 1495890 - piper.organizer - ERROR - []
2025-09-08 06:15:36,179 - 1495890 - piper.organizer - ERROR - []
2025-09-08 06:15:36,179 - 1495890 - piper.organizer - ERROR - []
2025-09-08 06:15:36,181 - 1495890 - piper.organizer - ERROR - []
2025-09-08 06:15:36,181 - 1495890 - piper.organizer - ERROR - []
2025-09-08 06:15:36,181 - 1495890 - piper.organizer - ERROR - []
2025-09-08 06:15:36,182 - 1495890 - piper.organizer - ERROR - []
2025-09-08 06:15:36,183 - 1495890 - piper.organizer - ERROR - []
2025-09-08 06:15:36,183 - 1495890 - piper.organizer - ERROR - []
2025-09-08 06:15:36,183 - 1495890 - piper.organizer - ERROR - []
2025-09-08 06:15:36,183 - 1495890 - piper.organizer - ERROR - []
2025-09-08 06:15:36,184 - 1495890 - piper.organizer - ERROR - []
2025-09-08 06:15:36,184 - 1495890 - piper.organizer - ERROR - []
2025-09-08 06:15:36,184 - 1495890 - piper.organizer - ERROR - []
2025-09-08 06:15:36,185 - 1495890 - piper.organizer - ERROR - []
2025-09-08 06:15:36,185 - 1495890 - piper.organizer - ERROR - []
2025-09-08 06:15:36,185 - 1495890 - piper.organizer - ERROR - []
2025-09-08 06:15:36,185 - 1495890 - piper.organizer - ERROR - []
2025-09-08 06:15:36,186 - 1495890 - piper.organizer - ERROR - []
2025-09-08 06:15:36,186 - 1495890 - piper.organizer - ERROR - []
2025-09-08 06:15:36,187 - 1495890 - piper.organizer - ERROR - []
2025-09-08 06:15:36,187 - 1495890 - piper.organizer - ERROR - []
2025-09-08 06:15:36,187 - 1495890 - piper.organizer - ERROR - []
2025-09-08 06:15:36,187 - 1495890 - piper.organizer - ERROR - []
2025-09-08 06:15:36,187 - 1495890 - piper.organizer - ERROR - []
2025-09-08 06:15:36,188 - 1495890 - piper.organizer - ERROR - []
2025-09-08 06:15:36,188 - 1495890 - piper.organizer - ERROR - []
2025-09-08 06:15:36,188 - 1495890 - piper.organizer - ERROR - []
2025-09-08 06:15:36,189 - 1495890 - piper.organizer - ERROR - []
2025-09-08 06:15:36,189 - 1495890 - piper.organizer - ERROR - []
2025-09-08 06:15:36,190 - 1495890 - piper.organizer - ERROR - []
2025-09-08 06:15:36,190 - 1495890 - piper.organizer - ERROR - []
2025-09-08 06:15:36,190 - 1495890 - piper.organizer - ERROR - []
2025-09-08 06:15:36,191 - 1495890 - piper.organizer - ERROR - []
2025-09-08 06:15:36,192 - 1495890 - piper.organizer - ERROR - []
2025-09-08 06:15:36,192 - 1495890 - piper.organizer - ERROR - []
2025-09-08 06:15:36,193 - 1495890 - piper.organizer - ERROR - []
2025-09-08 06:15:36,193 - 1495890 - piper.organizer - ERROR - []
2025-09-08 06:15:36,193 - 1495890 - piper.organizer - ERROR - []
2025-09-08 06:15:36,194 - 1495890 - piper.organizer - ERROR - []
2025-09-08 06:15:36,195 - 1495890 - piper.organizer - ERROR - []
2025-09-08 06:15:36,195 - 1495890 - piper.organizer - ERROR - []
2025-09-08 06:15:36,195 - 1495890 - piper.organizer - ERROR - []
2025-09-08 06:15:36,195 - 1495890 - piper.organizer - ERROR - []
2025-09-08 06:15:36,196 - 1495890 - piper.organizer - ERROR - []
2025-09-08 06:15:36,196 - 1495890 - piper.organizer - ERROR - []
2025-09-08 06:15:36,196 - 1495890 - piper.organizer - ERROR - []
2025-09-08 06:15:36,196 - 1495890 - piper.organizer - ERROR - []
2025-09-08 06:15:36,197 - 1495890 - piper.organizer - ERROR - []
2025-09-08 06:15:36,197 - 1495890 - piper.organizer - ERROR - []
2025-09-08 06:15:36,197 - 1495890 - piper.organizer - ERROR - []
2025-09-08 06:15:36,197 - 1495890 - piper.organizer - ERROR - []
2025-09-08 06:15:36,197 - 1495890 - piper.organizer - ERROR - []
2025-09-08 06:15:36,198 - 1495890 - piper.organizer - ERROR - []
2025-09-08 06:15:36,198 - 1495890 - piper.organizer - ERROR - []
2025-09-08 06:15:36,198 - 1495890 - piper.organizer - ERROR - []
2025-09-08 06:15:36,199 - 1495890 - piper.organizer - ERROR - []
2025-09-08 06:15:36,199 - 1495890 - piper.organizer - ERROR - []
2025-09-08 06:15:36,199 - 1495890 - piper.organizer - ERROR - []
2025-09-08 06:15:36,201 - 1495890 - piper.organizer - ERROR - []
2025-09-08 06:15:36,202 - 1495890 - piper.organizer - ERROR - []
2025-09-08 06:15:36,202 - 1495890 - piper.organizer - ERROR - []
2025-09-08 06:15:36,203 - 1495890 - piper.organizer - ERROR - []
2025-09-08 06:15:36,203 - 1495890 - piper.organizer - ERROR - []
2025-09-08 06:15:36,203 - 1495890 - piper.organizer - ERROR - []
2025-09-08 06:15:36,203 - 1495890 - piper.organizer - ERROR - []
2025-09-08 06:15:36,203 - 1495890 - piper.organizer - ERROR - []
2025-09-08 06:15:36,204 - 1495890 - piper.organizer - ERROR - []
2025-09-08 06:15:36,204 - 1495890 - piper.organizer - ERROR - []
2025-09-08 06:15:36,204 - 1495890 - piper.organizer - ERROR - []
2025-09-08 06:15:36,205 - 1495890 - piper.organizer - ERROR - []
2025-09-08 06:15:36,205 - 1495890 - piper.organizer - ERROR - []
2025-09-08 06:15:36,205 - 1495890 - piper.organizer - ERROR - []
2025-09-08 06:15:36,205 - 1495890 - piper.organizer - ERROR - []
2025-09-08 06:15:36,206 - 1495890 - piper.organizer - ERROR - []
2025-09-08 06:15:36,206 - 1495890 - piper.organizer - ERROR - []
2025-09-08 06:15:36,206 - 1495890 - piper.organizer - ERROR - []
2025-09-08 06:15:36,207 - 1495890 - piper.organizer - ERROR - []
2025-09-08 06:15:36,207 - 1495890 - piper.organizer - ERROR - []
2025-09-08 06:15:36,207 - 1495890 - piper.organizer - ERROR - []
2025-09-08 06:15:36,207 - 1495890 - piper.organizer - ERROR - []
2025-09-08 06:15:36,207 - 1495890 - piper.organizer - ERROR - []
2025-09-08 06:15:36,208 - 1495890 - piper.organizer - ERROR - []
2025-09-08 06:15:36,208 - 1495890 - piper.organizer - ERROR - []
2025-09-08 06:15:36,209 - 1495890 - piper.organizer - ERROR - []
2025-09-08 06:15:36,209 - 1495890 - piper.organizer - ERROR - []
2025-09-08 06:15:36,209 - 1495890 - piper.organizer - ERROR - []
2025-09-08 06:15:36,210 - 1495890 - piper.organizer - ERROR - []
2025-09-08 06:15:36,211 - 1495890 - piper.organizer - ERROR - []
2025-09-08 06:15:36,211 - 1495890 - piper.organizer - ERROR - []
2025-09-08 06:15:36,211 - 1495890 - piper.organizer - ERROR - []
2025-09-08 06:15:36,212 - 1495890 - piper.organizer - ERROR - []
2025-09-08 06:15:36,212 - 1495890 - piper.organizer - ERROR - []
2025-09-08 06:15:36,212 - 1495890 - piper.organizer - ERROR - []
2025-09-08 06:15:36,213 - 1495890 - piper.organizer - ERROR - []
2025-09-08 06:15:36,214 - 1495890 - piper.organizer - ERROR - []
2025-09-08 06:15:36,214 - 1495890 - piper.organizer - ERROR - []
2025-09-08 06:15:36,215 - 1495890 - piper.organizer - ERROR - []
2025-09-08 06:15:36,215 - 1495890 - piper.organizer - ERROR - []
2025-09-08 06:15:36,216 - 1495890 - piper.organizer - ERROR - []
2025-09-08 06:15:36,216 - 1495890 - piper.organizer - ERROR - []
2025-09-08 06:15:36,216 - 1495890 - piper.organizer - ERROR - []
2025-09-08 06:15:36,217 - 1495890 - piper.organizer - ERROR - []
2025-09-08 06:15:36,217 - 1495890 - piper.organizer - ERROR - []
2025-09-08 06:15:36,218 - 1495890 - piper.organizer - ERROR - []
2025-09-08 06:15:36,219 - 1495890 - piper.organizer - ERROR - []
2025-09-08 06:15:36,219 - 1495890 - piper.organizer - ERROR - []
2025-09-08 06:15:36,220 - 1495890 - piper.organizer - ERROR - []
2025-09-08 06:15:36,220 - 1495890 - piper.organizer - ERROR - []
2025-09-08 06:15:36,220 - 1495890 - piper.organizer - ERROR - []
2025-09-08 06:15:36,220 - 1495890 - piper.organizer - ERROR - []
2025-09-08 06:15:36,221 - 1495890 - piper.organizer - ERROR - []
2025-09-08 06:15:36,221 - 1495890 - piper.organizer - ERROR - []
2025-09-08 06:15:36,221 - 1495890 - piper.organizer - ERROR - []
2025-09-08 06:15:36,222 - 1495890 - piper.organizer - ERROR - []
2025-09-08 06:15:36,222 - 1495890 - piper.organizer - ERROR - []
2025-09-08 06:15:36,222 - 1495890 - piper.organizer - ERROR - []
2025-09-08 06:15:36,222 - 1495890 - piper.organizer - ERROR - []
2025-09-08 06:15:36,223 - 1495890 - piper.organizer - ERROR - []
2025-09-08 06:15:36,223 - 1495890 - piper.organizer - ERROR - []
2025-09-08 06:15:36,224 - 1495890 - piper.organizer - ERROR - []
2025-09-08 06:15:36,225 - 1495890 - piper.organizer - ERROR - []
2025-09-08 06:15:36,225 - 1495890 - piper.organizer - ERROR - []
2025-09-08 06:15:36,226 - 1495890 - piper.organizer - ERROR - []
2025-09-08 06:15:36,226 - 1495890 - piper.organizer - ERROR - []
2025-09-08 06:15:36,226 - 1495890 - piper.organizer - ERROR - []
2025-09-08 06:15:36,227 - 1495890 - piper.organizer - ERROR - []
2025-09-08 06:15:36,227 - 1495890 - piper.organizer - ERROR - []
2025-09-08 06:15:36,227 - 1495890 - piper.organizer - ERROR - []
2025-09-08 06:15:36,228 - 1495890 - piper.organizer - ERROR - []
2025-09-08 06:15:36,228 - 1495890 - piper.organizer - ERROR - []
2025-09-08 06:15:36,229 - 1495890 - piper.organizer - ERROR - []
2025-09-08 06:15:36,229 - 1495890 - piper.organizer - ERROR - []
2025-09-08 06:15:36,230 - 1495890 - piper.organizer - ERROR - []
2025-09-08 06:15:36,230 - 1495890 - piper.organizer - ERROR - []
2025-09-08 06:15:36,230 - 1495890 - piper.organizer - ERROR - []
2025-09-08 06:15:36,230 - 1495890 - piper.organizer - ERROR - []
2025-09-08 06:15:36,230 - 1495890 - piper.organizer - ERROR - []
2025-09-08 06:15:36,231 - 1495890 - piper.organizer - ERROR - []
2025-09-08 06:15:36,231 - 1495890 - piper.organizer - ERROR - []
2025-09-08 06:15:36,231 - 1495890 - piper.organizer - ERROR - []
2025-09-08 06:15:36,231 - 1495890 - piper.organizer - ERROR - []
2025-09-08 06:15:36,232 - 1495890 - piper.organizer - ERROR - []
2025-09-08 06:15:36,232 - 1495890 - piper.organizer - ERROR - []
2025-09-08 06:15:36,232 - 1495890 - piper.organizer - ERROR - []
2025-09-08 06:15:36,232 - 1495890 - piper.organizer - ERROR - []
2025-09-08 06:15:36,233 - 1495890 - piper.organizer - ERROR - []
2025-09-08 06:15:36,233 - 1495890 - piper.organizer - ERROR - []
2025-09-08 06:15:36,235 - 1495890 - piper.organizer - ERROR - []
2025-09-08 06:15:36,235 - 1495890 - piper.organizer - ERROR - []
2025-09-08 06:15:36,235 - 1495890 - piper.organizer - ERROR - []
2025-09-08 06:15:36,236 - 1495890 - piper.organizer - ERROR - []
2025-09-08 06:15:36,236 - 1495890 - piper.organizer - ERROR - []
2025-09-08 06:15:36,236 - 1495890 - piper.organizer - ERROR - []
2025-09-08 06:15:36,237 - 1495890 - piper.organizer - ERROR - []
2025-09-08 06:15:36,237 - 1495890 - piper.organizer - ERROR - []
2025-09-08 06:15:36,237 - 1495890 - piper.organizer - ERROR - []
2025-09-08 06:15:36,238 - 1495890 - piper.organizer - ERROR - []
2025-09-08 06:15:36,238 - 1495890 - piper.organizer - ERROR - []
2025-09-08 06:15:36,239 - 1495890 - piper.organizer - ERROR - []
2025-09-08 06:15:36,241 - 1495890 - piper.organizer - ERROR - []
2025-09-08 06:15:36,242 - 1495890 - piper.organizer - ERROR - []
2025-09-08 06:15:36,242 - 1495890 - piper.organizer - ERROR - []
2025-09-08 06:15:36,242 - 1495890 - piper.organizer - ERROR - []
2025-09-08 06:15:36,243 - 1495890 - piper.organizer - ERROR - []
2025-09-08 06:15:36,243 - 1495890 - piper.organizer - ERROR - []
2025-09-08 06:15:36,244 - 1495890 - piper.organizer - ERROR - []
2025-09-08 06:15:36,244 - 1495890 - piper.organizer - ERROR - []
2025-09-08 06:15:36,244 - 1495890 - piper.organizer - ERROR - []
2025-09-08 06:15:36,245 - 1495890 - piper.organizer - ERROR - []
2025-09-08 06:15:36,245 - 1495890 - piper.organizer - ERROR - []
2025-09-08 06:15:36,245 - 1495890 - piper.organizer - ERROR - []
2025-09-08 06:15:36,246 - 1495890 - piper.organizer - ERROR - []
2025-09-08 06:15:36,246 - 1495890 - piper.organizer - ERROR - []
2025-09-08 06:15:36,249 - 1495890 - piper.organizer - ERROR - []
2025-09-08 06:15:36,250 - 1495890 - piper.organizer - ERROR - []
2025-09-08 06:15:36,250 - 1495890 - piper.organizer - ERROR - []
2025-09-08 06:15:36,251 - 1495890 - piper.organizer - ERROR - []
2025-09-08 06:15:36,251 - 1495890 - piper.organizer - ERROR - []
2025-09-08 06:15:36,251 - 1495890 - piper.organizer - ERROR - []
2025-09-08 06:15:36,251 - 1495890 - piper.organizer - ERROR - []
2025-09-08 06:15:36,252 - 1495890 - piper.organizer - ERROR - []
2025-09-08 06:15:36,252 - 1495890 - piper.organizer - ERROR - []
2025-09-08 06:15:36,252 - 1495890 - piper.organizer - ERROR - []
2025-09-08 06:15:36,253 - 1495890 - piper.organizer - ERROR - []
2025-09-08 06:15:36,253 - 1495890 - piper.organizer - ERROR - []
2025-09-08 06:15:36,254 - 1495890 - piper.organizer - ERROR - []
2025-09-08 06:15:36,254 - 1495890 - piper.organizer - ERROR - []
2025-09-08 06:15:36,255 - 1495890 - piper.organizer - ERROR - []
2025-09-08 06:15:36,255 - 1495890 - piper.organizer - ERROR - []
2025-09-08 06:15:36,255 - 1495890 - piper.organizer - ERROR - []
2025-09-08 06:15:36,255 - 1495890 - piper.organizer - ERROR - []
2025-09-08 06:15:36,256 - 1495890 - piper.organizer - ERROR - []
2025-09-08 06:15:36,256 - 1495890 - piper.organizer - ERROR - []
2025-09-08 06:15:36,257 - 1495890 - piper.organizer - ERROR - []
2025-09-08 06:15:36,257 - 1495890 - piper.organizer - ERROR - []
2025-09-08 06:15:36,257 - 1495890 - piper.organizer - ERROR - []
2025-09-08 06:15:36,257 - 1495890 - piper.organizer - ERROR - []
2025-09-08 06:15:36,258 - 1495890 - piper.organizer - ERROR - []
2025-09-08 06:15:36,258 - 1495890 - piper.organizer - ERROR - []
2025-09-08 06:15:36,259 - 1495890 - piper.organizer - ERROR - []
2025-09-08 06:15:36,259 - 1495890 - piper.organizer - ERROR - []
2025-09-08 06:15:36,259 - 1495890 - piper.organizer - ERROR - []
2025-09-08 06:15:36,260 - 1495890 - piper.organizer - ERROR - []
2025-09-08 06:15:36,260 - 1495890 - piper.organizer - ERROR - []
2025-09-08 06:15:36,260 - 1495890 - piper.organizer - ERROR - []
2025-09-08 06:15:36,260 - 1495890 - piper.organizer - ERROR - []
2025-09-08 06:15:36,261 - 1495890 - piper.organizer - ERROR - []
2025-09-08 06:15:36,261 - 1495890 - piper.organizer - ERROR - []
2025-09-08 06:15:36,262 - 1495890 - piper.organizer - ERROR - []
2025-09-08 06:15:36,262 - 1495890 - piper.organizer - ERROR - []
2025-09-08 06:15:36,262 - 1495890 - piper.organizer - ERROR - []
2025-09-08 06:15:36,263 - 1495890 - piper.organizer - ERROR - []
2025-09-08 06:15:36,264 - 1495890 - piper.organizer - ERROR - []
2025-09-08 06:15:36,264 - 1495890 - piper.organizer - ERROR - []
2025-09-08 06:15:36,264 - 1495890 - piper.organizer - ERROR - []
2025-09-08 06:15:36,265 - 1495890 - piper.organizer - ERROR - []
2025-09-08 06:15:36,265 - 1495890 - piper.organizer - ERROR - []
2025-09-08 06:15:36,265 - 1495890 - piper.organizer - ERROR - []
2025-09-08 06:15:36,266 - 1495890 - piper.organizer - ERROR - []
2025-09-08 06:15:36,266 - 1495890 - piper.organizer - ERROR - []
2025-09-08 06:15:36,267 - 1495890 - piper.organizer - ERROR - []
2025-09-08 06:15:36,267 - 1495890 - piper.organizer - ERROR - []
2025-09-08 06:15:36,267 - 1495890 - piper.organizer - ERROR - []
2025-09-08 06:15:36,267 - 1495890 - piper.organizer - ERROR - []
2025-09-08 06:15:36,267 - 1495890 - piper.organizer - ERROR - []
2025-09-08 06:15:36,268 - 1495890 - piper.organizer - ERROR - []
2025-09-08 06:15:36,268 - 1495890 - piper.organizer - ERROR - []
2025-09-08 06:15:36,268 - 1495890 - piper.organizer - ERROR - []
2025-09-08 06:15:36,269 - 1495890 - piper.organizer - ERROR - []
2025-09-08 06:15:36,269 - 1495890 - piper.organizer - ERROR - []
2025-09-08 06:15:36,269 - 1495890 - piper.organizer - ERROR - []
2025-09-08 06:15:36,269 - 1495890 - piper.organizer - ERROR - []
2025-09-08 06:15:36,270 - 1495890 - piper.organizer - ERROR - []
2025-09-08 06:15:36,270 - 1495890 - piper.organizer - ERROR - []
2025-09-08 06:15:36,270 - 1495890 - piper.organizer - ERROR - []
2025-09-08 06:15:36,271 - 1495890 - piper.organizer - ERROR - []
2025-09-08 06:15:36,271 - 1495890 - piper.organizer - ERROR - []
2025-09-08 06:15:36,271 - 1495890 - piper.organizer - ERROR - []
2025-09-08 06:15:36,272 - 1495890 - piper.organizer - ERROR - []
2025-09-08 06:15:36,272 - 1495890 - piper.organizer - ERROR - []
2025-09-08 06:15:36,273 - 1495890 - piper.organizer - ERROR - []
2025-09-08 06:15:36,273 - 1495890 - piper.organizer - ERROR - []
2025-09-08 06:15:36,273 - 1495890 - piper.organizer - ERROR - []
2025-09-08 06:15:36,274 - 1495890 - piper.organizer - ERROR - []
2025-09-08 06:15:36,274 - 1495890 - piper.organizer - ERROR - []
2025-09-08 06:15:36,274 - 1495890 - piper.organizer - ERROR - []
2025-09-08 06:15:36,275 - 1495890 - piper.organizer - ERROR - []
2025-09-08 06:15:36,275 - 1495890 - piper.organizer - ERROR - []
2025-09-08 06:15:36,275 - 1495890 - piper.organizer - ERROR - []
2025-09-08 06:15:36,276 - 1495890 - piper.organizer - ERROR - []
2025-09-08 06:15:36,277 - 1495890 - piper.organizer - ERROR - []
2025-09-08 06:15:36,277 - 1495890 - piper.organizer - ERROR - []
2025-09-08 06:15:36,278 - 1495890 - piper.organizer - ERROR - []
2025-09-08 06:15:36,278 - 1495890 - piper.organizer - ERROR - []
2025-09-08 06:15:36,279 - 1495890 - piper.organizer - ERROR - []
2025-09-08 06:15:36,280 - 1495890 - piper.organizer - ERROR - []
2025-09-08 06:15:36,280 - 1495890 - piper.organizer - ERROR - []
2025-09-08 06:15:36,280 - 1495890 - piper.organizer - ERROR - []
2025-09-08 06:15:36,281 - 1495890 - piper.organizer - ERROR - []
2025-09-08 06:15:36,281 - 1495890 - piper.organizer - ERROR - []
2025-09-08 06:15:36,281 - 1495890 - piper.organizer - ERROR - []
2025-09-08 06:15:36,281 - 1495890 - piper.organizer - ERROR - []
2025-09-08 06:15:36,282 - 1495890 - piper.organizer - ERROR - []
2025-09-08 06:15:36,282 - 1495890 - piper.organizer - ERROR - []
2025-09-08 06:15:36,282 - 1495890 - piper.organizer - ERROR - []
2025-09-08 06:15:36,282 - 1495890 - piper.organizer - ERROR - []
2025-09-08 06:15:36,282 - 1495890 - piper.organizer - ERROR - []
2025-09-08 06:15:36,283 - 1495890 - piper.organizer - ERROR - []
2025-09-08 06:15:36,283 - 1495890 - piper.organizer - ERROR - []
2025-09-08 06:15:36,284 - 1495890 - piper.organizer - ERROR - []
2025-09-08 06:15:36,284 - 1495890 - piper.organizer - ERROR - []
2025-09-08 06:15:36,284 - 1495890 - piper.organizer - ERROR - []
2025-09-08 06:15:36,285 - 1495890 - piper.organizer - ERROR - []
2025-09-08 06:15:36,286 - 1495890 - piper.organizer - ERROR - []
2025-09-08 06:15:36,286 - 1495890 - piper.organizer - ERROR - []
2025-09-08 06:15:36,286 - 1495890 - piper.organizer - ERROR - []
2025-09-08 06:15:36,288 - 1495890 - piper.organizer - ERROR - []
2025-09-08 06:15:36,288 - 1495890 - piper.organizer - ERROR - []
2025-09-08 06:15:36,288 - 1495890 - piper.organizer - ERROR - []
2025-09-08 06:15:36,289 - 1495890 - piper.organizer - ERROR - []
2025-09-08 06:15:36,289 - 1495890 - piper.organizer - ERROR - []
2025-09-08 06:15:36,289 - 1495890 - piper.organizer - ERROR - []
2025-09-08 06:15:36,290 - 1495890 - piper.organizer - ERROR - []
2025-09-08 06:15:36,290 - 1495890 - piper.organizer - ERROR - []
2025-09-08 06:15:36,290 - 1495890 - piper.organizer - ERROR - []
2025-09-08 06:15:36,291 - 1495890 - piper.organizer - ERROR - []
2025-09-08 06:15:36,291 - 1495890 - piper.organizer - ERROR - []
2025-09-08 06:15:36,291 - 1495890 - piper.organizer - ERROR - []
2025-09-08 06:15:36,292 - 1495890 - piper.organizer - ERROR - []
2025-09-08 06:15:36,292 - 1495890 - piper.organizer - ERROR - []
2025-09-08 06:15:36,292 - 1495890 - piper.organizer - ERROR - []
2025-09-08 06:15:36,293 - 1495890 - piper.organizer - ERROR - []
2025-09-08 06:15:36,293 - 1495890 - piper.organizer - ERROR - []
2025-09-08 06:15:36,294 - 1495890 - piper.organizer - ERROR - []
2025-09-08 06:15:36,294 - 1495890 - piper.organizer - ERROR - []
2025-09-08 06:15:36,295 - 1495890 - piper.organizer - ERROR - []
2025-09-08 06:15:36,295 - 1495890 - piper.organizer - ERROR - []
2025-09-08 06:15:36,295 - 1495890 - piper.organizer - ERROR - []
2025-09-08 06:15:36,296 - 1495890 - piper.organizer - ERROR - []
2025-09-08 06:15:36,296 - 1495890 - piper.organizer - ERROR - []
2025-09-08 06:15:36,296 - 1495890 - piper.organizer - ERROR - []
2025-09-08 06:15:36,296 - 1495890 - piper.organizer - ERROR - []
2025-09-08 06:15:36,297 - 1495890 - piper.organizer - ERROR - []
2025-09-08 06:15:36,297 - 1495890 - piper.organizer - ERROR - []
2025-09-08 06:15:36,298 - 1495890 - piper.organizer - ERROR - []
2025-09-08 06:15:36,298 - 1495890 - piper.organizer - ERROR - []
2025-09-08 06:15:36,299 - 1495890 - piper.organizer - ERROR - []
2025-09-08 06:15:36,299 - 1495890 - piper.organizer - ERROR - []
2025-09-08 06:15:36,299 - 1495890 - piper.organizer - ERROR - []
2025-09-08 06:15:36,301 - 1495890 - piper.organizer - ERROR - []
2025-09-08 06:15:36,301 - 1495890 - piper.organizer - ERROR - []
2025-09-08 06:15:36,301 - 1495890 - piper.organizer - ERROR - []
2025-09-08 06:15:36,302 - 1495890 - piper.organizer - ERROR - []
2025-09-08 06:15:36,302 - 1495890 - piper.organizer - ERROR - []
2025-09-08 06:15:36,302 - 1495890 - piper.organizer - ERROR - []
2025-09-08 06:15:36,303 - 1495890 - piper.organizer - ERROR - []
2025-09-08 06:15:36,303 - 1495890 - piper.organizer - ERROR - []
2025-09-08 06:15:36,303 - 1495890 - piper.organizer - ERROR - []
2025-09-08 06:15:36,304 - 1495890 - piper.organizer - ERROR - []
2025-09-08 06:15:36,304 - 1495890 - piper.organizer - ERROR - []
2025-09-08 06:15:36,305 - 1495890 - piper.organizer - ERROR - []
2025-09-08 06:15:36,305 - 1495890 - piper.organizer - ERROR - []
2025-09-08 06:15:36,305 - 1495890 - piper.organizer - ERROR - []
2025-09-08 06:15:36,306 - 1495890 - piper.organizer - ERROR - []
2025-09-08 06:15:36,306 - 1495890 - piper.organizer - ERROR - []
2025-09-08 06:15:36,306 - 1495890 - piper.organizer - ERROR - []
2025-09-08 06:15:36,306 - 1495890 - piper.organizer - ERROR - []
2025-09-08 06:15:36,307 - 1495890 - piper.organizer - ERROR - []
2025-09-08 06:15:36,308 - 1495890 - piper.organizer - ERROR - []
2025-09-08 06:15:36,308 - 1495890 - piper.organizer - ERROR - []
2025-09-08 06:15:36,308 - 1495890 - piper.organizer - ERROR - []
2025-09-08 06:15:36,308 - 1495890 - piper.organizer - ERROR - []
2025-09-08 06:15:36,309 - 1495890 - piper.organizer - ERROR - []
2025-09-08 06:15:36,309 - 1495890 - piper.organizer - ERROR - []
2025-09-08 06:15:36,309 - 1495890 - piper.organizer - ERROR - []
2025-09-08 06:15:36,309 - 1495890 - piper.organizer - ERROR - []
2025-09-08 06:15:36,310 - 1495890 - piper.organizer - ERROR - []
2025-09-08 06:15:36,310 - 1495890 - piper.organizer - ERROR - []
2025-09-08 06:15:36,310 - 1495890 - piper.organizer - ERROR - []
2025-09-08 06:15:36,310 - 1495890 - piper.organizer - ERROR - []
2025-09-08 06:15:36,311 - 1495890 - piper.organizer - ERROR - []
2025-09-08 06:15:36,312 - 1495890 - piper.organizer - ERROR - []
2025-09-08 06:15:36,313 - 1495890 - piper.organizer - ERROR - []
2025-09-08 06:15:36,313 - 1495890 - piper.organizer - ERROR - []
2025-09-08 06:15:36,313 - 1495890 - piper.organizer - ERROR - []
2025-09-08 06:15:36,314 - 1495890 - piper.organizer - ERROR - []
2025-09-08 06:15:36,314 - 1495890 - piper.organizer - ERROR - []
2025-09-08 06:15:36,315 - 1495890 - piper.organizer - ERROR - []
2025-09-08 06:15:36,316 - 1495890 - piper.organizer - ERROR - []
2025-09-08 06:15:36,316 - 1495890 - piper.organizer - ERROR - []
2025-09-08 06:15:36,316 - 1495530 - piper.organizer - INFO - Monitoring process with target PipelineOrganizer.execute and pid 1495890
2025-09-08 06:15:36,317 - 1495890 - piper.organizer - ERROR - []
2025-09-08 06:15:36,317 - 1495890 - piper.organizer - ERROR - []
2025-09-08 06:15:36,318 - 1495890 - piper.organizer - ERROR - []
2025-09-08 06:15:36,318 - 1495890 - piper.organizer - ERROR - []
2025-09-08 06:15:36,318 - 1495890 - piper.organizer - ERROR - []
2025-09-08 06:15:36,319 - 1495890 - piper.organizer - ERROR - []
2025-09-08 06:15:36,319 - 1495890 - piper.organizer - ERROR - []
2025-09-08 06:15:36,320 - 1495890 - piper.organizer - ERROR - []
2025-09-08 06:15:36,320 - 1495890 - piper.organizer - ERROR - []
2025-09-08 06:15:36,320 - 1495890 - piper.organizer - ERROR - []
2025-09-08 06:15:36,321 - 1495890 - piper.organizer - ERROR - []
2025-09-08 06:15:36,321 - 1495890 - piper.organizer - ERROR - []
2025-09-08 06:15:36,322 - 1495890 - piper.organizer - ERROR - []
2025-09-08 06:15:36,322 - 1495890 - piper.organizer - ERROR - []
2025-09-08 06:15:36,323 - 1495890 - piper.organizer - ERROR - []
2025-09-08 06:15:36,323 - 1495890 - piper.organizer - ERROR - []
2025-09-08 06:15:36,324 - 1495890 - piper.organizer - ERROR - []
2025-09-08 06:15:36,324 - 1495890 - piper.organizer - ERROR - []
2025-09-08 06:15:36,324 - 1495890 - piper.organizer - ERROR - []
2025-09-08 06:15:36,325 - 1495890 - piper.organizer - ERROR - []
2025-09-08 06:15:36,325 - 1495890 - piper.organizer - ERROR - []
2025-09-08 06:15:36,325 - 1495890 - piper.organizer - ERROR - []
2025-09-08 06:15:36,326 - 1495890 - piper.organizer - ERROR - []
2025-09-08 06:15:36,326 - 1495890 - piper.organizer - ERROR - []
2025-09-08 06:15:36,327 - 1495890 - piper.organizer - ERROR - []
2025-09-08 06:15:36,328 - 1495890 - piper.organizer - ERROR - []
2025-09-08 06:15:36,328 - 1495890 - piper.organizer - ERROR - []
2025-09-08 06:15:36,328 - 1495890 - piper.organizer - ERROR - []
2025-09-08 06:15:36,329 - 1495890 - piper.organizer - ERROR - []
2025-09-08 06:15:36,330 - 1495890 - piper.organizer - ERROR - []
2025-09-08 06:15:36,330 - 1495890 - piper.organizer - ERROR - []
2025-09-08 06:15:36,331 - 1495890 - piper.organizer - ERROR - []
2025-09-08 06:15:36,332 - 1495890 - piper.organizer - ERROR - []
2025-09-08 06:15:36,332 - 1495890 - piper.organizer - ERROR - []
2025-09-08 06:15:36,333 - 1495890 - piper.organizer - ERROR - []
2025-09-08 06:15:36,333 - 1495890 - piper.organizer - ERROR - []
2025-09-08 06:15:36,333 - 1495890 - piper.organizer - ERROR - []
2025-09-08 06:15:36,334 - 1495890 - piper.organizer - ERROR - []
2025-09-08 06:15:36,334 - 1495890 - piper.organizer - ERROR - []
2025-09-08 06:15:36,335 - 1495890 - piper.organizer - ERROR - []
2025-09-08 06:15:36,335 - 1495890 - piper.organizer - ERROR - []
2025-09-08 06:15:36,336 - 1495890 - piper.organizer - ERROR - []
2025-09-08 06:15:36,336 - 1495890 - piper.organizer - ERROR - []
2025-09-08 06:15:36,336 - 1495890 - piper.organizer - ERROR - []
2025-09-08 06:15:36,337 - 1495890 - piper.organizer - ERROR - []
2025-09-08 06:15:36,337 - 1495890 - piper.organizer - ERROR - []
2025-09-08 06:15:36,337 - 1495890 - piper.organizer - ERROR - []
2025-09-08 06:15:36,338 - 1495890 - piper.organizer - ERROR - []
2025-09-08 06:15:36,338 - 1495890 - piper.organizer - ERROR - []
2025-09-08 06:15:36,338 - 1495890 - piper.organizer - ERROR - []
2025-09-08 06:15:36,339 - 1495890 - piper.organizer - ERROR - []
2025-09-08 06:15:36,340 - 1495890 - piper.organizer - ERROR - []
2025-09-08 06:15:36,340 - 1495890 - piper.organizer - ERROR - []
2025-09-08 06:15:36,340 - 1495890 - piper.organizer - ERROR - []
2025-09-08 06:15:36,341 - 1495890 - piper.organizer - ERROR - []
2025-09-08 06:15:36,341 - 1495890 - piper.organizer - ERROR - []
2025-09-08 06:15:36,341 - 1495890 - piper.organizer - ERROR - []
2025-09-08 06:15:36,342 - 1495890 - piper.organizer - ERROR - []
2025-09-08 06:15:36,342 - 1495890 - piper.organizer - ERROR - []
2025-09-08 06:15:36,342 - 1495890 - piper.organizer - ERROR - []
2025-09-08 06:15:36,343 - 1495890 - piper.organizer - ERROR - []
2025-09-08 06:15:36,343 - 1495890 - piper.organizer - ERROR - []
2025-09-08 06:15:36,344 - 1495890 - piper.organizer - ERROR - []
2025-09-08 06:15:36,344 - 1495890 - piper.organizer - ERROR - []
2025-09-08 06:15:36,344 - 1495890 - piper.organizer - ERROR - []
2025-09-08 06:15:36,344 - 1495890 - piper.organizer - ERROR - []
2025-09-08 06:15:36,345 - 1495890 - piper.organizer - ERROR - []
2025-09-08 06:15:36,345 - 1495890 - piper.organizer - ERROR - []
2025-09-08 06:15:36,345 - 1495890 - piper.organizer - ERROR - []
2025-09-08 06:15:36,345 - 1495890 - piper.organizer - ERROR - []
2025-09-08 06:15:36,346 - 1495890 - piper.organizer - ERROR - []
2025-09-08 06:15:36,346 - 1495890 - piper.organizer - ERROR - []
2025-09-08 06:15:36,346 - 1495890 - piper.organizer - ERROR - []
2025-09-08 06:15:36,347 - 1495890 - piper.organizer - ERROR - []
2025-09-08 06:15:36,347 - 1495890 - piper.organizer - ERROR - []
2025-09-08 06:15:36,347 - 1495890 - piper.organizer - ERROR - []
2025-09-08 06:15:36,348 - 1495890 - piper.organizer - ERROR - []
2025-09-08 06:15:36,348 - 1495890 - piper.organizer - ERROR - []
2025-09-08 06:15:36,349 - 1495890 - piper.organizer - ERROR - Traversal encounters a non-existing file at /home/user/uber-one/data_piper_core_pipelines/adtech/automation/one_etl/ddl
2025-09-08 06:15:36,349 - 1495890 - piper.organizer - ERROR - Traversal encounters a non-existing file at /home/user/uber-one/data_piper_core_pipelines/adtech/targeting/one_etl/ddl
2025-09-08 06:15:36,350 - 1495890 - piper.organizer - ERROR - []
2025-09-08 06:15:36,350 - 1495890 - piper.organizer - ERROR - []
2025-09-08 06:15:36,351 - 1495890 - piper.organizer - ERROR - []
2025-09-08 06:15:36,351 - 1495890 - piper.organizer - ERROR - []
2025-09-08 06:15:36,351 - 1495890 - piper.organizer - ERROR - []
2025-09-08 06:15:36,352 - 1495890 - piper.organizer - ERROR - []
2025-09-08 06:15:36,352 - 1495890 - piper.organizer - ERROR - []
2025-09-08 06:15:36,352 - 1495890 - piper.organizer - ERROR - Traversal encounters a non-existing file at /home/user/uber-one/data_piper_core_pipelines/adtech/automation/one_etl/jobs
2025-09-08 06:15:36,352 - 1495890 - piper.organizer - ERROR - Traversal encounters a non-existing file at /home/user/uber-one/data_piper_core_pipelines/adtech/targeting/one_etl/jobs
2025-09-08 06:15:36,354 - 1495890 - piper.organizer - ERROR - []
2025-09-08 06:15:36,354 - 1495890 - piper.organizer - ERROR - []
2025-09-08 06:15:36,354 - 1495890 - piper.organizer - ERROR - []
2025-09-08 06:15:36,354 - 1495890 - piper.organizer - ERROR - []
2025-09-08 06:15:36,355 - 1495890 - piper.organizer - ERROR - []
2025-09-08 06:15:36,355 - 1495890 - piper.organizer - ERROR - []
2025-09-08 06:15:36,355 - 1495890 - piper.organizer - ERROR - []
2025-09-08 06:15:36,355 - 1495890 - piper.organizer - ERROR - []
2025-09-08 06:15:36,356 - 1495890 - piper.organizer - ERROR - Traversal encounters a non-existing file at /home/user/uber-one/data_piper_core_pipelines/adtech/automation/one_etl/spark
2025-09-08 06:15:36,356 - 1495890 - piper.organizer - ERROR - []
2025-09-08 06:15:36,356 - 1495890 - piper.organizer - ERROR - []
2025-09-08 06:15:36,357 - 1495890 - piper.organizer - ERROR - []
2025-09-08 06:15:36,357 - 1495890 - piper.organizer - ERROR - []
2025-09-08 06:15:36,357 - 1495890 - piper.organizer - ERROR - []
2025-09-08 06:15:36,357 - 1495890 - piper.organizer - ERROR - []
2025-09-08 06:15:36,358 - 1495890 - piper.organizer - ERROR - Traversal encounters a non-existing file at /home/user/uber-one/data_piper_core_pipelines/adtech/automation/one_etl/sql
2025-09-08 06:15:36,358 - 1495890 - piper.organizer - ERROR - Traversal encounters a non-existing file at /home/user/uber-one/data_piper_core_pipelines/adtech/targeting/one_etl/sql
2025-09-08 06:15:36,359 - 1495890 - piper.organizer - ERROR - []
2025-09-08 06:15:36,359 - 1495890 - piper.organizer - ERROR - []
2025-09-08 06:15:36,359 - 1495890 - piper.organizer - ERROR - []
2025-09-08 06:15:36,360 - 1495890 - piper.organizer - ERROR - []
2025-09-08 06:15:36,360 - 1495890 - piper.organizer - ERROR - []
2025-09-08 06:15:36,360 - 1495890 - piper.organizer - ERROR - []
2025-09-08 06:15:36,360 - 1495890 - piper.organizer - ERROR - []
2025-09-08 06:15:36,360 - 1495890 - piper.organizer - ERROR - []
2025-09-08 06:15:36,360 - 1495890 - piper.organizer - ERROR - []
2025-09-08 06:15:36,361 - 1495890 - piper.organizer - ERROR - []
2025-09-08 06:15:36,361 - 1495890 - piper.organizer - ERROR - []
2025-09-08 06:15:36,361 - 1495890 - piper.organizer - ERROR - []
2025-09-08 06:15:36,362 - 1495890 - piper.organizer - ERROR - []
2025-09-08 06:15:36,363 - 1495890 - piper.organizer - ERROR - []
2025-09-08 06:15:36,363 - 1495890 - piper.organizer - ERROR - []
2025-09-08 06:15:36,364 - 1495890 - piper.organizer - ERROR - []
2025-09-08 06:15:36,364 - 1495890 - piper.organizer - ERROR - []
2025-09-08 06:15:36,364 - 1495890 - piper.organizer - ERROR - []
2025-09-08 06:15:36,365 - 1495890 - piper.organizer - ERROR - []
2025-09-08 06:15:36,365 - 1495890 - piper.organizer - ERROR - []
2025-09-08 06:15:36,365 - 1495890 - piper.organizer - ERROR - []
2025-09-08 06:15:36,365 - 1495890 - piper.organizer - ERROR - []
2025-09-08 06:15:36,367 - 1495890 - piper.organizer - ERROR - []
2025-09-08 06:15:36,368 - 1495890 - piper.organizer - ERROR - []
2025-09-08 06:15:36,368 - 1495890 - piper.organizer - ERROR - []
2025-09-08 06:15:36,368 - 1495890 - piper.organizer - ERROR - []
2025-09-08 06:15:36,368 - 1495890 - piper.organizer - ERROR - []
2025-09-08 06:15:36,369 - 1495890 - piper.organizer - ERROR - []
2025-09-08 06:15:36,369 - 1495890 - piper.organizer - ERROR - []
2025-09-08 06:15:36,370 - 1495890 - piper.organizer - ERROR - []
2025-09-08 06:15:36,370 - 1495890 - piper.organizer - ERROR - []
2025-09-08 06:15:36,370 - 1495890 - piper.organizer - ERROR - []
2025-09-08 06:15:36,371 - 1495890 - piper.organizer - ERROR - []
2025-09-08 06:15:36,371 - 1495890 - piper.organizer - ERROR - []
2025-09-08 06:15:36,372 - 1495890 - piper.organizer - ERROR - []
2025-09-08 06:15:36,372 - 1495890 - piper.organizer - ERROR - []
2025-09-08 06:15:36,372 - 1495890 - piper.organizer - ERROR - []
2025-09-08 06:15:36,373 - 1495890 - piper.organizer - ERROR - []
2025-09-08 06:15:36,373 - 1495890 - piper.organizer - ERROR - []
2025-09-08 06:15:36,373 - 1495890 - piper.organizer - ERROR - []
2025-09-08 06:15:36,374 - 1495890 - piper.organizer - ERROR - []
2025-09-08 06:15:36,374 - 1495890 - piper.organizer - ERROR - []
2025-09-08 06:15:36,374 - 1495890 - piper.organizer - ERROR - []
2025-09-08 06:15:36,375 - 1495890 - piper.organizer - ERROR - []
2025-09-08 06:15:36,375 - 1495890 - piper.organizer - ERROR - []
2025-09-08 06:15:36,375 - 1495890 - piper.organizer - ERROR - []
2025-09-08 06:15:36,375 - 1495890 - piper.organizer - ERROR - []
2025-09-08 06:15:36,376 - 1495890 - piper.organizer - ERROR - []
2025-09-08 06:15:36,376 - 1495890 - piper.organizer - ERROR - []
2025-09-08 06:15:36,376 - 1495890 - piper.organizer - ERROR - []
2025-09-08 06:15:36,376 - 1495890 - piper.organizer - ERROR - []
2025-09-08 06:15:36,376 - 1495890 - piper.organizer - ERROR - []
2025-09-08 06:15:36,376 - 1495890 - piper.organizer - ERROR - []
2025-09-08 06:15:36,377 - 1495890 - piper.organizer - ERROR - []
2025-09-08 06:15:36,377 - 1495890 - piper.organizer - ERROR - []
2025-09-08 06:15:36,377 - 1495890 - piper.organizer - ERROR - []
2025-09-08 06:15:36,377 - 1495890 - piper.organizer - ERROR - []
2025-09-08 06:15:36,377 - 1495890 - piper.organizer - ERROR - []
2025-09-08 06:15:36,378 - 1495890 - piper.organizer - ERROR - []
2025-09-08 06:15:36,379 - 1495890 - piper.organizer - ERROR - []
2025-09-08 06:15:36,379 - 1495890 - piper.organizer - ERROR - []
2025-09-08 06:15:36,379 - 1495890 - piper.organizer - ERROR - []
2025-09-08 06:15:36,379 - 1495890 - piper.organizer - ERROR - []
2025-09-08 06:15:36,380 - 1495890 - piper.organizer - ERROR - []
2025-09-08 06:15:36,380 - 1495890 - piper.organizer - ERROR - []
2025-09-08 06:15:36,381 - 1495890 - piper.organizer - ERROR - []
2025-09-08 06:15:36,381 - 1495890 - piper.organizer - ERROR - []
2025-09-08 06:15:36,381 - 1495890 - piper.organizer - ERROR - []
2025-09-08 06:15:36,381 - 1495890 - piper.organizer - ERROR - []
2025-09-08 06:15:36,384 - 1495890 - piper.organizer - ERROR - []
2025-09-08 06:15:36,384 - 1495890 - piper.organizer - ERROR - []
2025-09-08 06:15:36,384 - 1495890 - piper.organizer - ERROR - []
2025-09-08 06:15:36,385 - 1495890 - piper.organizer - ERROR - []
2025-09-08 06:15:36,385 - 1495890 - piper.organizer - ERROR - []
2025-09-08 06:15:36,385 - 1495890 - piper.organizer - ERROR - []
2025-09-08 06:15:36,385 - 1495890 - piper.organizer - ERROR - []
2025-09-08 06:15:36,386 - 1495890 - piper.organizer - ERROR - []
2025-09-08 06:15:36,386 - 1495890 - piper.organizer - ERROR - []
2025-09-08 06:15:36,387 - 1495890 - piper.organizer - ERROR - []
2025-09-08 06:15:36,387 - 1495890 - piper.organizer - ERROR - []
2025-09-08 06:15:36,388 - 1495890 - piper.organizer - ERROR - []
2025-09-08 06:15:36,388 - 1495890 - piper.organizer - ERROR - []
2025-09-08 06:15:36,389 - 1495890 - piper.organizer - ERROR - []
2025-09-08 06:15:36,389 - 1495890 - piper.organizer - ERROR - []
2025-09-08 06:15:36,389 - 1495890 - piper.organizer - ERROR - []
2025-09-08 06:15:36,390 - 1495890 - piper.organizer - ERROR - []
2025-09-08 06:15:36,390 - 1495890 - piper.organizer - ERROR - []
2025-09-08 06:15:36,390 - 1495890 - piper.organizer - ERROR - []
2025-09-08 06:15:36,390 - 1495890 - piper.organizer - ERROR - []
2025-09-08 06:15:36,391 - 1495890 - piper.organizer - ERROR - []
2025-09-08 06:15:36,391 - 1495890 - piper.organizer - ERROR - []
2025-09-08 06:15:36,391 - 1495890 - piper.organizer - ERROR - []
2025-09-08 06:15:36,392 - 1495890 - piper.organizer - ERROR - []
2025-09-08 06:15:36,392 - 1495890 - piper.organizer - ERROR - []
2025-09-08 06:15:36,393 - 1495890 - piper.organizer - ERROR - []
2025-09-08 06:15:36,393 - 1495890 - piper.organizer - ERROR - []
2025-09-08 06:15:36,394 - 1495890 - piper.organizer - ERROR - []
2025-09-08 06:15:36,395 - 1495890 - piper.organizer - ERROR - []
2025-09-08 06:15:36,395 - 1495890 - piper.organizer - ERROR - []
2025-09-08 06:15:36,395 - 1495890 - piper.organizer - ERROR - []
2025-09-08 06:15:36,396 - 1495890 - piper.organizer - ERROR - []
2025-09-08 06:15:36,396 - 1495890 - piper.organizer - ERROR - []
2025-09-08 06:15:36,396 - 1495890 - piper.organizer - ERROR - []
2025-09-08 06:15:36,397 - 1495890 - piper.organizer - ERROR - []
2025-09-08 06:15:36,398 - 1495890 - piper.organizer - ERROR - []
2025-09-08 06:15:36,398 - 1495890 - piper.organizer - ERROR - []
2025-09-08 06:15:36,399 - 1495890 - piper.organizer - ERROR - []
2025-09-08 06:15:36,399 - 1495890 - piper.organizer - ERROR - []
2025-09-08 06:15:36,399 - 1495890 - piper.organizer - ERROR - []
2025-09-08 06:15:36,399 - 1495890 - piper.organizer - ERROR - []
2025-09-08 06:15:36,401 - 1495890 - piper.organizer - ERROR - []
2025-09-08 06:15:36,401 - 1495890 - piper.organizer - ERROR - []
2025-09-08 06:15:36,401 - 1495890 - piper.organizer - ERROR - []
2025-09-08 06:15:36,402 - 1495890 - piper.organizer - ERROR - []
2025-09-08 06:15:36,402 - 1495890 - piper.organizer - ERROR - []
2025-09-08 06:15:36,403 - 1495890 - piper.organizer - ERROR - []
2025-09-08 06:15:36,403 - 1495890 - piper.organizer - ERROR - []
2025-09-08 06:15:36,404 - 1495890 - piper.organizer - ERROR - []
2025-09-08 06:15:36,404 - 1495890 - piper.organizer - ERROR - []
2025-09-08 06:15:36,404 - 1495890 - piper.organizer - ERROR - []
2025-09-08 06:15:36,405 - 1495890 - piper.organizer - ERROR - []
2025-09-08 06:15:36,405 - 1495890 - piper.organizer - ERROR - []
2025-09-08 06:15:36,405 - 1495890 - piper.organizer - ERROR - []
2025-09-08 06:15:36,405 - 1495890 - piper.organizer - ERROR - []
2025-09-08 06:15:36,405 - 1495890 - piper.organizer - ERROR - []
2025-09-08 06:15:36,406 - 1495890 - piper.organizer - ERROR - []
2025-09-08 06:15:36,406 - 1495890 - piper.organizer - ERROR - []
2025-09-08 06:15:36,407 - 1495890 - piper.organizer - ERROR - []
2025-09-08 06:15:36,407 - 1495890 - piper.organizer - ERROR - []
2025-09-08 06:15:36,407 - 1495890 - piper.organizer - ERROR - []
2025-09-08 06:15:36,407 - 1495890 - piper.organizer - ERROR - []
2025-09-08 06:15:36,408 - 1495890 - piper.organizer - ERROR - []
2025-09-08 06:15:36,409 - 1495890 - piper.organizer - ERROR - []
2025-09-08 06:15:36,409 - 1495890 - piper.organizer - ERROR - []
2025-09-08 06:15:36,410 - 1495890 - piper.organizer - ERROR - []
2025-09-08 06:15:36,411 - 1495890 - piper.organizer - ERROR - []
2025-09-08 06:15:36,411 - 1495890 - piper.organizer - ERROR - []
2025-09-08 06:15:36,412 - 1495890 - piper.organizer - ERROR - []
2025-09-08 06:15:36,412 - 1495890 - piper.organizer - ERROR - []
2025-09-08 06:15:36,413 - 1495890 - piper.organizer - ERROR - []
2025-09-08 06:15:36,413 - 1495890 - piper.organizer - ERROR - []
2025-09-08 06:15:36,414 - 1495890 - piper.organizer - ERROR - []
2025-09-08 06:15:36,414 - 1495890 - piper.organizer - ERROR - []
2025-09-08 06:15:36,415 - 1495890 - piper.organizer - ERROR - []
2025-09-08 06:15:36,415 - 1495890 - piper.organizer - ERROR - []
2025-09-08 06:15:36,415 - 1495890 - piper.organizer - ERROR - []
2025-09-08 06:15:36,415 - 1495890 - piper.organizer - ERROR - []
2025-09-08 06:15:36,416 - 1495890 - piper.organizer - ERROR - []
2025-09-08 06:15:36,416 - 1495890 - piper.organizer - ERROR - []
2025-09-08 06:15:36,417 - 1495890 - piper.organizer - ERROR - []
2025-09-08 06:15:36,417 - 1495890 - piper.organizer - ERROR - []
2025-09-08 06:15:36,417 - 1495890 - piper.organizer - ERROR - []
2025-09-08 06:15:36,418 - 1495890 - piper.organizer - ERROR - []
2025-09-08 06:15:36,418 - 1495890 - piper.organizer - ERROR - []
2025-09-08 06:15:36,419 - 1495890 - piper.organizer - ERROR - []
2025-09-08 06:15:36,419 - 1495890 - piper.organizer - ERROR - []
2025-09-08 06:15:36,420 - 1495890 - piper.organizer - ERROR - []
2025-09-08 06:15:36,420 - 1495890 - piper.organizer - ERROR - []
2025-09-08 06:15:36,420 - 1495890 - piper.organizer - ERROR - []
2025-09-08 06:15:36,420 - 1495890 - piper.organizer - ERROR - []
2025-09-08 06:15:36,421 - 1495890 - piper.organizer - ERROR - []
2025-09-08 06:15:36,421 - 1495890 - piper.organizer - ERROR - []
2025-09-08 06:15:36,421 - 1495890 - piper.organizer - ERROR - []
2025-09-08 06:15:36,421 - 1495890 - piper.organizer - ERROR - []
2025-09-08 06:15:36,422 - 1495890 - piper.organizer - ERROR - []
2025-09-08 06:15:36,422 - 1495890 - piper.organizer - ERROR - []
2025-09-08 06:15:36,426 - 1495890 - piper.organizer - ERROR - []
2025-09-08 06:15:36,426 - 1495890 - piper.organizer - ERROR - []
2025-09-08 06:15:36,427 - 1495890 - piper.organizer - ERROR - []
2025-09-08 06:15:36,427 - 1495890 - piper.organizer - ERROR - []
2025-09-08 06:15:36,428 - 1495890 - piper.organizer - ERROR - []
2025-09-08 06:15:36,428 - 1495890 - piper.organizer - ERROR - []
2025-09-08 06:15:36,428 - 1495890 - piper.organizer - ERROR - []
2025-09-08 06:15:36,428 - 1495890 - piper.organizer - ERROR - []
2025-09-08 06:15:36,429 - 1495890 - piper.organizer - ERROR - []
2025-09-08 06:15:36,429 - 1495890 - piper.organizer - ERROR - []
2025-09-08 06:15:36,429 - 1495890 - piper.organizer - ERROR - []
2025-09-08 06:15:36,430 - 1495890 - piper.organizer - ERROR - []
2025-09-08 06:15:36,430 - 1495890 - piper.organizer - ERROR - []
2025-09-08 06:15:36,431 - 1495890 - piper.organizer - ERROR - []
2025-09-08 06:15:36,431 - 1495890 - piper.organizer - ERROR - []
2025-09-08 06:15:36,431 - 1495890 - piper.organizer - ERROR - []
2025-09-08 06:15:36,432 - 1495890 - piper.organizer - ERROR - []
2025-09-08 06:15:36,432 - 1495890 - piper.organizer - ERROR - []
2025-09-08 06:15:36,433 - 1495890 - piper.organizer - ERROR - []
2025-09-08 06:15:36,433 - 1495890 - piper.organizer - ERROR - []
2025-09-08 06:15:36,434 - 1495890 - piper.organizer - ERROR - []
2025-09-08 06:15:36,434 - 1495890 - piper.organizer - ERROR - []
2025-09-08 06:15:36,435 - 1495890 - piper.organizer - ERROR - []
2025-09-08 06:15:36,435 - 1495890 - piper.organizer - ERROR - []
2025-09-08 06:15:36,435 - 1495890 - piper.organizer - ERROR - []
2025-09-08 06:15:36,435 - 1495890 - piper.organizer - ERROR - []
2025-09-08 06:15:36,436 - 1495890 - piper.organizer - ERROR - []
2025-09-08 06:15:36,436 - 1495890 - piper.organizer - ERROR - []
2025-09-08 06:15:36,437 - 1495890 - piper.organizer - ERROR - []
2025-09-08 06:15:36,437 - 1495890 - piper.organizer - ERROR - []
2025-09-08 06:15:36,437 - 1495890 - piper.organizer - ERROR - []
2025-09-08 06:15:36,438 - 1495890 - piper.organizer - ERROR - []
2025-09-08 06:15:36,438 - 1495890 - piper.organizer - ERROR - []
2025-09-08 06:15:36,438 - 1495890 - piper.organizer - ERROR - []
2025-09-08 06:15:36,439 - 1495890 - piper.organizer - ERROR - []
2025-09-08 06:15:36,439 - 1495890 - piper.organizer - ERROR - []
2025-09-08 06:15:36,439 - 1495890 - piper.organizer - ERROR - []
2025-09-08 06:15:36,439 - 1495890 - piper.organizer - ERROR - []
2025-09-08 06:15:36,440 - 1495890 - piper.organizer - ERROR - []
2025-09-08 06:15:36,440 - 1495890 - piper.organizer - ERROR - []
2025-09-08 06:15:36,441 - 1495890 - piper.organizer - ERROR - []
2025-09-08 06:15:36,442 - 1495890 - piper.organizer - ERROR - []
2025-09-08 06:15:36,442 - 1495890 - piper.organizer - ERROR - []
2025-09-08 06:15:36,442 - 1495890 - piper.organizer - ERROR - []
2025-09-08 06:15:36,442 - 1495890 - piper.organizer - ERROR - []
2025-09-08 06:15:36,443 - 1495890 - piper.organizer - ERROR - []
2025-09-08 06:15:36,443 - 1495890 - piper.organizer - ERROR - []
2025-09-08 06:15:36,444 - 1495890 - piper.organizer - ERROR - []
2025-09-08 06:15:36,444 - 1495890 - piper.organizer - ERROR - []
2025-09-08 06:15:36,444 - 1495890 - piper.organizer - ERROR - []
2025-09-08 06:15:36,445 - 1495890 - piper.organizer - ERROR - []
2025-09-08 06:15:36,445 - 1495890 - piper.organizer - ERROR - []
2025-09-08 06:15:36,446 - 1495890 - piper.organizer - ERROR - []
2025-09-08 06:15:36,446 - 1495890 - piper.organizer - ERROR - []
2025-09-08 06:15:36,447 - 1495890 - piper.organizer - ERROR - []
2025-09-08 06:15:36,447 - 1495890 - piper.organizer - ERROR - []
2025-09-08 06:15:36,448 - 1495890 - piper.organizer - ERROR - []
2025-09-08 06:15:36,448 - 1495890 - piper.organizer - ERROR - []
2025-09-08 06:15:36,448 - 1495890 - piper.organizer - ERROR - []
2025-09-08 06:15:36,448 - 1495890 - piper.organizer - ERROR - []
2025-09-08 06:15:36,448 - 1495890 - piper.organizer - ERROR - []
2025-09-08 06:15:36,448 - 1495890 - piper.organizer - ERROR - []
2025-09-08 06:15:36,448 - 1495890 - piper.organizer - ERROR - []
2025-09-08 06:15:36,449 - 1495890 - piper.organizer - ERROR - []
2025-09-08 06:15:36,450 - 1495890 - piper.organizer - ERROR - []
2025-09-08 06:15:36,450 - 1495890 - piper.organizer - ERROR - []
2025-09-08 06:15:36,450 - 1495890 - piper.organizer - ERROR - []
2025-09-08 06:15:36,451 - 1495890 - piper.organizer - ERROR - []
2025-09-08 06:15:36,451 - 1495890 - piper.organizer - ERROR - []
2025-09-08 06:15:36,451 - 1495890 - piper.organizer - ERROR - []
2025-09-08 06:15:36,451 - 1495890 - piper.organizer - ERROR - []
2025-09-08 06:15:36,452 - 1495890 - piper.organizer - ERROR - []
2025-09-08 06:15:36,452 - 1495890 - piper.organizer - ERROR - []
2025-09-08 06:15:36,452 - 1495890 - piper.organizer - ERROR - []
2025-09-08 06:15:36,452 - 1495890 - piper.organizer - ERROR - []
2025-09-08 06:15:36,453 - 1495890 - piper.organizer - ERROR - []
2025-09-08 06:15:36,454 - 1495890 - piper.organizer - ERROR - []
2025-09-08 06:15:36,454 - 1495890 - piper.organizer - ERROR - []
2025-09-08 06:15:36,454 - 1495890 - piper.organizer - ERROR - []
2025-09-08 06:15:36,455 - 1495890 - piper.organizer - ERROR - []
2025-09-08 06:15:36,455 - 1495890 - piper.organizer - ERROR - []
2025-09-08 06:15:36,455 - 1495890 - piper.organizer - ERROR - []
2025-09-08 06:15:36,456 - 1495890 - piper.organizer - ERROR - []
2025-09-08 06:15:36,457 - 1495890 - piper.organizer - ERROR - []
2025-09-08 06:15:36,457 - 1495890 - piper.organizer - ERROR - []
2025-09-08 06:15:36,457 - 1495890 - piper.organizer - ERROR - []
2025-09-08 06:15:36,457 - 1495890 - piper.organizer - ERROR - []
2025-09-08 06:15:36,457 - 1495890 - piper.organizer - ERROR - []
2025-09-08 06:15:36,457 - 1495890 - piper.organizer - ERROR - []
2025-09-08 06:15:36,458 - 1495890 - piper.organizer - ERROR - []
2025-09-08 06:15:36,458 - 1495890 - piper.organizer - ERROR - []
2025-09-08 06:15:36,459 - 1495890 - piper.organizer - ERROR - []
2025-09-08 06:15:36,460 - 1495890 - piper.organizer - ERROR - []
2025-09-08 06:15:36,460 - 1495890 - piper.organizer - ERROR - []
2025-09-08 06:15:36,460 - 1495890 - piper.organizer - ERROR - []
2025-09-08 06:15:36,461 - 1495890 - piper.organizer - ERROR - []
2025-09-08 06:15:36,461 - 1495890 - piper.organizer - ERROR - []
2025-09-08 06:15:36,462 - 1495890 - piper.organizer - ERROR - []
2025-09-08 06:15:36,462 - 1495890 - piper.organizer - ERROR - []
2025-09-08 06:15:36,462 - 1495890 - piper.organizer - ERROR - []
2025-09-08 06:15:36,463 - 1495890 - piper.organizer - ERROR - []
2025-09-08 06:15:36,463 - 1495890 - piper.organizer - ERROR - []
2025-09-08 06:15:36,463 - 1495890 - piper.organizer - ERROR - []
2025-09-08 06:15:36,463 - 1495890 - piper.organizer - ERROR - []
2025-09-08 06:15:36,463 - 1495890 - piper.organizer - ERROR - []
2025-09-08 06:15:36,464 - 1495890 - piper.organizer - ERROR - []
2025-09-08 06:15:36,464 - 1495890 - piper.organizer - ERROR - []
2025-09-08 06:15:36,464 - 1495890 - piper.organizer - ERROR - []
2025-09-08 06:15:36,465 - 1495890 - piper.organizer - ERROR - []
2025-09-08 06:15:36,465 - 1495890 - piper.organizer - ERROR - []
2025-09-08 06:15:36,466 - 1495890 - piper.organizer - ERROR - []
2025-09-08 06:15:36,466 - 1495890 - piper.organizer - ERROR - []
2025-09-08 06:15:36,466 - 1495890 - piper.organizer - ERROR - []
2025-09-08 06:15:36,467 - 1495890 - piper.organizer - ERROR - []
2025-09-08 06:15:36,467 - 1495890 - piper.organizer - ERROR - []
2025-09-08 06:15:36,468 - 1495890 - piper.organizer - ERROR - []
2025-09-08 06:15:36,468 - 1495890 - piper.organizer - ERROR - []
2025-09-08 06:15:36,468 - 1495890 - piper.organizer - ERROR - []
2025-09-08 06:15:36,468 - 1495890 - piper.organizer - ERROR - []
2025-09-08 06:15:36,469 - 1495890 - piper.organizer - ERROR - []
2025-09-08 06:15:36,469 - 1495890 - piper.organizer - ERROR - []
2025-09-08 06:15:36,470 - 1495890 - piper.organizer - ERROR - []
2025-09-08 06:15:36,470 - 1495890 - piper.organizer - ERROR - []
2025-09-08 06:15:36,470 - 1495890 - piper.organizer - ERROR - []
2025-09-08 06:15:36,471 - 1495890 - piper.organizer - ERROR - []
2025-09-08 06:15:36,471 - 1495890 - piper.organizer - ERROR - []
2025-09-08 06:15:36,471 - 1495890 - piper.organizer - ERROR - []
2025-09-08 06:15:36,471 - 1495890 - piper.organizer - ERROR - []
2025-09-08 06:15:36,471 - 1495890 - piper.organizer - ERROR - []
2025-09-08 06:15:36,475 - 1495890 - piper.organizer - ERROR - []
2025-09-08 06:15:36,475 - 1495890 - piper.organizer - ERROR - []
2025-09-08 06:15:36,476 - 1495890 - piper.organizer - ERROR - []
2025-09-08 06:15:36,476 - 1495890 - piper.organizer - ERROR - []
2025-09-08 06:15:36,477 - 1495890 - piper.organizer - ERROR - []
2025-09-08 06:15:36,477 - 1495890 - piper.organizer - ERROR - []
2025-09-08 06:15:36,477 - 1495890 - piper.organizer - ERROR - []
2025-09-08 06:15:36,478 - 1495890 - piper.organizer - ERROR - []
2025-09-08 06:15:36,478 - 1495890 - piper.organizer - ERROR - []
2025-09-08 06:15:36,478 - 1495890 - piper.organizer - ERROR - []
2025-09-08 06:15:36,479 - 1495890 - piper.organizer - ERROR - []
2025-09-08 06:15:36,479 - 1495890 - piper.organizer - ERROR - []
2025-09-08 06:15:36,480 - 1495890 - piper.organizer - ERROR - []
2025-09-08 06:15:36,480 - 1495890 - piper.organizer - ERROR - []
2025-09-08 06:15:36,481 - 1495890 - piper.organizer - ERROR - []
2025-09-08 06:15:36,481 - 1495890 - piper.organizer - ERROR - []
2025-09-08 06:15:36,481 - 1495890 - piper.organizer - ERROR - []
2025-09-08 06:15:36,482 - 1495890 - piper.organizer - ERROR - []
2025-09-08 06:15:36,482 - 1495890 - piper.organizer - ERROR - []
2025-09-08 06:15:36,482 - 1495890 - piper.organizer - ERROR - []
2025-09-08 06:15:36,483 - 1495890 - piper.organizer - ERROR - []
2025-09-08 06:15:36,483 - 1495890 - piper.organizer - ERROR - []
2025-09-08 06:15:36,484 - 1495890 - piper.organizer - ERROR - []
2025-09-08 06:15:36,484 - 1495890 - piper.organizer - ERROR - []
2025-09-08 06:15:36,485 - 1495890 - piper.organizer - ERROR - []
2025-09-08 06:15:36,485 - 1495890 - piper.organizer - ERROR - []
2025-09-08 06:15:36,485 - 1495890 - piper.organizer - ERROR - []
2025-09-08 06:15:36,485 - 1495890 - piper.organizer - ERROR - []
2025-09-08 06:15:36,486 - 1495890 - piper.organizer - ERROR - []
2025-09-08 06:15:36,487 - 1495890 - piper.organizer - ERROR - []
2025-09-08 06:15:36,487 - 1495890 - piper.organizer - ERROR - []
2025-09-08 06:15:36,488 - 1495890 - piper.organizer - ERROR - []
2025-09-08 06:15:36,488 - 1495890 - piper.organizer - ERROR - []
2025-09-08 06:15:36,488 - 1495890 - piper.organizer - ERROR - []
2025-09-08 06:15:36,489 - 1495890 - piper.organizer - ERROR - []
2025-09-08 06:15:36,489 - 1495890 - piper.organizer - ERROR - []
2025-09-08 06:15:36,489 - 1495890 - piper.organizer - ERROR - []
2025-09-08 06:15:36,489 - 1495890 - piper.organizer - ERROR - []
2025-09-08 06:15:36,489 - 1495890 - piper.organizer - ERROR - []
2025-09-08 06:15:36,489 - 1495890 - piper.organizer - ERROR - []
2025-09-08 06:15:36,494 - 1495890 - piper.organizer - ERROR - []
2025-09-08 06:15:36,494 - 1495890 - piper.organizer - ERROR - []
2025-09-08 06:15:36,495 - 1495890 - piper.organizer - ERROR - []
2025-09-08 06:15:36,495 - 1495890 - piper.organizer - ERROR - []
2025-09-08 06:15:36,496 - 1495890 - piper.organizer - ERROR - []
2025-09-08 06:15:36,496 - 1495890 - piper.organizer - ERROR - []
2025-09-08 06:15:36,496 - 1495890 - piper.organizer - ERROR - []
2025-09-08 06:15:36,497 - 1495890 - piper.organizer - ERROR - []
2025-09-08 06:15:36,497 - 1495890 - piper.organizer - ERROR - []
2025-09-08 06:15:36,498 - 1495890 - piper.organizer - ERROR - []
2025-09-08 06:15:36,498 - 1495890 - piper.organizer - ERROR - []
2025-09-08 06:15:36,498 - 1495890 - piper.organizer - ERROR - []
2025-09-08 06:15:36,499 - 1495890 - piper.organizer - ERROR - []
2025-09-08 06:15:36,499 - 1495890 - piper.organizer - ERROR - []
2025-09-08 06:15:36,499 - 1495890 - piper.organizer - ERROR - []
2025-09-08 06:15:36,499 - 1495890 - piper.organizer - ERROR - []
2025-09-08 06:15:36,500 - 1495890 - piper.organizer - ERROR - []
2025-09-08 06:15:36,500 - 1495890 - piper.organizer - ERROR - []
2025-09-08 06:15:36,501 - 1495890 - piper.organizer - ERROR - []
2025-09-08 06:15:36,501 - 1495890 - piper.organizer - ERROR - []
2025-09-08 06:15:36,501 - 1495890 - piper.organizer - ERROR - []
2025-09-08 06:15:36,501 - 1495890 - piper.organizer - ERROR - []
2025-09-08 06:15:36,502 - 1495890 - piper.organizer - ERROR - []
2025-09-08 06:15:36,502 - 1495890 - piper.organizer - ERROR - []
2025-09-08 06:15:36,502 - 1495890 - piper.organizer - ERROR - []
2025-09-08 06:15:36,503 - 1495890 - piper.organizer - ERROR - []
2025-09-08 06:15:36,504 - 1495890 - piper.organizer - ERROR - []
2025-09-08 06:15:36,504 - 1495890 - piper.organizer - ERROR - []
2025-09-08 06:15:36,505 - 1495890 - piper.organizer - ERROR - []
2025-09-08 06:15:36,505 - 1495890 - piper.organizer - ERROR - []
2025-09-08 06:15:36,505 - 1495890 - piper.organizer - ERROR - []
2025-09-08 06:15:36,505 - 1495890 - piper.organizer - ERROR - []
2025-09-08 06:15:36,505 - 1495890 - piper.organizer - ERROR - []
2025-09-08 06:15:36,506 - 1495890 - piper.organizer - ERROR - []
2025-09-08 06:15:36,507 - 1495890 - piper.organizer - ERROR - []
2025-09-08 06:15:36,507 - 1495890 - piper.organizer - ERROR - []
2025-09-08 06:15:36,507 - 1495890 - piper.organizer - ERROR - []
2025-09-08 06:15:36,507 - 1495890 - piper.organizer - ERROR - []
2025-09-08 06:15:36,508 - 1495890 - piper.organizer - ERROR - []
2025-09-08 06:15:36,508 - 1495890 - piper.organizer - ERROR - []
2025-09-08 06:15:36,509 - 1495890 - piper.organizer - ERROR - []
2025-09-08 06:15:36,509 - 1495890 - piper.organizer - ERROR - []
2025-09-08 06:15:36,509 - 1495890 - piper.organizer - ERROR - []
2025-09-08 06:15:36,510 - 1495890 - piper.organizer - ERROR - []
2025-09-08 06:15:36,510 - 1495890 - piper.organizer - ERROR - []
2025-09-08 06:15:36,510 - 1495890 - piper.organizer - ERROR - []
2025-09-08 06:15:36,511 - 1495890 - piper.organizer - ERROR - []
2025-09-08 06:15:36,511 - 1495890 - piper.organizer - ERROR - []
2025-09-08 06:15:36,511 - 1495890 - piper.organizer - ERROR - []
2025-09-08 06:15:36,511 - 1495890 - piper.organizer - ERROR - []
2025-09-08 06:15:36,511 - 1495890 - piper.organizer - ERROR - []
2025-09-08 06:15:36,512 - 1495890 - piper.organizer - ERROR - []
2025-09-08 06:15:36,512 - 1495890 - piper.organizer - ERROR - []
2025-09-08 06:15:36,512 - 1495890 - piper.organizer - ERROR - []
2025-09-08 06:15:36,512 - 1495890 - piper.organizer - ERROR - []
2025-09-08 06:15:36,513 - 1495890 - piper.organizer - ERROR - []
2025-09-08 06:15:36,513 - 1495890 - piper.organizer - ERROR - []
2025-09-08 06:15:36,513 - 1495890 - piper.organizer - ERROR - []
2025-09-08 06:15:36,514 - 1495890 - piper.organizer - ERROR - []
2025-09-08 06:15:36,514 - 1495890 - piper.organizer - ERROR - []
2025-09-08 06:15:36,515 - 1495890 - piper.organizer - ERROR - []
2025-09-08 06:15:36,515 - 1495890 - piper.organizer - ERROR - []
2025-09-08 06:15:36,515 - 1495890 - piper.organizer - ERROR - []
2025-09-08 06:15:36,515 - 1495890 - piper.organizer - ERROR - []
2025-09-08 06:15:36,516 - 1495890 - piper.organizer - ERROR - []
2025-09-08 06:15:36,516 - 1495890 - piper.organizer - ERROR - []
2025-09-08 06:15:36,516 - 1495890 - piper.organizer - ERROR - []
2025-09-08 06:15:36,516 - 1495890 - piper.organizer - ERROR - []
2025-09-08 06:15:36,517 - 1495890 - piper.organizer - ERROR - []
2025-09-08 06:15:36,517 - 1495890 - piper.organizer - ERROR - []
2025-09-08 06:15:36,517 - 1495890 - piper.organizer - ERROR - []
2025-09-08 06:15:36,518 - 1495890 - piper.organizer - ERROR - []
2025-09-08 06:15:36,518 - 1495890 - piper.organizer - ERROR - []
2025-09-08 06:15:36,518 - 1495890 - piper.organizer - ERROR - []
2025-09-08 06:15:36,530 - 1495890 - piper.organizer - ERROR - []
2025-09-08 06:15:36,533 - 1495890 - piper.organizer - ERROR - []
2025-09-08 06:15:36,535 - 1495890 - piper.organizer - ERROR - []
2025-09-08 06:15:36,537 - 1495890 - piper.organizer - ERROR - []
2025-09-08 06:15:36,537 - 1495890 - piper.organizer - ERROR - []
2025-09-08 06:15:36,537 - 1495890 - piper.organizer - ERROR - []
2025-09-08 06:15:36,543 - 1495890 - piper.organizer - ERROR - []
2025-09-08 06:15:36,544 - 1495890 - piper.organizer - ERROR - []
2025-09-08 06:15:36,544 - 1495890 - piper.organizer - ERROR - []
2025-09-08 06:15:36,544 - 1495890 - piper.organizer - ERROR - []
2025-09-08 06:15:36,544 - 1495890 - piper.organizer - ERROR - []
2025-09-08 06:15:36,544 - 1495890 - piper.organizer - ERROR - []
2025-09-08 06:15:36,545 - 1495890 - piper.organizer - ERROR - []
2025-09-08 06:15:36,545 - 1495890 - piper.organizer - ERROR - []
2025-09-08 06:15:36,545 - 1495890 - piper.organizer - ERROR - []
2025-09-08 06:15:36,545 - 1495890 - piper.organizer - ERROR - []
2025-09-08 06:15:36,546 - 1495890 - piper.organizer - ERROR - []
2025-09-08 06:15:36,547 - 1495890 - piper.organizer - ERROR - []
2025-09-08 06:15:36,547 - 1495890 - piper.organizer - ERROR - []
2025-09-08 06:15:36,547 - 1495890 - piper.organizer - ERROR - []
2025-09-08 06:15:36,547 - 1495890 - piper.organizer - ERROR - []
2025-09-08 06:15:36,548 - 1495890 - piper.organizer - ERROR - []
2025-09-08 06:15:36,548 - 1495890 - piper.organizer - ERROR - []
2025-09-08 06:15:36,549 - 1495890 - piper.organizer - ERROR - []
2025-09-08 06:15:36,549 - 1495890 - piper.organizer - ERROR - []
2025-09-08 06:15:36,549 - 1495890 - piper.organizer - ERROR - []
2025-09-08 06:15:36,550 - 1495890 - piper.organizer - ERROR - []
2025-09-08 06:15:36,550 - 1495890 - piper.organizer - ERROR - []
2025-09-08 06:15:36,550 - 1495890 - piper.organizer - ERROR - []
2025-09-08 06:15:36,550 - 1495890 - piper.organizer - ERROR - []
2025-09-08 06:15:36,551 - 1495890 - piper.organizer - ERROR - []
2025-09-08 06:15:36,551 - 1495890 - piper.organizer - ERROR - []
2025-09-08 06:15:36,564 - 1495890 - piper.organizer - ERROR - []
2025-09-08 06:15:36,566 - 1495890 - piper.organizer - ERROR - []
2025-09-08 06:15:36,566 - 1495890 - piper.organizer - ERROR - []
2025-09-08 06:15:36,566 - 1495890 - piper.organizer - ERROR - []
2025-09-08 06:15:36,566 - 1495890 - piper.organizer - ERROR - []
2025-09-08 06:15:36,566 - 1495890 - piper.organizer - ERROR - []
2025-09-08 06:15:36,567 - 1495890 - piper.organizer - ERROR - []
2025-09-08 06:15:36,568 - 1495890 - piper.organizer - ERROR - []
2025-09-08 06:15:36,568 - 1495890 - piper.organizer - ERROR - []
2025-09-08 06:15:36,569 - 1495890 - piper.organizer - ERROR - []
2025-09-08 06:15:36,569 - 1495890 - piper.organizer - ERROR - []
2025-09-08 06:15:36,569 - 1495890 - piper.organizer - ERROR - []
2025-09-08 06:15:36,569 - 1495890 - piper.organizer - ERROR - []
2025-09-08 06:15:36,570 - 1495890 - piper.organizer - ERROR - []
2025-09-08 06:15:36,570 - 1495890 - piper.organizer - ERROR - []
2025-09-08 06:15:36,570 - 1495890 - piper.organizer - ERROR - []
2025-09-08 06:15:36,570 - 1495890 - piper.organizer - ERROR - []
2025-09-08 06:15:36,577 - 1495890 - piper.organizer - ERROR - []
2025-09-08 06:15:36,577 - 1495890 - piper.organizer - ERROR - []
2025-09-08 06:15:36,577 - 1495890 - piper.organizer - ERROR - []
2025-09-08 06:15:36,577 - 1495890 - piper.organizer - ERROR - []
2025-09-08 06:15:36,577 - 1495890 - piper.organizer - ERROR - []
2025-09-08 06:15:36,580 - 1495890 - piper.organizer - ERROR - []
2025-09-08 06:15:36,580 - 1495890 - piper.organizer - ERROR - []
2025-09-08 06:15:36,580 - 1495890 - piper.organizer - ERROR - []
2025-09-08 06:15:36,580 - 1495890 - piper.organizer - ERROR - []
2025-09-08 06:15:36,581 - 1495890 - piper.organizer - ERROR - []
2025-09-08 06:15:36,581 - 1495890 - piper.organizer - ERROR - []
2025-09-08 06:15:36,581 - 1495890 - piper.organizer - ERROR - []
2025-09-08 06:15:36,583 - 1495890 - piper.organizer - ERROR - []
2025-09-08 06:15:36,583 - 1495890 - piper.organizer - ERROR - []
2025-09-08 06:15:36,586 - 1495890 - piper.organizer - ERROR - []
2025-09-08 06:15:36,586 - 1495890 - piper.organizer - ERROR - []
2025-09-08 06:15:36,587 - 1495890 - piper.organizer - ERROR - []
2025-09-08 06:15:36,587 - 1495890 - piper.organizer - ERROR - []
2025-09-08 06:15:36,587 - 1495890 - piper.organizer - ERROR - []
2025-09-08 06:15:36,588 - 1495890 - piper.organizer - ERROR - []
2025-09-08 06:15:36,588 - 1495890 - piper.organizer - ERROR - []
2025-09-08 06:15:36,588 - 1495890 - piper.organizer - ERROR - []
2025-09-08 06:15:36,589 - 1495890 - piper.organizer - ERROR - []
2025-09-08 06:15:36,589 - 1495890 - piper.organizer - ERROR - []
2025-09-08 06:15:36,589 - 1495890 - piper.organizer - ERROR - []
2025-09-08 06:15:36,589 - 1495890 - piper.organizer - ERROR - []
2025-09-08 06:15:36,590 - 1495890 - piper.organizer - ERROR - []
2025-09-08 06:15:36,590 - 1495890 - piper.organizer - ERROR - []
2025-09-08 06:15:36,590 - 1495890 - piper.organizer - ERROR - []
2025-09-08 06:15:36,590 - 1495890 - piper.organizer - ERROR - []
2025-09-08 06:15:36,590 - 1495890 - piper.organizer - ERROR - []
2025-09-08 06:15:36,590 - 1495890 - piper.organizer - ERROR - []
2025-09-08 06:15:36,591 - 1495890 - piper.organizer - ERROR - []
2025-09-08 06:15:36,591 - 1495890 - piper.organizer - ERROR - []
2025-09-08 06:15:36,591 - 1495890 - piper.organizer - ERROR - []
2025-09-08 06:15:36,594 - 1495890 - piper.organizer - ERROR - []
2025-09-08 06:15:36,595 - 1495890 - piper.organizer - ERROR - []
2025-09-08 06:15:36,595 - 1495890 - piper.organizer - ERROR - []
2025-09-08 06:15:36,596 - 1495890 - piper.organizer - ERROR - []
2025-09-08 06:15:36,596 - 1495890 - piper.organizer - ERROR - []
2025-09-08 06:15:36,596 - 1495890 - piper.organizer - ERROR - []
2025-09-08 06:15:36,596 - 1495890 - piper.organizer - ERROR - []
2025-09-08 06:15:36,596 - 1495890 - piper.organizer - ERROR - []
2025-09-08 06:15:36,598 - 1495890 - piper.organizer - ERROR - []
2025-09-08 06:15:36,599 - 1495890 - piper.organizer - ERROR - []
2025-09-08 06:15:36,599 - 1495890 - piper.organizer - ERROR - []
2025-09-08 06:15:36,599 - 1495890 - piper.organizer - ERROR - []
2025-09-08 06:15:36,599 - 1495890 - piper.organizer - ERROR - []
2025-09-08 06:15:36,600 - 1495890 - piper.organizer - ERROR - []
2025-09-08 06:15:36,601 - 1495890 - piper.organizer - ERROR - []
2025-09-08 06:15:36,601 - 1495890 - piper.organizer - ERROR - []
2025-09-08 06:15:36,601 - 1495890 - piper.organizer - ERROR - []
2025-09-08 06:15:36,601 - 1495890 - piper.organizer - ERROR - []
2025-09-08 06:15:36,602 - 1495890 - piper.organizer - ERROR - []
2025-09-08 06:15:36,602 - 1495890 - piper.organizer - ERROR - []
2025-09-08 06:15:36,603 - 1495890 - piper.organizer - ERROR - []
2025-09-08 06:15:36,603 - 1495890 - piper.organizer - ERROR - []
2025-09-08 06:15:36,603 - 1495890 - piper.organizer - ERROR - []
2025-09-08 06:15:36,604 - 1495890 - piper.organizer - ERROR - []
2025-09-08 06:15:36,604 - 1495890 - piper.organizer - ERROR - []
2025-09-08 06:15:36,604 - 1495890 - piper.organizer - ERROR - []
2025-09-08 06:15:36,605 - 1495890 - piper.organizer - ERROR - []
2025-09-08 06:15:36,606 - 1495890 - piper.organizer - ERROR - []
2025-09-08 06:15:36,606 - 1495890 - piper.organizer - ERROR - []
2025-09-08 06:15:36,606 - 1495890 - piper.organizer - ERROR - []
2025-09-08 06:15:36,606 - 1495890 - piper.organizer - ERROR - []
2025-09-08 06:15:36,606 - 1495890 - piper.organizer - ERROR - []
2025-09-08 06:15:36,607 - 1495890 - piper.organizer - ERROR - []
2025-09-08 06:15:36,607 - 1495890 - piper.organizer - ERROR - []
2025-09-08 06:15:36,608 - 1495890 - piper.organizer - ERROR - []
2025-09-08 06:15:36,608 - 1495890 - piper.organizer - ERROR - []
2025-09-08 06:15:36,608 - 1495890 - piper.organizer - ERROR - []
2025-09-08 06:15:36,617 - 1495890 - piper.organizer - ERROR - []
2025-09-08 06:15:36,619 - 1495890 - piper.organizer - ERROR - []
2025-09-08 06:15:36,623 - 1495890 - piper.organizer - ERROR - []
2025-09-08 06:15:36,624 - 1495890 - piper.organizer - ERROR - []
2025-09-08 06:15:36,624 - 1495890 - piper.organizer - ERROR - []
2025-09-08 06:15:36,625 - 1495890 - piper.organizer - ERROR - []
2025-09-08 06:15:36,625 - 1495890 - piper.organizer - ERROR - []
2025-09-08 06:15:36,625 - 1495890 - piper.organizer - ERROR - []
2025-09-08 06:15:36,625 - 1495890 - piper.organizer - ERROR - []
2025-09-08 06:15:36,626 - 1495890 - piper.organizer - ERROR - []
2025-09-08 06:15:36,626 - 1495890 - piper.organizer - ERROR - []
2025-09-08 06:15:36,626 - 1495890 - piper.organizer - ERROR - []
2025-09-08 06:15:36,627 - 1495890 - piper.organizer - ERROR - []
2025-09-08 06:15:36,627 - 1495890 - piper.organizer - ERROR - []
2025-09-08 06:15:36,627 - 1495890 - piper.organizer - ERROR - []
2025-09-08 06:15:36,629 - 1495890 - piper.organizer - ERROR - []
2025-09-08 06:15:36,629 - 1495890 - piper.organizer - ERROR - []
2025-09-08 06:15:36,629 - 1495890 - piper.organizer - ERROR - []
2025-09-08 06:15:36,630 - 1495890 - piper.organizer - ERROR - []
2025-09-08 06:15:36,630 - 1495890 - piper.organizer - ERROR - []
2025-09-08 06:15:36,630 - 1495890 - piper.organizer - ERROR - []
2025-09-08 06:15:36,631 - 1495890 - piper.organizer - ERROR - []
2025-09-08 06:15:36,631 - 1495890 - piper.organizer - ERROR - []
2025-09-08 06:15:36,631 - 1495890 - piper.organizer - ERROR - []
2025-09-08 06:15:36,632 - 1495890 - piper.organizer - ERROR - []
2025-09-08 06:15:36,632 - 1495890 - piper.organizer - ERROR - []
2025-09-08 06:15:36,632 - 1495890 - piper.organizer - ERROR - []
2025-09-08 06:15:36,632 - 1495890 - piper.organizer - ERROR - []
2025-09-08 06:15:36,632 - 1495890 - piper.organizer - ERROR - []
2025-09-08 06:15:36,633 - 1495890 - piper.organizer - ERROR - []
2025-09-08 06:15:36,633 - 1495890 - piper.organizer - ERROR - []
2025-09-08 06:15:36,633 - 1495890 - piper.organizer - ERROR - []
2025-09-08 06:15:36,633 - 1495890 - piper.organizer - ERROR - []
2025-09-08 06:15:36,636 - 1495890 - piper.organizer - ERROR - []
2025-09-08 06:15:36,636 - 1495890 - piper.organizer - ERROR - []
2025-09-08 06:15:36,637 - 1495890 - piper.organizer - ERROR - []
2025-09-08 06:15:36,638 - 1495890 - piper.organizer - ERROR - []
2025-09-08 06:15:36,640 - 1495890 - piper.organizer - ERROR - []
2025-09-08 06:15:36,641 - 1495890 - piper.organizer - ERROR - []
2025-09-08 06:15:36,643 - 1495890 - piper.organizer - ERROR - []
2025-09-08 06:15:36,643 - 1495890 - piper.organizer - ERROR - []
2025-09-08 06:15:36,643 - 1495890 - piper.organizer - ERROR - []
2025-09-08 06:15:36,646 - 1495890 - piper.organizer - ERROR - []
2025-09-08 06:15:36,646 - 1495890 - piper.organizer - ERROR - []
2025-09-08 06:15:36,647 - 1495890 - piper.organizer - ERROR - []
2025-09-08 06:15:36,647 - 1495890 - piper.organizer - ERROR - []
2025-09-08 06:15:36,647 - 1495890 - piper.organizer - ERROR - []
2025-09-08 06:15:36,647 - 1495890 - piper.organizer - ERROR - []
2025-09-08 06:15:36,649 - 1495890 - piper.organizer - ERROR - []
2025-09-08 06:15:36,650 - 1495890 - piper.organizer - ERROR - []
2025-09-08 06:15:36,650 - 1495890 - piper.organizer - ERROR - []
2025-09-08 06:15:36,650 - 1495890 - piper.organizer - ERROR - []
2025-09-08 06:15:36,651 - 1495890 - piper.organizer - ERROR - []
2025-09-08 06:15:36,651 - 1495890 - piper.organizer - ERROR - []
2025-09-08 06:15:36,651 - 1495890 - piper.organizer - ERROR - []
2025-09-08 06:15:36,652 - 1495890 - piper.organizer - ERROR - []
2025-09-08 06:15:36,652 - 1495890 - piper.organizer - ERROR - []
2025-09-08 06:15:36,652 - 1495890 - piper.organizer - ERROR - []
2025-09-08 06:15:36,652 - 1495890 - piper.organizer - ERROR - []
2025-09-08 06:15:36,652 - 1495890 - piper.organizer - ERROR - []
2025-09-08 06:15:36,654 - 1495890 - piper.organizer - ERROR - []
2025-09-08 06:15:36,654 - 1495890 - piper.organizer - ERROR - []
2025-09-08 06:15:36,664 - 1495890 - piper.organizer - ERROR - []
2025-09-08 06:15:36,664 - 1495890 - piper.organizer - ERROR - []
2025-09-08 06:15:36,665 - 1495890 - piper.organizer - ERROR - []
2025-09-08 06:15:36,674 - 1495890 - piper.organizer - ERROR - []
2025-09-08 06:15:36,675 - 1495890 - piper.organizer - ERROR - []
2025-09-08 06:15:36,675 - 1495890 - piper.organizer - ERROR - []
2025-09-08 06:15:36,675 - 1495890 - piper.organizer - ERROR - []
2025-09-08 06:15:36,675 - 1495890 - piper.organizer - ERROR - []
2025-09-08 06:15:36,675 - 1495890 - piper.organizer - ERROR - []
2025-09-08 06:15:36,678 - 1495890 - piper.organizer - ERROR - []
2025-09-08 06:15:36,679 - 1495890 - piper.organizer - ERROR - []
2025-09-08 06:15:36,680 - 1495890 - piper.organizer - ERROR - []
2025-09-08 06:15:36,682 - 1495890 - piper.organizer - ERROR - []
2025-09-08 06:15:36,685 - 1495890 - piper.organizer - ERROR - []
2025-09-08 06:15:36,690 - 1495890 - piper.organizer - ERROR - []
2025-09-08 06:15:36,692 - 1495890 - piper.organizer - ERROR - []
2025-09-08 06:15:36,692 - 1495890 - piper.organizer - ERROR - []
2025-09-08 06:15:36,692 - 1495890 - piper.organizer - ERROR - []
2025-09-08 06:15:36,693 - 1495890 - piper.organizer - ERROR - []
2025-09-08 06:15:36,693 - 1495890 - piper.organizer - ERROR - []
2025-09-08 06:15:36,694 - 1495890 - piper.organizer - ERROR - []
2025-09-08 06:15:36,695 - 1495890 - piper.organizer - ERROR - []
2025-09-08 06:15:36,697 - 1495890 - piper.organizer - ERROR - []
2025-09-08 06:15:36,697 - 1495890 - piper.organizer - ERROR - []
2025-09-08 06:15:36,700 - 1495890 - piper.organizer - ERROR - []
2025-09-08 06:15:36,701 - 1495890 - piper.organizer - ERROR - []
2025-09-08 06:15:36,701 - 1495890 - piper.organizer - ERROR - []
2025-09-08 06:15:36,704 - 1495890 - piper.organizer - ERROR - []
2025-09-08 06:15:36,707 - 1495890 - piper.organizer - ERROR - []
2025-09-08 06:15:36,707 - 1495890 - piper.organizer - ERROR - []
2025-09-08 06:15:36,713 - 1495890 - piper.organizer - ERROR - []
2025-09-08 06:15:36,714 - 1495890 - piper.organizer - ERROR - []
2025-09-08 06:15:36,715 - 1495890 - piper.organizer - ERROR - []
2025-09-08 06:15:36,715 - 1495890 - piper.organizer - ERROR - []
2025-09-08 06:15:36,716 - 1495890 - piper.organizer - ERROR - []
2025-09-08 06:15:36,717 - 1495890 - piper.organizer - ERROR - []
2025-09-08 06:15:36,717 - 1495890 - piper.organizer - ERROR - []
2025-09-08 06:15:36,718 - 1495890 - piper.organizer - ERROR - []
2025-09-08 06:15:36,727 - 1495890 - piper.organizer - ERROR - []
2025-09-08 06:15:36,727 - 1495890 - piper.organizer - ERROR - []
2025-09-08 06:15:36,728 - 1495890 - piper.organizer - ERROR - []
2025-09-08 06:15:36,729 - 1495890 - piper.organizer - ERROR - []
2025-09-08 06:15:36,729 - 1495890 - piper.organizer - ERROR - []
2025-09-08 06:15:36,729 - 1495890 - piper.organizer - ERROR - []
2025-09-08 06:15:36,730 - 1495890 - piper.organizer - ERROR - []
2025-09-08 06:15:36,730 - 1495890 - piper.organizer - ERROR - []
2025-09-08 06:15:36,730 - 1495890 - piper.organizer - ERROR - []
2025-09-08 06:15:36,731 - 1495890 - piper.organizer - ERROR - []
2025-09-08 06:15:36,731 - 1495890 - piper.organizer - ERROR - []
2025-09-08 06:15:36,731 - 1495890 - piper.organizer - ERROR - []
2025-09-08 06:15:36,732 - 1495890 - piper.organizer - ERROR - []
2025-09-08 06:15:36,732 - 1495890 - piper.organizer - ERROR - []
2025-09-08 06:15:36,733 - 1495890 - piper.organizer - ERROR - []
2025-09-08 06:15:36,733 - 1495890 - piper.organizer - ERROR - []
2025-09-08 06:15:36,733 - 1495890 - piper.organizer - ERROR - []
2025-09-08 06:15:36,733 - 1495890 - piper.organizer - ERROR - []
2025-09-08 06:15:36,733 - 1495890 - piper.organizer - ERROR - []
2025-09-08 06:15:36,737 - 1495890 - piper.organizer - ERROR - []
2025-09-08 06:15:36,738 - 1495890 - piper.organizer - ERROR - []
2025-09-08 06:15:36,739 - 1495890 - piper.organizer - ERROR - []
2025-09-08 06:15:36,739 - 1495890 - piper.organizer - ERROR - []
2025-09-08 06:15:36,741 - 1495890 - piper.organizer - ERROR - []
2025-09-08 06:15:36,742 - 1495890 - piper.organizer - ERROR - []
2025-09-08 06:15:36,742 - 1495890 - piper.organizer - ERROR - []
2025-09-08 06:15:36,743 - 1495890 - piper.organizer - ERROR - []
2025-09-08 06:15:36,746 - 1495890 - piper.organizer - ERROR - []
2025-09-08 06:15:36,748 - 1495890 - piper.organizer - ERROR - []
2025-09-08 06:15:36,749 - 1495890 - piper.organizer - ERROR - []
2025-09-08 06:15:36,758 - 1495890 - piper.organizer - ERROR - []
2025-09-08 06:15:36,758 - 1495890 - piper.organizer - ERROR - []
2025-09-08 06:15:36,759 - 1495890 - piper.organizer - ERROR - []
2025-09-08 06:15:36,761 - 1495890 - piper.organizer - ERROR - []
2025-09-08 06:15:36,761 - 1495890 - piper.organizer - ERROR - []
2025-09-08 06:15:36,761 - 1495890 - piper.organizer - ERROR - []
2025-09-08 06:15:36,762 - 1495890 - piper.organizer - ERROR - []
2025-09-08 06:15:36,762 - 1495890 - piper.organizer - ERROR - []
2025-09-08 06:15:36,763 - 1495890 - piper.organizer - ERROR - []
2025-09-08 06:15:36,764 - 1495890 - piper.organizer - ERROR - []
2025-09-08 06:15:36,764 - 1495890 - piper.organizer - ERROR - []
2025-09-08 06:15:36,764 - 1495890 - piper.organizer - ERROR - []
2025-09-08 06:15:36,766 - 1495890 - piper.organizer - ERROR - []
2025-09-08 06:15:36,767 - 1495890 - piper.organizer - ERROR - []
2025-09-08 06:15:36,767 - 1495890 - piper.organizer - ERROR - []
2025-09-08 06:15:36,768 - 1495890 - piper.organizer - ERROR - []
2025-09-08 06:15:36,768 - 1495890 - piper.organizer - ERROR - []
2025-09-08 06:15:36,768 - 1495890 - piper.organizer - ERROR - []
2025-09-08 06:15:36,769 - 1495890 - piper.organizer - ERROR - []
2025-09-08 06:15:36,770 - 1495890 - piper.organizer - ERROR - []
2025-09-08 06:15:36,770 - 1495890 - piper.organizer - ERROR - []
2025-09-08 06:15:36,770 - 1495890 - piper.organizer - ERROR - []
2025-09-08 06:15:36,771 - 1495890 - piper.organizer - ERROR - []
2025-09-08 06:15:36,771 - 1495890 - piper.organizer - ERROR - []
2025-09-08 06:15:36,772 - 1495890 - piper.organizer - ERROR - []
2025-09-08 06:15:36,772 - 1495890 - piper.organizer - ERROR - []
2025-09-08 06:15:36,772 - 1495890 - piper.organizer - ERROR - []
2025-09-08 06:15:36,772 - 1495890 - piper.organizer - ERROR - []
2025-09-08 06:15:36,772 - 1495890 - piper.organizer - ERROR - []
2025-09-08 06:15:36,772 - 1495890 - piper.organizer - ERROR - []
2025-09-08 06:15:36,772 - 1495890 - piper.organizer - ERROR - []
2025-09-08 06:15:36,775 - 1495890 - piper.organizer - ERROR - []
2025-09-08 06:15:36,780 - 1495890 - piper.organizer - ERROR - []
2025-09-08 06:15:36,783 - 1495890 - piper.organizer - ERROR - []
2025-09-08 06:15:36,784 - 1495890 - piper.organizer - ERROR - []
2025-09-08 06:15:36,784 - 1495890 - piper.organizer - ERROR - []
2025-09-08 06:15:36,784 - 1495890 - piper.organizer - ERROR - []
2025-09-08 06:15:36,784 - 1495890 - piper.organizer - ERROR - []
2025-09-08 06:15:36,786 - 1495890 - piper.organizer - ERROR - []
2025-09-08 06:15:36,786 - 1495890 - piper.organizer - ERROR - []
2025-09-08 06:15:36,786 - 1495890 - piper.organizer - ERROR - []
2025-09-08 06:15:36,787 - 1495890 - piper.organizer - ERROR - []
2025-09-08 06:15:36,787 - 1495890 - piper.organizer - ERROR - []
2025-09-08 06:15:36,787 - 1495890 - piper.organizer - ERROR - []
2025-09-08 06:15:36,787 - 1495890 - piper.organizer - ERROR - []
2025-09-08 06:15:36,788 - 1495890 - piper.organizer - ERROR - []
2025-09-08 06:15:36,788 - 1495890 - piper.organizer - ERROR - []
2025-09-08 06:15:36,788 - 1495890 - piper.organizer - ERROR - []
2025-09-08 06:15:36,788 - 1495890 - piper.organizer - ERROR - []
2025-09-08 06:15:36,788 - 1495890 - piper.organizer - ERROR - []
2025-09-08 06:15:36,789 - 1495890 - piper.organizer - ERROR - []
2025-09-08 06:15:36,789 - 1495890 - piper.organizer - ERROR - []
2025-09-08 06:15:36,789 - 1495890 - piper.organizer - ERROR - []
2025-09-08 06:15:36,789 - 1495890 - piper.organizer - ERROR - []
2025-09-08 06:15:36,789 - 1495890 - piper.organizer - ERROR - []
2025-09-08 06:15:36,790 - 1495890 - piper.organizer - ERROR - []
2025-09-08 06:15:36,791 - 1495890 - piper.organizer - ERROR - []
2025-09-08 06:15:36,793 - 1495890 - piper.organizer - ERROR - []
2025-09-08 06:15:36,794 - 1495890 - piper.organizer - ERROR - []
2025-09-08 06:15:36,794 - 1495890 - piper.organizer - ERROR - []
2025-09-08 06:15:36,794 - 1495890 - piper.organizer - ERROR - []
2025-09-08 06:15:36,794 - 1495890 - piper.organizer - ERROR - []
2025-09-08 06:15:36,794 - 1495890 - piper.organizer - ERROR - []
2025-09-08 06:15:36,795 - 1495890 - piper.organizer - ERROR - []
2025-09-08 06:15:36,796 - 1495890 - piper.organizer - ERROR - []
2025-09-08 06:15:36,796 - 1495890 - piper.organizer - ERROR - []
2025-09-08 06:15:36,797 - 1495890 - piper.organizer - ERROR - []
2025-09-08 06:15:36,799 - 1495890 - piper.organizer - ERROR - []
2025-09-08 06:15:36,799 - 1495890 - piper.organizer - ERROR - []
2025-09-08 06:15:36,799 - 1495890 - piper.organizer - ERROR - []
2025-09-08 06:15:36,799 - 1495890 - piper.organizer - ERROR - []
2025-09-08 06:15:36,799 - 1495890 - piper.organizer - ERROR - []
2025-09-08 06:15:36,800 - 1495890 - piper.organizer - ERROR - []
2025-09-08 06:15:36,801 - 1495890 - piper.organizer - ERROR - []
2025-09-08 06:15:36,801 - 1495890 - piper.organizer - ERROR - []
2025-09-08 06:15:36,802 - 1495890 - piper.organizer - ERROR - []
2025-09-08 06:15:36,802 - 1495890 - piper.organizer - ERROR - []
2025-09-08 06:15:36,802 - 1495890 - piper.organizer - ERROR - []
2025-09-08 06:15:36,802 - 1495890 - piper.organizer - ERROR - []
2025-09-08 06:15:36,803 - 1495890 - piper.organizer - ERROR - []
2025-09-08 06:15:36,803 - 1495890 - piper.organizer - ERROR - []
2025-09-08 06:15:36,803 - 1495890 - piper.organizer - ERROR - []
2025-09-08 06:15:36,803 - 1495890 - piper.organizer - ERROR - []
2025-09-08 06:15:36,803 - 1495890 - piper.organizer - ERROR - []
2025-09-08 06:15:36,804 - 1495890 - piper.organizer - ERROR - []
2025-09-08 06:15:36,804 - 1495890 - piper.organizer - ERROR - []
2025-09-08 06:15:36,804 - 1495890 - piper.organizer - ERROR - []
2025-09-08 06:15:36,804 - 1495890 - piper.organizer - ERROR - []
2025-09-08 06:15:36,805 - 1495890 - piper.organizer - ERROR - []
2025-09-08 06:15:36,805 - 1495890 - piper.organizer - ERROR - []
2025-09-08 06:15:36,805 - 1495890 - piper.organizer - ERROR - []
2025-09-08 06:15:36,805 - 1495890 - piper.organizer - ERROR - []
2025-09-08 06:15:36,818 - 1495890 - piper.organizer - ERROR - []
2025-09-08 06:15:36,819 - 1495890 - piper.organizer - ERROR - []
2025-09-08 06:15:36,819 - 1495890 - piper.organizer - ERROR - []
2025-09-08 06:15:36,819 - 1495890 - piper.organizer - ERROR - []
2025-09-08 06:15:36,819 - 1495890 - piper.organizer - ERROR - []
2025-09-08 06:15:36,819 - 1495890 - piper.organizer - ERROR - []
2025-09-08 06:15:36,822 - 1495890 - piper.organizer - ERROR - []
2025-09-08 06:15:36,822 - 1495890 - piper.organizer - ERROR - []
2025-09-08 06:15:36,822 - 1495890 - piper.organizer - ERROR - []
2025-09-08 06:15:36,823 - 1495890 - piper.organizer - ERROR - []
2025-09-08 06:15:36,823 - 1495890 - piper.organizer - ERROR - []
2025-09-08 06:15:36,825 - 1495890 - piper.organizer - ERROR - []
2025-09-08 06:15:36,828 - 1495890 - piper.organizer - ERROR - []
2025-09-08 06:15:36,828 - 1495890 - piper.organizer - ERROR - []
2025-09-08 06:15:36,831 - 1495890 - piper.organizer - ERROR - []
2025-09-08 06:15:36,832 - 1495890 - piper.organizer - ERROR - []
2025-09-08 06:15:36,834 - 1495890 - piper.organizer - ERROR - []
2025-09-08 06:15:36,843 - 1495890 - piper.organizer - ERROR - []
2025-09-08 06:15:36,846 - 1495890 - piper.organizer - ERROR - []
2025-09-08 06:15:36,846 - 1495890 - piper.organizer - ERROR - []
2025-09-08 06:15:36,846 - 1495890 - piper.organizer - ERROR - []
2025-09-08 06:15:36,847 - 1495890 - piper.organizer - ERROR - []
2025-09-08 06:15:36,853 - 1495890 - piper.organizer - ERROR - []
2025-09-08 06:15:36,853 - 1495890 - piper.organizer - ERROR - []
2025-09-08 06:15:36,857 - 1495890 - piper.organizer - ERROR - []
2025-09-08 06:15:36,858 - 1495890 - piper.organizer - ERROR - []
2025-09-08 06:15:36,858 - 1495890 - piper.organizer - ERROR - []
2025-09-08 06:15:36,858 - 1495890 - piper.organizer - ERROR - []
2025-09-08 06:15:36,859 - 1495890 - piper.organizer - ERROR - []
2025-09-08 06:15:36,866 - 1495890 - piper.organizer - ERROR - []
2025-09-08 06:15:36,897 - 1495890 - piper.organizer - ERROR - []
2025-09-08 06:15:36,897 - 1495890 - piper.organizer - ERROR - []
2025-09-08 06:15:36,897 - 1495890 - piper.organizer - ERROR - []
2025-09-08 06:15:36,898 - 1495890 - piper.organizer - ERROR - []
2025-09-08 06:15:36,899 - 1495890 - piper.organizer - ERROR - []
2025-09-08 06:15:36,899 - 1495890 - piper.organizer - ERROR - []
2025-09-08 06:15:36,899 - 1495890 - piper.organizer - ERROR - []
2025-09-08 06:15:36,900 - 1495890 - piper.organizer - ERROR - []
2025-09-08 06:15:36,900 - 1495890 - piper.organizer - ERROR - []
2025-09-08 06:15:36,900 - 1495890 - piper.organizer - ERROR - []
2025-09-08 06:15:36,900 - 1495890 - piper.organizer - ERROR - []
2025-09-08 06:15:36,901 - 1495890 - piper.organizer - ERROR - []
2025-09-08 06:15:36,901 - 1495890 - piper.organizer - ERROR - []
2025-09-08 06:15:36,901 - 1495890 - piper.organizer - ERROR - []
2025-09-08 06:15:36,902 - 1495890 - piper.organizer - ERROR - []
2025-09-08 06:15:36,902 - 1495890 - piper.organizer - ERROR - []
2025-09-08 06:15:36,902 - 1495890 - piper.organizer - ERROR - []
2025-09-08 06:15:36,902 - 1495890 - piper.organizer - ERROR - []
2025-09-08 06:15:36,902 - 1495890 - piper.organizer - ERROR - []
2025-09-08 06:15:36,903 - 1495890 - piper.organizer - ERROR - []
2025-09-08 06:15:36,903 - 1495890 - piper.organizer - ERROR - []
2025-09-08 06:15:36,903 - 1495890 - piper.organizer - ERROR - []
2025-09-08 06:15:36,903 - 1495890 - piper.organizer - ERROR - []
2025-09-08 06:15:36,904 - 1495890 - piper.organizer - ERROR - []
2025-09-08 06:15:36,904 - 1495890 - piper.organizer - ERROR - []
2025-09-08 06:15:36,904 - 1495890 - piper.organizer - ERROR - []
2025-09-08 06:15:36,905 - 1495890 - piper.organizer - ERROR - []
2025-09-08 06:15:36,905 - 1495890 - piper.organizer - ERROR - []
2025-09-08 06:15:36,905 - 1495890 - piper.organizer - ERROR - []
2025-09-08 06:15:36,905 - 1495890 - piper.organizer - ERROR - []
2025-09-08 06:15:36,906 - 1495890 - piper.organizer - ERROR - []
2025-09-08 06:15:36,906 - 1495890 - piper.organizer - ERROR - []
2025-09-08 06:15:36,906 - 1495890 - piper.organizer - ERROR - []
2025-09-08 06:15:36,907 - 1495890 - piper.organizer - ERROR - []
2025-09-08 06:15:36,908 - 1495890 - piper.organizer - ERROR - []
2025-09-08 06:15:36,908 - 1495890 - piper.organizer - ERROR - []
2025-09-08 06:15:36,908 - 1495890 - piper.organizer - ERROR - []
2025-09-08 06:15:36,909 - 1495890 - piper.organizer - ERROR - []
2025-09-08 06:15:36,909 - 1495890 - piper.organizer - ERROR - []
2025-09-08 06:15:36,909 - 1495890 - piper.organizer - ERROR - []
2025-09-08 06:15:36,909 - 1495890 - piper.organizer - ERROR - []
2025-09-08 06:15:36,910 - 1495890 - piper.organizer - ERROR - []
2025-09-08 06:15:36,910 - 1495890 - piper.organizer - ERROR - []
2025-09-08 06:15:36,910 - 1495890 - piper.organizer - ERROR - []
2025-09-08 06:15:36,911 - 1495890 - piper.organizer - ERROR - []
2025-09-08 06:15:36,911 - 1495890 - piper.organizer - ERROR - []
2025-09-08 06:15:36,911 - 1495890 - piper.organizer - ERROR - []
2025-09-08 06:15:36,912 - 1495890 - piper.organizer - ERROR - []
2025-09-08 06:15:36,912 - 1495890 - piper.organizer - ERROR - []
2025-09-08 06:15:36,912 - 1495890 - piper.organizer - ERROR - []
2025-09-08 06:15:36,912 - 1495890 - piper.organizer - ERROR - []
2025-09-08 06:15:36,913 - 1495890 - piper.organizer - ERROR - []
2025-09-08 06:15:36,913 - 1495890 - piper.organizer - ERROR - []
2025-09-08 06:15:36,913 - 1495890 - piper.organizer - ERROR - []
2025-09-08 06:15:36,914 - 1495890 - piper.organizer - ERROR - []
2025-09-08 06:15:36,914 - 1495890 - piper.organizer - ERROR - []
2025-09-08 06:15:36,914 - 1495890 - piper.organizer - ERROR - []
2025-09-08 06:15:36,914 - 1495890 - piper.organizer - ERROR - []
2025-09-08 06:15:36,915 - 1495890 - piper.organizer - ERROR - []
2025-09-08 06:15:36,915 - 1495890 - piper.organizer - ERROR - []
2025-09-08 06:15:36,915 - 1495890 - piper.organizer - ERROR - []
2025-09-08 06:15:36,916 - 1495890 - piper.organizer - ERROR - []
2025-09-08 06:15:36,916 - 1495890 - piper.organizer - ERROR - []
2025-09-08 06:15:36,916 - 1495890 - piper.organizer - ERROR - []
2025-09-08 06:15:36,917 - 1495890 - piper.organizer - ERROR - []
2025-09-08 06:15:36,917 - 1495890 - piper.organizer - ERROR - []
2025-09-08 06:15:36,917 - 1495890 - piper.organizer - ERROR - []
2025-09-08 06:15:36,920 - 1495890 - piper.organizer - ERROR - []
2025-09-08 06:15:36,920 - 1495890 - piper.organizer - ERROR - []
2025-09-08 06:15:36,920 - 1495890 - piper.organizer - ERROR - []
2025-09-08 06:15:36,922 - 1495890 - piper.organizer - ERROR - []
2025-09-08 06:15:36,925 - 1495890 - piper.organizer - ERROR - []
2025-09-08 06:15:36,925 - 1495890 - piper.organizer - ERROR - []
2025-09-08 06:15:36,926 - 1495890 - piper.organizer - ERROR - []
2025-09-08 06:15:36,926 - 1495890 - piper.organizer - ERROR - []
2025-09-08 06:15:36,926 - 1495890 - piper.organizer - ERROR - []
2025-09-08 06:15:36,926 - 1495890 - piper.organizer - ERROR - []
2025-09-08 06:15:36,927 - 1495890 - piper.organizer - ERROR - []
2025-09-08 06:15:36,927 - 1495890 - piper.organizer - ERROR - []
2025-09-08 06:15:36,927 - 1495890 - piper.organizer - ERROR - []
2025-09-08 06:15:36,929 - 1495890 - piper.organizer - ERROR - []
2025-09-08 06:15:36,929 - 1495890 - piper.organizer - ERROR - []
2025-09-08 06:15:36,930 - 1495890 - piper.organizer - ERROR - []
2025-09-08 06:15:36,930 - 1495890 - piper.organizer - ERROR - []
2025-09-08 06:15:36,931 - 1495890 - piper.organizer - ERROR - []
2025-09-08 06:15:36,931 - 1495890 - piper.organizer - ERROR - []
2025-09-08 06:15:36,932 - 1495890 - piper.organizer - ERROR - []
2025-09-08 06:15:36,932 - 1495890 - piper.organizer - ERROR - []
2025-09-08 06:15:36,932 - 1495890 - piper.organizer - ERROR - []
2025-09-08 06:15:36,933 - 1495890 - piper.organizer - ERROR - []
2025-09-08 06:15:36,933 - 1495890 - piper.organizer - ERROR - []
2025-09-08 06:15:36,933 - 1495890 - piper.organizer - ERROR - []
2025-09-08 06:15:36,937 - 1495890 - piper.organizer - ERROR - []
2025-09-08 06:15:36,938 - 1495890 - piper.organizer - ERROR - []
2025-09-08 06:15:36,938 - 1495890 - piper.organizer - ERROR - []
2025-09-08 06:15:36,938 - 1495890 - piper.organizer - ERROR - []
2025-09-08 06:15:36,939 - 1495890 - piper.organizer - ERROR - []
2025-09-08 06:15:36,939 - 1495890 - piper.organizer - ERROR - []
2025-09-08 06:15:36,939 - 1495890 - piper.organizer - ERROR - []
2025-09-08 06:15:36,939 - 1495890 - piper.organizer - ERROR - []
2025-09-08 06:15:36,940 - 1495890 - piper.organizer - ERROR - []
2025-09-08 06:15:36,940 - 1495890 - piper.organizer - ERROR - []
2025-09-08 06:15:36,942 - 1495890 - piper.organizer - ERROR - []
2025-09-08 06:15:36,942 - 1495890 - piper.organizer - ERROR - []
2025-09-08 06:15:36,943 - 1495890 - piper.organizer - ERROR - []
2025-09-08 06:15:36,943 - 1495890 - piper.organizer - ERROR - []
2025-09-08 06:15:36,943 - 1495890 - piper.organizer - ERROR - []
2025-09-08 06:15:36,944 - 1495890 - piper.organizer - ERROR - []
2025-09-08 06:15:36,950 - 1495890 - piper.organizer - ERROR - []
2025-09-08 06:15:36,950 - 1495890 - piper.organizer - ERROR - []
2025-09-08 06:15:36,951 - 1495890 - piper.organizer - ERROR - []
2025-09-08 06:15:36,951 - 1495890 - piper.organizer - ERROR - []
2025-09-08 06:15:36,951 - 1495890 - piper.organizer - ERROR - []
2025-09-08 06:15:36,952 - 1495890 - piper.organizer - ERROR - []
2025-09-08 06:15:36,952 - 1495890 - piper.organizer - ERROR - []
2025-09-08 06:15:36,952 - 1495890 - piper.organizer - ERROR - []
2025-09-08 06:15:36,952 - 1495890 - piper.organizer - ERROR - []
2025-09-08 06:15:36,953 - 1495890 - piper.organizer - ERROR - []
2025-09-08 06:15:36,953 - 1495890 - piper.organizer - ERROR - []
2025-09-08 06:15:36,954 - 1495890 - piper.organizer - ERROR - []
2025-09-08 06:15:36,954 - 1495890 - piper.organizer - ERROR - []
2025-09-08 06:15:36,954 - 1495890 - piper.organizer - ERROR - []
2025-09-08 06:15:36,954 - 1495890 - piper.organizer - ERROR - []
2025-09-08 06:15:36,955 - 1495890 - piper.organizer - ERROR - []
2025-09-08 06:15:36,955 - 1495890 - piper.organizer - ERROR - []
2025-09-08 06:15:36,955 - 1495890 - piper.organizer - ERROR - []
2025-09-08 06:15:36,956 - 1495890 - piper.organizer - ERROR - []
2025-09-08 06:15:36,956 - 1495890 - piper.organizer - ERROR - []
2025-09-08 06:15:36,957 - 1495890 - piper.organizer - ERROR - []
2025-09-08 06:15:36,957 - 1495890 - piper.organizer - ERROR - []
2025-09-08 06:15:36,958 - 1495890 - piper.organizer - ERROR - []
2025-09-08 06:15:36,958 - 1495890 - piper.organizer - ERROR - []
2025-09-08 06:15:36,959 - 1495890 - piper.organizer - ERROR - []
2025-09-08 06:15:36,959 - 1495890 - piper.organizer - ERROR - []
2025-09-08 06:15:36,959 - 1495890 - piper.organizer - ERROR - []
2025-09-08 06:15:36,960 - 1495890 - piper.organizer - ERROR - []
2025-09-08 06:15:36,960 - 1495890 - piper.organizer - ERROR - []
2025-09-08 06:15:36,960 - 1495890 - piper.organizer - ERROR - []
2025-09-08 06:15:36,960 - 1495890 - piper.organizer - ERROR - []
2025-09-08 06:15:36,961 - 1495890 - piper.organizer - ERROR - []
2025-09-08 06:15:36,961 - 1495890 - piper.organizer - ERROR - []
2025-09-08 06:15:36,961 - 1495890 - piper.organizer - ERROR - []
2025-09-08 06:15:36,962 - 1495890 - piper.organizer - ERROR - []
2025-09-08 06:15:36,962 - 1495890 - piper.organizer - ERROR - []
2025-09-08 06:15:36,962 - 1495890 - piper.organizer - ERROR - []
2025-09-08 06:15:36,963 - 1495890 - piper.organizer - ERROR - []
2025-09-08 06:15:36,963 - 1495890 - piper.organizer - ERROR - []
2025-09-08 06:15:36,963 - 1495890 - piper.organizer - ERROR - []
2025-09-08 06:15:36,963 - 1495890 - piper.organizer - ERROR - []
2025-09-08 06:15:36,964 - 1495890 - piper.organizer - ERROR - []
2025-09-08 06:15:36,964 - 1495890 - piper.organizer - ERROR - []
2025-09-08 06:15:36,964 - 1495890 - piper.organizer - ERROR - []
2025-09-08 06:15:36,964 - 1495890 - piper.organizer - ERROR - []
2025-09-08 06:15:36,965 - 1495890 - piper.organizer - ERROR - []
2025-09-08 06:15:36,965 - 1495890 - piper.organizer - ERROR - []
2025-09-08 06:15:36,965 - 1495890 - piper.organizer - ERROR - []
2025-09-08 06:15:36,965 - 1495890 - piper.organizer - ERROR - []
2025-09-08 06:15:36,966 - 1495890 - piper.organizer - ERROR - []
2025-09-08 06:15:36,966 - 1495890 - piper.organizer - ERROR - []
2025-09-08 06:15:36,967 - 1495890 - piper.organizer - ERROR - []
2025-09-08 06:15:36,967 - 1495890 - piper.organizer - ERROR - []
2025-09-08 06:15:36,967 - 1495890 - piper.organizer - ERROR - []
2025-09-08 06:15:36,967 - 1495890 - piper.organizer - ERROR - []
2025-09-08 06:15:36,968 - 1495890 - piper.organizer - ERROR - []
2025-09-08 06:15:36,968 - 1495890 - piper.organizer - ERROR - []
2025-09-08 06:15:36,968 - 1495890 - piper.organizer - ERROR - []
2025-09-08 06:15:36,969 - 1495890 - piper.organizer - ERROR - []
2025-09-08 06:15:36,969 - 1495890 - piper.organizer - ERROR - []
2025-09-08 06:15:36,969 - 1495890 - piper.organizer - ERROR - []
2025-09-08 06:15:36,970 - 1495890 - piper.organizer - ERROR - []
2025-09-08 06:15:36,970 - 1495890 - piper.organizer - ERROR - []
2025-09-08 06:15:36,970 - 1495890 - piper.organizer - ERROR - []
2025-09-08 06:15:36,971 - 1495890 - piper.organizer - ERROR - []
2025-09-08 06:15:36,972 - 1495890 - piper.organizer - ERROR - []
2025-09-08 06:15:36,972 - 1495890 - piper.organizer - ERROR - []
2025-09-08 06:15:36,972 - 1495890 - piper.organizer - ERROR - []
2025-09-08 06:15:36,973 - 1495890 - piper.organizer - ERROR - []
2025-09-08 06:15:36,973 - 1495890 - piper.organizer - ERROR - []
2025-09-08 06:15:36,974 - 1495890 - piper.organizer - ERROR - []
2025-09-08 06:15:36,974 - 1495890 - piper.organizer - ERROR - []
2025-09-08 06:15:36,974 - 1495890 - piper.organizer - ERROR - []
2025-09-08 06:15:36,974 - 1495890 - piper.organizer - ERROR - []
2025-09-08 06:15:36,975 - 1495890 - piper.organizer - ERROR - []
2025-09-08 06:15:36,975 - 1495890 - piper.organizer - ERROR - []
2025-09-08 06:15:36,975 - 1495890 - piper.organizer - ERROR - []
2025-09-08 06:15:36,976 - 1495890 - piper.organizer - ERROR - []
2025-09-08 06:15:36,976 - 1495890 - piper.organizer - ERROR - []
2025-09-08 06:15:36,976 - 1495890 - piper.organizer - ERROR - []
2025-09-08 06:15:36,976 - 1495890 - piper.organizer - ERROR - []
2025-09-08 06:15:36,977 - 1495890 - piper.organizer - ERROR - []
2025-09-08 06:15:36,977 - 1495890 - piper.organizer - ERROR - []
2025-09-08 06:15:36,977 - 1495890 - piper.organizer - ERROR - []
2025-09-08 06:15:36,978 - 1495890 - piper.organizer - ERROR - []
2025-09-08 06:15:36,978 - 1495890 - piper.organizer - ERROR - []
2025-09-08 06:15:36,979 - 1495890 - piper.organizer - ERROR - []
2025-09-08 06:15:36,979 - 1495890 - piper.organizer - ERROR - []
2025-09-08 06:15:36,979 - 1495890 - piper.organizer - ERROR - []
2025-09-08 06:15:36,981 - 1495890 - piper.organizer - ERROR - []
2025-09-08 06:15:36,982 - 1495890 - piper.organizer - ERROR - []
2025-09-08 06:15:36,982 - 1495890 - piper.organizer - ERROR - []
2025-09-08 06:15:36,982 - 1495890 - piper.organizer - ERROR - []
2025-09-08 06:15:36,983 - 1495890 - piper.organizer - ERROR - []
2025-09-08 06:15:36,983 - 1495890 - piper.organizer - ERROR - []
2025-09-08 06:15:36,984 - 1495890 - piper.organizer - ERROR - []
2025-09-08 06:15:36,984 - 1495890 - piper.organizer - ERROR - []
2025-09-08 06:15:36,984 - 1495890 - piper.organizer - ERROR - []
2025-09-08 06:15:36,984 - 1495890 - piper.organizer - ERROR - []
2025-09-08 06:15:36,985 - 1495890 - piper.organizer - ERROR - []
2025-09-08 06:15:36,985 - 1495890 - piper.organizer - ERROR - []
2025-09-08 06:15:36,985 - 1495890 - piper.organizer - ERROR - []
2025-09-08 06:15:36,985 - 1495890 - piper.organizer - ERROR - []
2025-09-08 06:15:36,985 - 1495890 - piper.organizer - ERROR - []
2025-09-08 06:15:36,988 - 1495890 - piper.organizer - ERROR - []
2025-09-08 06:15:36,988 - 1495890 - piper.organizer - ERROR - []
2025-09-08 06:15:36,989 - 1495890 - piper.organizer - ERROR - []
2025-09-08 06:15:36,989 - 1495890 - piper.organizer - ERROR - []
2025-09-08 06:15:36,991 - 1495890 - piper.organizer - ERROR - []
2025-09-08 06:15:36,991 - 1495890 - piper.organizer - ERROR - []
2025-09-08 06:15:36,992 - 1495890 - piper.organizer - ERROR - []
2025-09-08 06:15:36,992 - 1495890 - piper.organizer - ERROR - []
2025-09-08 06:15:36,992 - 1495890 - piper.organizer - ERROR - []
2025-09-08 06:15:36,992 - 1495890 - piper.organizer - ERROR - []
2025-09-08 06:15:36,993 - 1495890 - piper.organizer - ERROR - []
2025-09-08 06:15:36,993 - 1495890 - piper.organizer - ERROR - []
2025-09-08 06:15:36,993 - 1495890 - piper.organizer - ERROR - []
2025-09-08 06:15:36,994 - 1495890 - piper.organizer - ERROR - []
2025-09-08 06:15:36,994 - 1495890 - piper.organizer - ERROR - []
2025-09-08 06:15:36,994 - 1495890 - piper.organizer - ERROR - []
2025-09-08 06:15:36,995 - 1495890 - piper.organizer - ERROR - []
2025-09-08 06:15:36,995 - 1495890 - piper.organizer - ERROR - []
2025-09-08 06:15:36,996 - 1495890 - piper.organizer - ERROR - []
2025-09-08 06:15:36,996 - 1495890 - piper.organizer - ERROR - []
2025-09-08 06:15:36,996 - 1495890 - piper.organizer - ERROR - []
2025-09-08 06:15:36,999 - 1495890 - piper.organizer - ERROR - []
2025-09-08 06:15:37,000 - 1495890 - piper.organizer - ERROR - []
2025-09-08 06:15:37,000 - 1495890 - piper.organizer - ERROR - []
2025-09-08 06:15:37,001 - 1495890 - piper.organizer - ERROR - []
2025-09-08 06:15:37,001 - 1495890 - piper.organizer - ERROR - []
2025-09-08 06:15:37,001 - 1495890 - piper.organizer - ERROR - []
2025-09-08 06:15:37,001 - 1495890 - piper.organizer - ERROR - []
2025-09-08 06:15:37,002 - 1495890 - piper.organizer - ERROR - []
2025-09-08 06:15:37,002 - 1495890 - piper.organizer - ERROR - []
2025-09-08 06:15:37,002 - 1495890 - piper.organizer - ERROR - []
2025-09-08 06:15:37,002 - 1495890 - piper.organizer - ERROR - []
2025-09-08 06:15:37,003 - 1495890 - piper.organizer - ERROR - []
2025-09-08 06:15:37,003 - 1495890 - piper.organizer - ERROR - []
2025-09-08 06:15:37,003 - 1495890 - piper.organizer - ERROR - []
2025-09-08 06:15:37,003 - 1495890 - piper.organizer - ERROR - []
2025-09-08 06:15:37,006 - 1495890 - piper.organizer - ERROR - []
2025-09-08 06:15:37,007 - 1495890 - piper.organizer - ERROR - []
2025-09-08 06:15:37,007 - 1495890 - piper.organizer - ERROR - []
2025-09-08 06:15:37,007 - 1495890 - piper.organizer - ERROR - []
2025-09-08 06:15:37,007 - 1495890 - piper.organizer - ERROR - []
2025-09-08 06:15:37,008 - 1495890 - piper.organizer - ERROR - []
2025-09-08 06:15:37,008 - 1495890 - piper.organizer - ERROR - []
2025-09-08 06:15:37,008 - 1495890 - piper.organizer - ERROR - []
2025-09-08 06:15:37,009 - 1495890 - piper.organizer - ERROR - []
2025-09-08 06:15:37,009 - 1495890 - piper.organizer - ERROR - []
2025-09-08 06:15:37,012 - 1495890 - piper.organizer - ERROR - []
2025-09-08 06:15:37,012 - 1495890 - piper.organizer - ERROR - []
2025-09-08 06:15:37,013 - 1495890 - piper.organizer - ERROR - []
2025-09-08 06:15:37,013 - 1495890 - piper.organizer - ERROR - []
2025-09-08 06:15:37,013 - 1495890 - piper.organizer - ERROR - []
2025-09-08 06:15:37,013 - 1495890 - piper.organizer - ERROR - []
2025-09-08 06:15:37,014 - 1495890 - piper.organizer - ERROR - []
2025-09-08 06:15:37,014 - 1495890 - piper.organizer - ERROR - []
2025-09-08 06:15:37,014 - 1495890 - piper.organizer - ERROR - []
2025-09-08 06:15:37,015 - 1495890 - piper.organizer - ERROR - []
2025-09-08 06:15:37,015 - 1495890 - piper.organizer - ERROR - []
2025-09-08 06:15:37,015 - 1495890 - piper.organizer - ERROR - []
2025-09-08 06:15:37,015 - 1495890 - piper.organizer - ERROR - []
2025-09-08 06:15:37,022 - 1495890 - piper.organizer - ERROR - []
2025-09-08 06:15:37,023 - 1495890 - piper.organizer - ERROR - []
2025-09-08 06:15:37,025 - 1495890 - piper.organizer - ERROR - []
2025-09-08 06:15:37,031 - 1495890 - piper.organizer - ERROR - []
2025-09-08 06:15:37,031 - 1495890 - piper.organizer - ERROR - []
2025-09-08 06:15:37,034 - 1495890 - piper.organizer - ERROR - []
2025-09-08 06:15:37,034 - 1495890 - piper.organizer - ERROR - []
2025-09-08 06:15:37,034 - 1495890 - piper.organizer - ERROR - []
2025-09-08 06:15:37,035 - 1495890 - piper.organizer - ERROR - []
2025-09-08 06:15:37,035 - 1495890 - piper.organizer - ERROR - []
2025-09-08 06:15:37,035 - 1495890 - piper.organizer - ERROR - []
2025-09-08 06:15:37,036 - 1495890 - piper.organizer - ERROR - []
2025-09-08 06:15:37,036 - 1495890 - piper.organizer - ERROR - []
2025-09-08 06:15:37,036 - 1495890 - piper.organizer - ERROR - []
2025-09-08 06:15:37,036 - 1495890 - piper.organizer - ERROR - []
2025-09-08 06:15:37,036 - 1495890 - piper.organizer - ERROR - []
2025-09-08 06:15:37,037 - 1495890 - piper.organizer - ERROR - []
2025-09-08 06:15:37,037 - 1495890 - piper.organizer - ERROR - []
2025-09-08 06:15:37,038 - 1495890 - piper.organizer - ERROR - []
2025-09-08 06:15:37,038 - 1495890 - piper.organizer - ERROR - []
2025-09-08 06:15:37,038 - 1495890 - piper.organizer - ERROR - []
2025-09-08 06:15:37,039 - 1495890 - piper.organizer - ERROR - []
2025-09-08 06:15:37,039 - 1495890 - piper.organizer - ERROR - []
2025-09-08 06:15:37,039 - 1495890 - piper.organizer - ERROR - []
2025-09-08 06:15:37,039 - 1495890 - piper.organizer - ERROR - []
2025-09-08 06:15:37,039 - 1495890 - piper.organizer - ERROR - []
2025-09-08 06:15:37,040 - 1495890 - piper.organizer - ERROR - []
2025-09-08 06:15:37,040 - 1495890 - piper.organizer - ERROR - []
2025-09-08 06:15:37,041 - 1495890 - piper.organizer - ERROR - []
2025-09-08 06:15:37,041 - 1495890 - piper.organizer - ERROR - []
2025-09-08 06:15:37,041 - 1495890 - piper.organizer - ERROR - []
2025-09-08 06:15:37,041 - 1495890 - piper.organizer - ERROR - []
2025-09-08 06:15:37,045 - 1495890 - piper.organizer - ERROR - []
2025-09-08 06:15:37,045 - 1495890 - piper.organizer - ERROR - []
2025-09-08 06:15:37,045 - 1495890 - piper.organizer - ERROR - []
2025-09-08 06:15:37,045 - 1495890 - piper.organizer - ERROR - []
2025-09-08 06:15:37,046 - 1495890 - piper.organizer - ERROR - []
2025-09-08 06:15:37,046 - 1495890 - piper.organizer - ERROR - []
2025-09-08 06:15:37,047 - 1495890 - piper.organizer - ERROR - []
2025-09-08 06:15:37,047 - 1495890 - piper.organizer - ERROR - []
2025-09-08 06:15:37,047 - 1495890 - piper.organizer - ERROR - []
2025-09-08 06:15:37,047 - 1495890 - piper.organizer - ERROR - []
2025-09-08 06:15:37,048 - 1495890 - piper.organizer - ERROR - []
2025-09-08 06:15:37,048 - 1495890 - piper.organizer - ERROR - []
2025-09-08 06:15:37,048 - 1495890 - piper.organizer - ERROR - []
2025-09-08 06:15:37,048 - 1495890 - piper.organizer - ERROR - []
2025-09-08 06:15:37,049 - 1495890 - piper.organizer - ERROR - []
2025-09-08 06:15:37,049 - 1495890 - piper.organizer - ERROR - []
2025-09-08 06:15:37,049 - 1495890 - piper.organizer - ERROR - []
2025-09-08 06:15:37,049 - 1495890 - piper.organizer - ERROR - []
2025-09-08 06:15:37,050 - 1495890 - piper.organizer - ERROR - []
2025-09-08 06:15:37,050 - 1495890 - piper.organizer - ERROR - []
2025-09-08 06:15:37,051 - 1495890 - piper.organizer - ERROR - []
2025-09-08 06:15:37,051 - 1495890 - piper.organizer - ERROR - []
2025-09-08 06:15:37,051 - 1495890 - piper.organizer - ERROR - []
2025-09-08 06:15:37,052 - 1495890 - piper.organizer - ERROR - []
2025-09-08 06:15:37,053 - 1495890 - piper.organizer - ERROR - []
2025-09-08 06:15:37,053 - 1495890 - piper.organizer - ERROR - []
2025-09-08 06:15:37,054 - 1495890 - piper.organizer - ERROR - []
2025-09-08 06:15:37,054 - 1495890 - piper.organizer - ERROR - []
2025-09-08 06:15:37,054 - 1495890 - piper.organizer - ERROR - []
2025-09-08 06:15:37,054 - 1495890 - piper.organizer - ERROR - []
2025-09-08 06:15:37,055 - 1495890 - piper.organizer - ERROR - []
2025-09-08 06:15:37,055 - 1495890 - piper.organizer - ERROR - []
2025-09-08 06:15:37,055 - 1495890 - piper.organizer - ERROR - []
2025-09-08 06:15:37,056 - 1495890 - piper.organizer - ERROR - []
2025-09-08 06:15:37,056 - 1495890 - piper.organizer - ERROR - []
2025-09-08 06:15:37,056 - 1495890 - piper.organizer - ERROR - []
2025-09-08 06:15:37,056 - 1495890 - piper.organizer - ERROR - []
2025-09-08 06:15:37,061 - 1495890 - piper.organizer - ERROR - []
2025-09-08 06:15:37,061 - 1495890 - piper.organizer - ERROR - Traversal encounters a non-existing file at /home/user/uber-one/data_piper_core_pipelines/core/new_verticals_data_warehouse/one_move/config
2025-09-08 06:15:37,062 - 1495890 - piper.organizer - ERROR - []
2025-09-08 06:15:37,063 - 1495890 - piper.organizer - ERROR - []
2025-09-08 06:15:37,063 - 1495890 - piper.organizer - ERROR - []
2025-09-08 06:15:37,063 - 1495890 - piper.organizer - ERROR - []
2025-09-08 06:15:37,077 - 1495890 - piper.organizer - ERROR - []
2025-09-08 06:15:37,087 - 1495890 - piper.organizer - ERROR - []
2025-09-08 06:15:37,087 - 1495890 - piper.organizer - ERROR - []
2025-09-08 06:15:37,087 - 1495890 - piper.organizer - ERROR - []
2025-09-08 06:15:37,087 - 1495890 - piper.organizer - ERROR - []
2025-09-08 06:15:37,088 - 1495890 - piper.organizer - ERROR - []
2025-09-08 06:15:37,088 - 1495890 - piper.organizer - ERROR - []
2025-09-08 06:15:37,088 - 1495890 - piper.organizer - ERROR - []
2025-09-08 06:15:37,088 - 1495890 - piper.organizer - ERROR - []
2025-09-08 06:15:37,089 - 1495890 - piper.organizer - ERROR - []
2025-09-08 06:15:37,089 - 1495890 - piper.organizer - ERROR - []
2025-09-08 06:15:37,090 - 1495890 - piper.organizer - ERROR - []
2025-09-08 06:15:37,090 - 1495890 - piper.organizer - ERROR - []
2025-09-08 06:15:37,090 - 1495890 - piper.organizer - ERROR - []
2025-09-08 06:15:37,090 - 1495890 - piper.organizer - ERROR - []
2025-09-08 06:15:37,091 - 1495890 - piper.organizer - ERROR - []
2025-09-08 06:15:37,103 - 1495890 - piper.organizer - ERROR - []
2025-09-08 06:15:37,106 - 1495890 - piper.organizer - ERROR - []
2025-09-08 06:15:37,106 - 1495890 - piper.organizer - ERROR - []
2025-09-08 06:15:37,106 - 1495890 - piper.organizer - ERROR - []
2025-09-08 06:15:37,106 - 1495890 - piper.organizer - ERROR - []
2025-09-08 06:15:37,106 - 1495890 - piper.organizer - ERROR - []
2025-09-08 06:15:37,107 - 1495890 - piper.organizer - ERROR - []
2025-09-08 06:15:37,107 - 1495890 - piper.organizer - ERROR - []
2025-09-08 06:15:37,108 - 1495890 - piper.organizer - ERROR - []
2025-09-08 06:15:37,108 - 1495890 - piper.organizer - ERROR - []
2025-09-08 06:15:37,108 - 1495890 - piper.organizer - ERROR - []
2025-09-08 06:15:37,108 - 1495890 - piper.organizer - ERROR - []
2025-09-08 06:15:37,109 - 1495890 - piper.organizer - ERROR - []
2025-09-08 06:15:37,109 - 1495890 - piper.organizer - ERROR - []
2025-09-08 06:15:37,110 - 1495890 - piper.organizer - ERROR - []
2025-09-08 06:15:37,110 - 1495890 - piper.organizer - ERROR - []
2025-09-08 06:15:37,111 - 1495890 - piper.organizer - ERROR - []
2025-09-08 06:15:37,111 - 1495890 - piper.organizer - ERROR - []
2025-09-08 06:15:37,111 - 1495890 - piper.organizer - ERROR - []
2025-09-08 06:15:37,111 - 1495890 - piper.organizer - ERROR - []
2025-09-08 06:15:37,111 - 1495890 - piper.organizer - ERROR - []
2025-09-08 06:15:37,112 - 1495890 - piper.organizer - ERROR - []
2025-09-08 06:15:37,113 - 1495890 - piper.organizer - ERROR - []
2025-09-08 06:15:37,113 - 1495890 - piper.organizer - ERROR - []
2025-09-08 06:15:37,113 - 1495890 - piper.organizer - ERROR - []
2025-09-08 06:15:37,114 - 1495890 - piper.organizer - ERROR - []
2025-09-08 06:15:37,114 - 1495890 - piper.organizer - ERROR - []
2025-09-08 06:15:37,114 - 1495890 - piper.organizer - ERROR - []
2025-09-08 06:15:37,114 - 1495890 - piper.organizer - ERROR - []
2025-09-08 06:15:37,114 - 1495890 - piper.organizer - ERROR - []
2025-09-08 06:15:37,115 - 1495890 - piper.organizer - ERROR - []
2025-09-08 06:15:37,115 - 1495890 - piper.organizer - ERROR - []
2025-09-08 06:15:37,115 - 1495890 - piper.organizer - ERROR - []
2025-09-08 06:15:37,116 - 1495890 - piper.organizer - ERROR - []
2025-09-08 06:15:37,116 - 1495890 - piper.organizer - ERROR - []
2025-09-08 06:15:37,116 - 1495890 - piper.organizer - ERROR - []
2025-09-08 06:15:37,116 - 1495890 - piper.organizer - ERROR - []
2025-09-08 06:15:37,116 - 1495890 - piper.organizer - ERROR - []
2025-09-08 06:15:37,119 - 1495890 - piper.organizer - ERROR - []
2025-09-08 06:15:37,120 - 1495890 - piper.organizer - ERROR - []
2025-09-08 06:15:37,120 - 1495890 - piper.organizer - ERROR - []
2025-09-08 06:15:37,120 - 1495890 - piper.organizer - ERROR - []
2025-09-08 06:15:37,120 - 1495890 - piper.organizer - ERROR - []
2025-09-08 06:15:37,121 - 1495890 - piper.organizer - ERROR - []
2025-09-08 06:15:37,121 - 1495890 - piper.organizer - ERROR - []
2025-09-08 06:15:37,122 - 1495890 - piper.organizer - ERROR - []
2025-09-08 06:15:37,122 - 1495890 - piper.organizer - ERROR - []
2025-09-08 06:15:37,123 - 1495890 - piper.organizer - ERROR - []
2025-09-08 06:15:37,123 - 1495890 - piper.organizer - ERROR - []
2025-09-08 06:15:37,123 - 1495890 - piper.organizer - ERROR - []
2025-09-08 06:15:37,124 - 1495890 - piper.organizer - ERROR - []
2025-09-08 06:15:37,124 - 1495890 - piper.organizer - ERROR - []
2025-09-08 06:15:37,124 - 1495890 - piper.organizer - ERROR - []
2025-09-08 06:15:37,124 - 1495890 - piper.organizer - ERROR - []
2025-09-08 06:15:37,125 - 1495890 - piper.organizer - ERROR - []
2025-09-08 06:15:37,125 - 1495890 - piper.organizer - ERROR - []
2025-09-08 06:15:37,125 - 1495890 - piper.organizer - ERROR - []
2025-09-08 06:15:37,125 - 1495890 - piper.organizer - ERROR - []
2025-09-08 06:15:37,126 - 1495890 - piper.organizer - ERROR - []
2025-09-08 06:15:37,126 - 1495890 - piper.organizer - ERROR - []
2025-09-08 06:15:37,126 - 1495890 - piper.organizer - ERROR - []
2025-09-08 06:15:37,126 - 1495890 - piper.organizer - ERROR - []
2025-09-08 06:15:37,127 - 1495890 - piper.organizer - ERROR - []
2025-09-08 06:15:37,127 - 1495890 - piper.organizer - ERROR - []
2025-09-08 06:15:37,127 - 1495890 - piper.organizer - ERROR - []
2025-09-08 06:15:37,128 - 1495890 - piper.organizer - ERROR - []
2025-09-08 06:15:37,128 - 1495890 - piper.organizer - ERROR - []
2025-09-08 06:15:37,128 - 1495890 - piper.organizer - ERROR - []
2025-09-08 06:15:37,128 - 1495890 - piper.organizer - ERROR - []
2025-09-08 06:15:37,128 - 1495890 - piper.organizer - ERROR - []
2025-09-08 06:15:37,129 - 1495890 - piper.organizer - ERROR - []
2025-09-08 06:15:37,129 - 1495890 - piper.organizer - ERROR - []
2025-09-08 06:15:37,130 - 1495890 - piper.organizer - ERROR - []
2025-09-08 06:15:37,130 - 1495890 - piper.organizer - ERROR - []
2025-09-08 06:15:37,130 - 1495890 - piper.organizer - ERROR - []
2025-09-08 06:15:37,131 - 1495890 - piper.organizer - ERROR - []
2025-09-08 06:15:37,131 - 1495890 - piper.organizer - ERROR - []
2025-09-08 06:15:37,132 - 1495890 - piper.organizer - ERROR - []
2025-09-08 06:15:37,132 - 1495890 - piper.organizer - ERROR - []
2025-09-08 06:15:37,132 - 1495890 - piper.organizer - ERROR - []
2025-09-08 06:15:37,133 - 1495890 - piper.organizer - ERROR - []
2025-09-08 06:15:37,133 - 1495890 - piper.organizer - ERROR - []
2025-09-08 06:15:37,133 - 1495890 - piper.organizer - ERROR - []
2025-09-08 06:15:37,134 - 1495890 - piper.organizer - ERROR - []
2025-09-08 06:15:37,134 - 1495890 - piper.organizer - ERROR - []
2025-09-08 06:15:37,134 - 1495890 - piper.organizer - ERROR - []
2025-09-08 06:15:37,134 - 1495890 - piper.organizer - ERROR - []
2025-09-08 06:15:37,135 - 1495890 - piper.organizer - ERROR - []
2025-09-08 06:15:37,135 - 1495890 - piper.organizer - ERROR - []
2025-09-08 06:15:37,135 - 1495890 - piper.organizer - ERROR - []
2025-09-08 06:15:37,135 - 1495890 - piper.organizer - ERROR - []
2025-09-08 06:15:37,136 - 1495890 - piper.organizer - ERROR - []
2025-09-08 06:15:37,136 - 1495890 - piper.organizer - ERROR - []
2025-09-08 06:15:37,140 - 1495890 - piper.organizer - ERROR - []
2025-09-08 06:15:37,143 - 1495890 - piper.organizer - ERROR - []
2025-09-08 06:15:37,143 - 1495890 - piper.organizer - ERROR - []
2025-09-08 06:15:37,154 - 1495890 - piper.organizer - ERROR - []
2025-09-08 06:15:37,154 - 1495890 - piper.organizer - ERROR - []
2025-09-08 06:15:37,155 - 1495890 - piper.organizer - ERROR - []
2025-09-08 06:15:37,155 - 1495890 - piper.organizer - ERROR - []
2025-09-08 06:15:37,155 - 1495890 - piper.organizer - ERROR - []
2025-09-08 06:15:37,155 - 1495890 - piper.organizer - ERROR - []
2025-09-08 06:15:37,156 - 1495890 - piper.organizer - ERROR - []
2025-09-08 06:15:37,156 - 1495890 - piper.organizer - ERROR - []
2025-09-08 06:15:37,157 - 1495890 - piper.organizer - ERROR - []
2025-09-08 06:15:37,157 - 1495890 - piper.organizer - ERROR - []
2025-09-08 06:15:37,158 - 1495890 - piper.organizer - ERROR - []
2025-09-08 06:15:37,158 - 1495890 - piper.organizer - ERROR - []
2025-09-08 06:15:37,159 - 1495890 - piper.organizer - ERROR - []
2025-09-08 06:15:37,159 - 1495890 - piper.organizer - ERROR - []
2025-09-08 06:15:37,159 - 1495890 - piper.organizer - ERROR - []
2025-09-08 06:15:37,160 - 1495890 - piper.organizer - ERROR - []
2025-09-08 06:15:37,160 - 1495890 - piper.organizer - ERROR - []
2025-09-08 06:15:37,160 - 1495890 - piper.organizer - ERROR - []
2025-09-08 06:15:37,160 - 1495890 - piper.organizer - ERROR - []
2025-09-08 06:15:37,160 - 1495890 - piper.organizer - ERROR - []
2025-09-08 06:15:37,170 - 1495890 - piper.organizer - ERROR - []
2025-09-08 06:15:37,171 - 1495890 - piper.organizer - ERROR - []
2025-09-08 06:15:37,180 - 1495890 - piper.organizer - ERROR - []
2025-09-08 06:15:37,181 - 1495890 - piper.organizer - ERROR - []
2025-09-08 06:15:37,181 - 1495890 - piper.organizer - ERROR - []
2025-09-08 06:15:37,182 - 1495890 - piper.organizer - ERROR - []
2025-09-08 06:15:37,182 - 1495890 - piper.organizer - ERROR - []
2025-09-08 06:15:37,195 - 1495890 - piper.organizer - ERROR - []
2025-09-08 06:15:37,195 - 1495890 - piper.organizer - ERROR - []
2025-09-08 06:15:37,195 - 1495890 - piper.organizer - ERROR - []
2025-09-08 06:15:37,196 - 1495890 - piper.organizer - ERROR - []
2025-09-08 06:15:37,196 - 1495890 - piper.organizer - ERROR - []
2025-09-08 06:15:37,196 - 1495890 - piper.organizer - ERROR - []
2025-09-08 06:15:37,196 - 1495890 - piper.organizer - ERROR - []
2025-09-08 06:15:37,196 - 1495890 - piper.organizer - ERROR - []
2025-09-08 06:15:37,197 - 1495890 - piper.organizer - ERROR - []
2025-09-08 06:15:37,198 - 1495890 - piper.organizer - ERROR - []
2025-09-08 06:15:37,198 - 1495890 - piper.organizer - ERROR - []
2025-09-08 06:15:37,199 - 1495890 - piper.organizer - ERROR - []
2025-09-08 06:15:37,199 - 1495890 - piper.organizer - ERROR - []
2025-09-08 06:15:37,199 - 1495890 - piper.organizer - ERROR - []
2025-09-08 06:15:37,200 - 1495890 - piper.organizer - ERROR - []
2025-09-08 06:15:37,200 - 1495890 - piper.organizer - ERROR - []
2025-09-08 06:15:37,200 - 1495890 - piper.organizer - ERROR - []
2025-09-08 06:15:37,201 - 1495890 - piper.organizer - ERROR - []
2025-09-08 06:15:37,201 - 1495890 - piper.organizer - ERROR - []
2025-09-08 06:15:37,201 - 1495890 - piper.organizer - ERROR - []
2025-09-08 06:15:37,202 - 1495890 - piper.organizer - ERROR - []
2025-09-08 06:15:37,204 - 1495890 - piper.organizer - ERROR - []
2025-09-08 06:15:37,204 - 1495890 - piper.organizer - ERROR - []
2025-09-08 06:15:37,206 - 1495890 - piper.organizer - ERROR - []
2025-09-08 06:15:37,207 - 1495890 - piper.organizer - ERROR - []
2025-09-08 06:15:37,207 - 1495890 - piper.organizer - ERROR - []
2025-09-08 06:15:37,208 - 1495890 - piper.organizer - ERROR - []
2025-09-08 06:15:37,208 - 1495890 - piper.organizer - ERROR - []
2025-09-08 06:15:37,209 - 1495890 - piper.organizer - ERROR - []
2025-09-08 06:15:37,210 - 1495890 - piper.organizer - ERROR - []
2025-09-08 06:15:37,210 - 1495890 - piper.organizer - ERROR - []
2025-09-08 06:15:37,211 - 1495890 - piper.organizer - ERROR - []
2025-09-08 06:15:37,212 - 1495890 - piper.organizer - ERROR - []
2025-09-08 06:15:37,213 - 1495890 - piper.organizer - ERROR - []
2025-09-08 06:15:37,214 - 1495890 - piper.organizer - ERROR - []
2025-09-08 06:15:37,214 - 1495890 - piper.organizer - ERROR - []
2025-09-08 06:15:37,214 - 1495890 - piper.organizer - ERROR - []
2025-09-08 06:15:37,214 - 1495890 - piper.organizer - ERROR - []
2025-09-08 06:15:37,215 - 1495890 - piper.organizer - ERROR - []
2025-09-08 06:15:37,215 - 1495890 - piper.organizer - ERROR - []
2025-09-08 06:15:37,216 - 1495890 - piper.organizer - ERROR - []
2025-09-08 06:15:37,216 - 1495890 - piper.organizer - ERROR - []
2025-09-08 06:15:37,216 - 1495890 - piper.organizer - ERROR - []
2025-09-08 06:15:37,217 - 1495890 - piper.organizer - ERROR - []
2025-09-08 06:15:37,217 - 1495890 - piper.organizer - ERROR - []
2025-09-08 06:15:37,218 - 1495890 - piper.organizer - ERROR - []
2025-09-08 06:15:37,218 - 1495890 - piper.organizer - ERROR - []
2025-09-08 06:15:37,218 - 1495890 - piper.organizer - ERROR - []
2025-09-08 06:15:37,219 - 1495890 - piper.organizer - ERROR - []
2025-09-08 06:15:37,219 - 1495890 - piper.organizer - ERROR - []
2025-09-08 06:15:37,219 - 1495890 - piper.organizer - ERROR - []
2025-09-08 06:15:37,220 - 1495890 - piper.organizer - ERROR - []
2025-09-08 06:15:37,220 - 1495890 - piper.organizer - ERROR - []
2025-09-08 06:15:37,221 - 1495890 - piper.organizer - ERROR - []
2025-09-08 06:15:37,221 - 1495890 - piper.organizer - ERROR - []
2025-09-08 06:15:37,221 - 1495890 - piper.organizer - ERROR - []
2025-09-08 06:15:37,222 - 1495890 - piper.organizer - ERROR - []
2025-09-08 06:15:37,222 - 1495890 - piper.organizer - ERROR - []
2025-09-08 06:15:37,222 - 1495890 - piper.organizer - ERROR - []
2025-09-08 06:15:37,222 - 1495890 - piper.organizer - ERROR - []
2025-09-08 06:15:37,223 - 1495890 - piper.organizer - ERROR - []
2025-09-08 06:15:37,223 - 1495890 - piper.organizer - ERROR - []
2025-09-08 06:15:37,224 - 1495890 - piper.organizer - ERROR - []
2025-09-08 06:15:37,224 - 1495890 - piper.organizer - ERROR - []
2025-09-08 06:15:37,225 - 1495890 - piper.organizer - ERROR - []
2025-09-08 06:15:37,225 - 1495890 - piper.organizer - ERROR - []
2025-09-08 06:15:37,225 - 1495890 - piper.organizer - ERROR - []
2025-09-08 06:15:37,225 - 1495890 - piper.organizer - ERROR - []
2025-09-08 06:15:37,225 - 1495890 - piper.organizer - ERROR - []
2025-09-08 06:15:37,225 - 1495890 - piper.organizer - ERROR - []
2025-09-08 06:15:37,226 - 1495890 - piper.organizer - ERROR - []
2025-09-08 06:15:37,227 - 1495890 - piper.organizer - ERROR - []
2025-09-08 06:15:37,227 - 1495890 - piper.organizer - ERROR - []
2025-09-08 06:15:37,227 - 1495890 - piper.organizer - ERROR - []
2025-09-08 06:15:37,228 - 1495890 - piper.organizer - ERROR - []
2025-09-08 06:15:37,228 - 1495890 - piper.organizer - ERROR - []
2025-09-08 06:15:37,228 - 1495890 - piper.organizer - ERROR - []
2025-09-08 06:15:37,229 - 1495890 - piper.organizer - ERROR - []
2025-09-08 06:15:37,229 - 1495890 - piper.organizer - ERROR - []
2025-09-08 06:15:37,229 - 1495890 - piper.organizer - ERROR - []
2025-09-08 06:15:37,230 - 1495890 - piper.organizer - ERROR - []
2025-09-08 06:15:37,232 - 1495890 - piper.organizer - ERROR - []
2025-09-08 06:15:37,240 - 1495890 - piper.organizer - ERROR - []
2025-09-08 06:15:37,240 - 1495890 - piper.organizer - ERROR - []
2025-09-08 06:15:37,240 - 1495890 - piper.organizer - ERROR - []
2025-09-08 06:15:37,262 - 1495890 - piper.organizer - ERROR - []
2025-09-08 06:15:37,270 - 1495890 - piper.organizer - ERROR - []
2025-09-08 06:15:37,271 - 1495890 - piper.organizer - ERROR - []
2025-09-08 06:15:37,280 - 1495890 - piper.organizer - ERROR - []
2025-09-08 06:15:37,281 - 1495890 - piper.organizer - ERROR - []
2025-09-08 06:15:37,281 - 1495890 - piper.organizer - ERROR - []
2025-09-08 06:15:37,281 - 1495890 - piper.organizer - ERROR - []
2025-09-08 06:15:37,282 - 1495890 - piper.organizer - ERROR - []
2025-09-08 06:15:37,285 - 1495890 - piper.organizer - ERROR - []
2025-09-08 06:15:37,286 - 1495890 - piper.organizer - ERROR - []
2025-09-08 06:15:37,286 - 1495890 - piper.organizer - ERROR - []
2025-09-08 06:15:37,293 - 1495890 - piper.organizer - ERROR - []
2025-09-08 06:15:37,297 - 1495890 - piper.organizer - ERROR - []
2025-09-08 06:15:37,302 - 1495890 - piper.organizer - ERROR - []
2025-09-08 06:15:37,305 - 1495890 - piper.organizer - ERROR - []
2025-09-08 06:15:37,306 - 1495890 - piper.organizer - ERROR - []
2025-09-08 06:15:37,306 - 1495890 - piper.organizer - ERROR - []
2025-09-08 06:15:37,307 - 1495890 - piper.organizer - ERROR - []
2025-09-08 06:15:37,308 - 1495890 - piper.organizer - ERROR - []
2025-09-08 06:15:37,308 - 1495890 - piper.organizer - ERROR - []
2025-09-08 06:15:37,308 - 1495890 - piper.organizer - ERROR - []
2025-09-08 06:15:37,309 - 1495890 - piper.organizer - ERROR - []
2025-09-08 06:15:37,309 - 1495890 - piper.organizer - ERROR - []
2025-09-08 06:15:37,309 - 1495890 - piper.organizer - ERROR - []
2025-09-08 06:15:37,310 - 1495890 - piper.organizer - ERROR - []
2025-09-08 06:15:37,310 - 1495890 - piper.organizer - ERROR - []
2025-09-08 06:15:37,311 - 1495890 - piper.organizer - ERROR - []
2025-09-08 06:15:37,311 - 1495890 - piper.organizer - ERROR - []
2025-09-08 06:15:37,312 - 1495890 - piper.organizer - ERROR - []
2025-09-08 06:15:37,312 - 1495890 - piper.organizer - ERROR - []
2025-09-08 06:15:37,313 - 1495890 - piper.organizer - ERROR - []
2025-09-08 06:15:37,313 - 1495890 - piper.organizer - ERROR - []
2025-09-08 06:15:37,314 - 1495890 - piper.organizer - ERROR - []
2025-09-08 06:15:37,314 - 1495890 - piper.organizer - ERROR - []
2025-09-08 06:15:37,314 - 1495890 - piper.organizer - ERROR - []
2025-09-08 06:15:37,314 - 1495890 - piper.organizer - ERROR - []
2025-09-08 06:15:37,314 - 1495890 - piper.organizer - ERROR - []
2025-09-08 06:15:37,314 - 1495890 - piper.organizer - ERROR - []
2025-09-08 06:15:37,314 - 1495890 - piper.organizer - ERROR - []
2025-09-08 06:15:37,317 - 1495530 - piper.organizer - INFO - Monitoring process with target PipelineOrganizer.execute and pid 1495890
2025-09-08 06:15:37,318 - 1495890 - piper.organizer - ERROR - []
2025-09-08 06:15:37,319 - 1495890 - piper.organizer - ERROR - []
2025-09-08 06:15:37,319 - 1495890 - piper.organizer - ERROR - []
2025-09-08 06:15:37,321 - 1495890 - piper.organizer - ERROR - []
2025-09-08 06:15:37,321 - 1495890 - piper.organizer - ERROR - []
2025-09-08 06:15:37,321 - 1495890 - piper.organizer - ERROR - []
2025-09-08 06:15:37,321 - 1495890 - piper.organizer - ERROR - []
2025-09-08 06:15:37,321 - 1495890 - piper.organizer - ERROR - []
2025-09-08 06:15:37,323 - 1495890 - piper.organizer - ERROR - []
2025-09-08 06:15:37,323 - 1495890 - piper.organizer - ERROR - []
2025-09-08 06:15:37,324 - 1495890 - piper.organizer - ERROR - []
2025-09-08 06:15:37,324 - 1495890 - piper.organizer - ERROR - []
2025-09-08 06:15:37,325 - 1495890 - piper.organizer - ERROR - []
2025-09-08 06:15:37,325 - 1495890 - piper.organizer - ERROR - []
2025-09-08 06:15:37,325 - 1495890 - piper.organizer - ERROR - []
2025-09-08 06:15:37,325 - 1495890 - piper.organizer - ERROR - []
2025-09-08 06:15:37,329 - 1495890 - piper.organizer - ERROR - []
2025-09-08 06:15:37,330 - 1495890 - piper.organizer - ERROR - []
2025-09-08 06:15:37,330 - 1495890 - piper.organizer - ERROR - []
2025-09-08 06:15:37,330 - 1495890 - piper.organizer - ERROR - []
2025-09-08 06:15:37,335 - 1495890 - piper.organizer - ERROR - []
2025-09-08 06:15:37,335 - 1495890 - piper.organizer - ERROR - []
2025-09-08 06:15:37,336 - 1495890 - piper.organizer - ERROR - []
2025-09-08 06:15:37,336 - 1495890 - piper.organizer - ERROR - []
2025-09-08 06:15:37,337 - 1495890 - piper.organizer - ERROR - []
2025-09-08 06:15:37,337 - 1495890 - piper.organizer - ERROR - []
2025-09-08 06:15:37,337 - 1495890 - piper.organizer - ERROR - []
2025-09-08 06:15:37,343 - 1495890 - piper.organizer - ERROR - []
2025-09-08 06:15:37,343 - 1495890 - piper.organizer - ERROR - []
2025-09-08 06:15:37,344 - 1495890 - piper.organizer - ERROR - []
2025-09-08 06:15:37,347 - 1495890 - piper.organizer - ERROR - []
2025-09-08 06:15:37,349 - 1495890 - piper.organizer - ERROR - []
2025-09-08 06:15:37,351 - 1495890 - piper.organizer - ERROR - []
2025-09-08 06:15:37,351 - 1495890 - piper.organizer - ERROR - []
2025-09-08 06:15:37,351 - 1495890 - piper.organizer - ERROR - []
2025-09-08 06:15:37,354 - 1495890 - piper.organizer - ERROR - []
2025-09-08 06:15:37,354 - 1495890 - piper.organizer - ERROR - []
2025-09-08 06:15:37,355 - 1495890 - piper.organizer - ERROR - []
2025-09-08 06:15:37,355 - 1495890 - piper.organizer - ERROR - []
2025-09-08 06:15:37,355 - 1495890 - piper.organizer - ERROR - []
2025-09-08 06:15:37,355 - 1495890 - piper.organizer - ERROR - []
2025-09-08 06:15:37,361 - 1495890 - piper.organizer - ERROR - []
2025-09-08 06:15:37,362 - 1495890 - piper.organizer - ERROR - []
2025-09-08 06:15:37,371 - 1495890 - piper.organizer - ERROR - []
2025-09-08 06:15:37,381 - 1495890 - piper.organizer - ERROR - []
2025-09-08 06:15:37,382 - 1495890 - piper.organizer - ERROR - []
2025-09-08 06:15:37,383 - 1495890 - piper.organizer - ERROR - []
2025-09-08 06:15:37,383 - 1495890 - piper.organizer - ERROR - []
2025-09-08 06:15:37,383 - 1495890 - piper.organizer - ERROR - []
2025-09-08 06:15:37,383 - 1495890 - piper.organizer - ERROR - []
2025-09-08 06:15:37,383 - 1495890 - piper.organizer - ERROR - []
2025-09-08 06:15:37,384 - 1495890 - piper.organizer - ERROR - []
2025-09-08 06:15:37,384 - 1495890 - piper.organizer - ERROR - []
2025-09-08 06:15:37,384 - 1495890 - piper.organizer - ERROR - []
2025-09-08 06:15:37,384 - 1495890 - piper.organizer - ERROR - []
2025-09-08 06:15:37,387 - 1495890 - piper.organizer - ERROR - []
2025-09-08 06:15:37,387 - 1495890 - piper.organizer - ERROR - []
2025-09-08 06:15:37,388 - 1495890 - piper.organizer - ERROR - []
2025-09-08 06:15:37,388 - 1495890 - piper.organizer - ERROR - []
2025-09-08 06:15:37,389 - 1495890 - piper.organizer - ERROR - []
2025-09-08 06:15:37,389 - 1495890 - piper.organizer - ERROR - []
2025-09-08 06:15:37,390 - 1495890 - piper.organizer - ERROR - []
2025-09-08 06:15:37,390 - 1495890 - piper.organizer - ERROR - []
2025-09-08 06:15:37,391 - 1495890 - piper.organizer - ERROR - []
2025-09-08 06:15:37,391 - 1495890 - piper.organizer - ERROR - []
2025-09-08 06:15:37,392 - 1495890 - piper.organizer - ERROR - []
2025-09-08 06:15:37,393 - 1495890 - piper.organizer - ERROR - []
2025-09-08 06:15:37,394 - 1495890 - piper.organizer - ERROR - []
2025-09-08 06:15:37,394 - 1495890 - piper.organizer - ERROR - []
2025-09-08 06:15:37,394 - 1495890 - piper.organizer - ERROR - []
2025-09-08 06:15:37,394 - 1495890 - piper.organizer - ERROR - []
2025-09-08 06:15:37,394 - 1495890 - piper.organizer - ERROR - []
2025-09-08 06:15:37,394 - 1495890 - piper.organizer - ERROR - []
2025-09-08 06:15:37,395 - 1495890 - piper.organizer - ERROR - []
2025-09-08 06:15:37,404 - 1495890 - piper.organizer - ERROR - []
2025-09-08 06:15:37,404 - 1495890 - piper.organizer - ERROR - []
2025-09-08 06:15:37,405 - 1495890 - piper.organizer - ERROR - []
2025-09-08 06:15:37,406 - 1495890 - piper.organizer - ERROR - []
2025-09-08 06:15:37,406 - 1495890 - piper.organizer - ERROR - []
2025-09-08 06:15:37,407 - 1495890 - piper.organizer - ERROR - []
2025-09-08 06:15:37,408 - 1495890 - piper.organizer - ERROR - []
2025-09-08 06:15:37,408 - 1495890 - piper.organizer - ERROR - []
2025-09-08 06:15:37,408 - 1495890 - piper.organizer - ERROR - []
2025-09-08 06:15:37,408 - 1495890 - piper.organizer - ERROR - []
2025-09-08 06:15:37,408 - 1495890 - piper.organizer - ERROR - []
2025-09-08 06:15:37,411 - 1495890 - piper.organizer - ERROR - []
2025-09-08 06:15:37,411 - 1495890 - piper.organizer - ERROR - []
2025-09-08 06:15:37,411 - 1495890 - piper.organizer - ERROR - []
2025-09-08 06:15:37,412 - 1495890 - piper.organizer - ERROR - []
2025-09-08 06:15:37,412 - 1495890 - piper.organizer - ERROR - []
2025-09-08 06:15:37,413 - 1495890 - piper.organizer - ERROR - []
2025-09-08 06:15:37,413 - 1495890 - piper.organizer - ERROR - []
2025-09-08 06:15:37,414 - 1495890 - piper.organizer - ERROR - []
2025-09-08 06:15:37,414 - 1495890 - piper.organizer - ERROR - []
2025-09-08 06:15:37,415 - 1495890 - piper.organizer - ERROR - []
2025-09-08 06:15:37,415 - 1495890 - piper.organizer - ERROR - []
2025-09-08 06:15:37,415 - 1495890 - piper.organizer - ERROR - []
2025-09-08 06:15:37,415 - 1495890 - piper.organizer - ERROR - []
2025-09-08 06:15:37,417 - 1495890 - piper.organizer - ERROR - []
2025-09-08 06:15:37,417 - 1495890 - piper.organizer - ERROR - []
2025-09-08 06:15:37,418 - 1495890 - piper.organizer - ERROR - []
2025-09-08 06:15:37,418 - 1495890 - piper.organizer - ERROR - []
2025-09-08 06:15:37,419 - 1495890 - piper.organizer - ERROR - []
2025-09-08 06:15:37,419 - 1495890 - piper.organizer - ERROR - []
2025-09-08 06:15:37,420 - 1495890 - piper.organizer - ERROR - []
2025-09-08 06:15:37,422 - 1495890 - piper.organizer - ERROR - []
2025-09-08 06:15:37,422 - 1495890 - piper.organizer - ERROR - []
2025-09-08 06:15:37,423 - 1495890 - piper.organizer - ERROR - []
2025-09-08 06:15:37,423 - 1495890 - piper.organizer - ERROR - []
2025-09-08 06:15:37,423 - 1495890 - piper.organizer - ERROR - []
2025-09-08 06:15:37,424 - 1495890 - piper.organizer - ERROR - []
2025-09-08 06:15:37,424 - 1495890 - piper.organizer - ERROR - []
2025-09-08 06:15:37,425 - 1495890 - piper.organizer - ERROR - []
2025-09-08 06:15:37,425 - 1495890 - piper.organizer - ERROR - []
2025-09-08 06:15:37,426 - 1495890 - piper.organizer - ERROR - []
2025-09-08 06:15:37,426 - 1495890 - piper.organizer - ERROR - []
2025-09-08 06:15:37,427 - 1495890 - piper.organizer - ERROR - []
2025-09-08 06:15:37,427 - 1495890 - piper.organizer - ERROR - []
2025-09-08 06:15:37,427 - 1495890 - piper.organizer - ERROR - []
2025-09-08 06:15:37,428 - 1495890 - piper.organizer - ERROR - []
2025-09-08 06:15:37,428 - 1495890 - piper.organizer - ERROR - []
2025-09-08 06:15:37,428 - 1495890 - piper.organizer - ERROR - []
2025-09-08 06:15:37,428 - 1495890 - piper.organizer - ERROR - []
2025-09-08 06:15:37,429 - 1495890 - piper.organizer - ERROR - []
2025-09-08 06:15:37,430 - 1495890 - piper.organizer - ERROR - []
2025-09-08 06:15:37,430 - 1495890 - piper.organizer - ERROR - []
2025-09-08 06:15:37,430 - 1495890 - piper.organizer - ERROR - []
2025-09-08 06:15:37,431 - 1495890 - piper.organizer - ERROR - []
2025-09-08 06:15:37,433 - 1495890 - piper.organizer - ERROR - []
2025-09-08 06:15:37,433 - 1495890 - piper.organizer - ERROR - []
2025-09-08 06:15:37,434 - 1495890 - piper.organizer - ERROR - []
2025-09-08 06:15:37,434 - 1495890 - piper.organizer - ERROR - []
2025-09-08 06:15:37,434 - 1495890 - piper.organizer - ERROR - []
2025-09-08 06:15:37,435 - 1495890 - piper.organizer - ERROR - []
2025-09-08 06:15:37,435 - 1495890 - piper.organizer - ERROR - []
2025-09-08 06:15:37,436 - 1495890 - piper.organizer - ERROR - []
2025-09-08 06:15:37,436 - 1495890 - piper.organizer - ERROR - []
2025-09-08 06:15:37,437 - 1495890 - piper.organizer - ERROR - []
2025-09-08 06:15:37,437 - 1495890 - piper.organizer - ERROR - []
2025-09-08 06:15:37,437 - 1495890 - piper.organizer - ERROR - []
2025-09-08 06:15:37,438 - 1495890 - piper.organizer - ERROR - []
2025-09-08 06:15:37,439 - 1495890 - piper.organizer - ERROR - []
2025-09-08 06:15:37,440 - 1495890 - piper.organizer - ERROR - []
2025-09-08 06:15:37,440 - 1495890 - piper.organizer - ERROR - []
2025-09-08 06:15:37,440 - 1495890 - piper.organizer - ERROR - []
2025-09-08 06:15:37,440 - 1495890 - piper.organizer - ERROR - []
2025-09-08 06:15:37,441 - 1495890 - piper.organizer - ERROR - []
2025-09-08 06:15:37,441 - 1495890 - piper.organizer - ERROR - []
2025-09-08 06:15:37,441 - 1495890 - piper.organizer - ERROR - []
2025-09-08 06:15:37,442 - 1495890 - piper.organizer - ERROR - []
2025-09-08 06:15:37,442 - 1495890 - piper.organizer - ERROR - []
2025-09-08 06:15:37,443 - 1495890 - piper.organizer - ERROR - []
2025-09-08 06:15:37,443 - 1495890 - piper.organizer - ERROR - []
2025-09-08 06:15:37,444 - 1495890 - piper.organizer - ERROR - []
2025-09-08 06:15:37,445 - 1495890 - piper.organizer - ERROR - []
2025-09-08 06:15:37,446 - 1495890 - piper.organizer - ERROR - []
2025-09-08 06:15:37,446 - 1495890 - piper.organizer - ERROR - []
2025-09-08 06:15:37,446 - 1495890 - piper.organizer - ERROR - []
2025-09-08 06:15:37,446 - 1495890 - piper.organizer - ERROR - []
2025-09-08 06:15:37,446 - 1495890 - piper.organizer - ERROR - []
2025-09-08 06:15:37,447 - 1495890 - piper.organizer - ERROR - []
2025-09-08 06:15:37,447 - 1495890 - piper.organizer - ERROR - []
2025-09-08 06:15:37,450 - 1495890 - piper.organizer - ERROR - []
2025-09-08 06:15:37,450 - 1495890 - piper.organizer - ERROR - []
2025-09-08 06:15:37,450 - 1495890 - piper.organizer - ERROR - []
2025-09-08 06:15:37,451 - 1495890 - piper.organizer - ERROR - []
2025-09-08 06:15:37,451 - 1495890 - piper.organizer - ERROR - []
2025-09-08 06:15:37,451 - 1495890 - piper.organizer - ERROR - []
2025-09-08 06:15:37,451 - 1495890 - piper.organizer - ERROR - []
2025-09-08 06:15:37,452 - 1495890 - piper.organizer - ERROR - []
2025-09-08 06:15:37,452 - 1495890 - piper.organizer - ERROR - []
2025-09-08 06:15:37,453 - 1495890 - piper.organizer - ERROR - []
2025-09-08 06:15:37,453 - 1495890 - piper.organizer - ERROR - []
2025-09-08 06:15:37,453 - 1495890 - piper.organizer - ERROR - []
2025-09-08 06:15:37,453 - 1495890 - piper.organizer - ERROR - []
2025-09-08 06:15:37,454 - 1495890 - piper.organizer - ERROR - []
2025-09-08 06:15:37,454 - 1495890 - piper.organizer - ERROR - []
2025-09-08 06:15:37,455 - 1495890 - piper.organizer - ERROR - []
2025-09-08 06:15:37,455 - 1495890 - piper.organizer - ERROR - []
2025-09-08 06:15:37,456 - 1495890 - piper.organizer - ERROR - []
2025-09-08 06:15:37,456 - 1495890 - piper.organizer - ERROR - []
2025-09-08 06:15:37,456 - 1495890 - piper.organizer - ERROR - []
2025-09-08 06:15:37,458 - 1495890 - piper.organizer - ERROR - []
2025-09-08 06:15:37,458 - 1495890 - piper.organizer - ERROR - []
2025-09-08 06:15:37,458 - 1495890 - piper.organizer - ERROR - []
2025-09-08 06:15:37,461 - 1495890 - piper.organizer - ERROR - []
2025-09-08 06:15:37,461 - 1495890 - piper.organizer - ERROR - []
2025-09-08 06:15:37,462 - 1495890 - piper.organizer - ERROR - []
2025-09-08 06:15:37,462 - 1495890 - piper.organizer - ERROR - []
2025-09-08 06:15:37,462 - 1495890 - piper.organizer - ERROR - []
2025-09-08 06:15:37,463 - 1495890 - piper.organizer - ERROR - []
2025-09-08 06:15:37,464 - 1495890 - piper.organizer - ERROR - []
2025-09-08 06:15:37,464 - 1495890 - piper.organizer - ERROR - []
2025-09-08 06:15:37,465 - 1495890 - piper.organizer - ERROR - []
2025-09-08 06:15:37,467 - 1495890 - piper.organizer - ERROR - []
2025-09-08 06:15:37,467 - 1495890 - piper.organizer - ERROR - []
2025-09-08 06:15:37,467 - 1495890 - piper.organizer - ERROR - []
2025-09-08 06:15:37,470 - 1495890 - piper.organizer - ERROR - []
2025-09-08 06:15:37,470 - 1495890 - piper.organizer - ERROR - []
2025-09-08 06:15:37,471 - 1495890 - piper.organizer - ERROR - []
2025-09-08 06:15:37,471 - 1495890 - piper.organizer - ERROR - []
2025-09-08 06:15:37,471 - 1495890 - piper.organizer - ERROR - []
2025-09-08 06:15:37,472 - 1495890 - piper.organizer - ERROR - []
2025-09-08 06:15:37,472 - 1495890 - piper.organizer - ERROR - []
2025-09-08 06:15:37,473 - 1495890 - piper.organizer - ERROR - []
2025-09-08 06:15:37,473 - 1495890 - piper.organizer - ERROR - []
2025-09-08 06:15:37,473 - 1495890 - piper.organizer - ERROR - []
2025-09-08 06:15:37,473 - 1495890 - piper.organizer - ERROR - []
2025-09-08 06:15:37,475 - 1495890 - piper.organizer - ERROR - []
2025-09-08 06:15:37,475 - 1495890 - piper.organizer - ERROR - []
2025-09-08 06:15:37,476 - 1495890 - piper.organizer - ERROR - []
2025-09-08 06:15:37,476 - 1495890 - piper.organizer - ERROR - []
2025-09-08 06:15:37,477 - 1495890 - piper.organizer - ERROR - []
2025-09-08 06:15:37,477 - 1495890 - piper.organizer - ERROR - []
2025-09-08 06:15:37,478 - 1495890 - piper.organizer - ERROR - []
2025-09-08 06:15:37,479 - 1495890 - piper.organizer - ERROR - []
2025-09-08 06:15:37,479 - 1495890 - piper.organizer - ERROR - []
2025-09-08 06:15:37,479 - 1495890 - piper.organizer - ERROR - []
2025-09-08 06:15:37,480 - 1495890 - piper.organizer - ERROR - []
2025-09-08 06:15:37,480 - 1495890 - piper.organizer - ERROR - []
2025-09-08 06:15:37,481 - 1495890 - piper.organizer - ERROR - []
2025-09-08 06:15:37,481 - 1495890 - piper.organizer - ERROR - []
2025-09-08 06:15:37,484 - 1495890 - piper.organizer - ERROR - []
2025-09-08 06:15:37,484 - 1495890 - piper.organizer - ERROR - []
2025-09-08 06:15:37,485 - 1495890 - piper.organizer - ERROR - []
2025-09-08 06:15:37,486 - 1495890 - piper.organizer - ERROR - []
2025-09-08 06:15:37,486 - 1495890 - piper.organizer - ERROR - []
2025-09-08 06:15:37,487 - 1495890 - piper.organizer - ERROR - []
2025-09-08 06:15:37,487 - 1495890 - piper.organizer - ERROR - []
2025-09-08 06:15:37,488 - 1495890 - piper.organizer - ERROR - []
2025-09-08 06:15:37,488 - 1495890 - piper.organizer - ERROR - []
2025-09-08 06:15:37,490 - 1495890 - piper.organizer - ERROR - []
2025-09-08 06:15:37,490 - 1495890 - piper.organizer - ERROR - []
2025-09-08 06:15:37,490 - 1495890 - piper.organizer - ERROR - []
2025-09-08 06:15:37,490 - 1495890 - piper.organizer - ERROR - []
2025-09-08 06:15:37,492 - 1495890 - piper.organizer - ERROR - []
2025-09-08 06:15:37,494 - 1495890 - piper.organizer - ERROR - []
2025-09-08 06:15:37,495 - 1495890 - piper.organizer - ERROR - []
2025-09-08 06:15:37,497 - 1495890 - piper.organizer - ERROR - []
2025-09-08 06:15:37,498 - 1495890 - piper.organizer - ERROR - []
2025-09-08 06:15:37,498 - 1495890 - piper.organizer - ERROR - []
2025-09-08 06:15:37,500 - 1495890 - piper.organizer - ERROR - []
2025-09-08 06:15:37,501 - 1495890 - piper.organizer - ERROR - []
2025-09-08 06:15:37,502 - 1495890 - piper.organizer - ERROR - []
2025-09-08 06:15:37,502 - 1495890 - piper.organizer - ERROR - []
2025-09-08 06:15:37,502 - 1495890 - piper.organizer - ERROR - []
2025-09-08 06:15:37,502 - 1495890 - piper.organizer - ERROR - []
2025-09-08 06:15:37,505 - 1495890 - piper.organizer - ERROR - []
2025-09-08 06:15:37,506 - 1495890 - piper.organizer - ERROR - []
2025-09-08 06:15:37,507 - 1495890 - piper.organizer - ERROR - []
2025-09-08 06:15:37,507 - 1495890 - piper.organizer - ERROR - []
2025-09-08 06:15:37,507 - 1495890 - piper.organizer - ERROR - []
2025-09-08 06:15:37,508 - 1495890 - piper.organizer - ERROR - []
2025-09-08 06:15:37,508 - 1495890 - piper.organizer - ERROR - []
2025-09-08 06:15:37,508 - 1495890 - piper.organizer - ERROR - []
2025-09-08 06:15:37,509 - 1495890 - piper.organizer - ERROR - []
2025-09-08 06:15:37,511 - 1495890 - piper.organizer - ERROR - []
2025-09-08 06:15:37,511 - 1495890 - piper.organizer - ERROR - []
2025-09-08 06:15:37,512 - 1495890 - piper.organizer - ERROR - []
2025-09-08 06:15:37,512 - 1495890 - piper.organizer - ERROR - []
2025-09-08 06:15:37,512 - 1495890 - piper.organizer - ERROR - []
2025-09-08 06:15:37,512 - 1495890 - piper.organizer - ERROR - []
2025-09-08 06:15:37,513 - 1495890 - piper.organizer - ERROR - []
2025-09-08 06:15:37,513 - 1495890 - piper.organizer - ERROR - []
2025-09-08 06:15:37,513 - 1495890 - piper.organizer - ERROR - []
2025-09-08 06:15:37,514 - 1495890 - piper.organizer - ERROR - []
2025-09-08 06:15:37,514 - 1495890 - piper.organizer - ERROR - []
2025-09-08 06:15:37,518 - 1495890 - piper.organizer - ERROR - []
2025-09-08 06:15:37,519 - 1495890 - piper.organizer - ERROR - []
2025-09-08 06:15:37,519 - 1495890 - piper.organizer - ERROR - []
2025-09-08 06:15:37,519 - 1495890 - piper.organizer - ERROR - []
2025-09-08 06:15:37,520 - 1495890 - piper.organizer - ERROR - []
2025-09-08 06:15:37,520 - 1495890 - piper.organizer - ERROR - []
2025-09-08 06:15:37,521 - 1495890 - piper.organizer - ERROR - []
2025-09-08 06:15:37,521 - 1495890 - piper.organizer - ERROR - []
2025-09-08 06:15:37,521 - 1495890 - piper.organizer - ERROR - []
2025-09-08 06:15:37,522 - 1495890 - piper.organizer - ERROR - []
2025-09-08 06:15:37,522 - 1495890 - piper.organizer - ERROR - []
2025-09-08 06:15:37,523 - 1495890 - piper.organizer - ERROR - []
2025-09-08 06:15:37,523 - 1495890 - piper.organizer - ERROR - []
2025-09-08 06:15:37,523 - 1495890 - piper.organizer - ERROR - []
2025-09-08 06:15:37,524 - 1495890 - piper.organizer - ERROR - []
2025-09-08 06:15:37,524 - 1495890 - piper.organizer - ERROR - []
2025-09-08 06:15:37,524 - 1495890 - piper.organizer - ERROR - []
2025-09-08 06:15:37,525 - 1495890 - piper.organizer - ERROR - []
2025-09-08 06:15:37,525 - 1495890 - piper.organizer - ERROR - []
2025-09-08 06:15:37,525 - 1495890 - piper.organizer - ERROR - []
2025-09-08 06:15:37,525 - 1495890 - piper.organizer - ERROR - []
2025-09-08 06:15:37,529 - 1495890 - piper.organizer - ERROR - []
2025-09-08 06:15:37,530 - 1495890 - piper.organizer - ERROR - []
2025-09-08 06:15:37,530 - 1495890 - piper.organizer - ERROR - []
2025-09-08 06:15:37,530 - 1495890 - piper.organizer - ERROR - []
2025-09-08 06:15:37,531 - 1495890 - piper.organizer - ERROR - []
2025-09-08 06:15:37,531 - 1495890 - piper.organizer - ERROR - []
2025-09-08 06:15:37,531 - 1495890 - piper.organizer - ERROR - []
2025-09-08 06:15:37,532 - 1495890 - piper.organizer - ERROR - []
2025-09-08 06:15:37,532 - 1495890 - piper.organizer - ERROR - []
2025-09-08 06:15:37,533 - 1495890 - piper.organizer - ERROR - []
2025-09-08 06:15:37,533 - 1495890 - piper.organizer - ERROR - []
2025-09-08 06:15:37,533 - 1495890 - piper.organizer - ERROR - []
2025-09-08 06:15:37,534 - 1495890 - piper.organizer - ERROR - []
2025-09-08 06:15:37,534 - 1495890 - piper.organizer - ERROR - []
2025-09-08 06:15:37,534 - 1495890 - piper.organizer - ERROR - []
2025-09-08 06:15:37,534 - 1495890 - piper.organizer - ERROR - []
2025-09-08 06:15:37,535 - 1495890 - piper.organizer - ERROR - []
2025-09-08 06:15:37,535 - 1495890 - piper.organizer - ERROR - []
2025-09-08 06:15:37,536 - 1495890 - piper.organizer - ERROR - []
2025-09-08 06:15:37,537 - 1495890 - piper.organizer - ERROR - []
2025-09-08 06:15:37,537 - 1495890 - piper.organizer - ERROR - []
2025-09-08 06:15:37,538 - 1495890 - piper.organizer - ERROR - []
2025-09-08 06:15:37,540 - 1495890 - piper.organizer - ERROR - []
2025-09-08 06:15:37,541 - 1495890 - piper.organizer - ERROR - []
2025-09-08 06:15:37,541 - 1495890 - piper.organizer - ERROR - []
2025-09-08 06:15:37,541 - 1495890 - piper.organizer - ERROR - []
2025-09-08 06:15:37,542 - 1495890 - piper.organizer - ERROR - []
2025-09-08 06:15:37,542 - 1495890 - piper.organizer - ERROR - []
2025-09-08 06:15:37,545 - 1495890 - piper.organizer - ERROR - []
2025-09-08 06:15:37,546 - 1495890 - piper.organizer - ERROR - []
2025-09-08 06:15:37,546 - 1495890 - piper.organizer - ERROR - []
2025-09-08 06:15:37,546 - 1495890 - piper.organizer - ERROR - []
2025-09-08 06:15:37,547 - 1495890 - piper.organizer - ERROR - []
2025-09-08 06:15:37,547 - 1495890 - piper.organizer - ERROR - []
2025-09-08 06:15:37,552 - 1495890 - piper.organizer - ERROR - []
2025-09-08 06:15:37,552 - 1495890 - piper.organizer - ERROR - []
2025-09-08 06:15:37,554 - 1495890 - piper.organizer - ERROR - []
2025-09-08 06:15:37,554 - 1495890 - piper.organizer - ERROR - []
2025-09-08 06:15:37,554 - 1495890 - piper.organizer - ERROR - []
2025-09-08 06:15:37,555 - 1495890 - piper.organizer - ERROR - []
2025-09-08 06:15:37,555 - 1495890 - piper.organizer - ERROR - []
2025-09-08 06:15:37,555 - 1495890 - piper.organizer - ERROR - []
2025-09-08 06:15:37,556 - 1495890 - piper.organizer - ERROR - []
2025-09-08 06:15:37,556 - 1495890 - piper.organizer - ERROR - []
2025-09-08 06:15:37,560 - 1495890 - piper.organizer - ERROR - []
2025-09-08 06:15:37,561 - 1495890 - piper.organizer - ERROR - []
2025-09-08 06:15:37,561 - 1495890 - piper.organizer - ERROR - []
2025-09-08 06:15:37,562 - 1495890 - piper.organizer - ERROR - []
2025-09-08 06:15:37,562 - 1495890 - piper.organizer - ERROR - []
2025-09-08 06:15:37,562 - 1495890 - piper.organizer - ERROR - []
2025-09-08 06:15:37,563 - 1495890 - piper.organizer - ERROR - []
2025-09-08 06:15:37,563 - 1495890 - piper.organizer - ERROR - []
2025-09-08 06:15:37,563 - 1495890 - piper.organizer - ERROR - []
2025-09-08 06:15:37,564 - 1495890 - piper.organizer - ERROR - []
2025-09-08 06:15:37,565 - 1495890 - piper.organizer - ERROR - []
2025-09-08 06:15:37,565 - 1495890 - piper.organizer - ERROR - []
2025-09-08 06:15:37,565 - 1495890 - piper.organizer - ERROR - []
2025-09-08 06:15:37,567 - 1495890 - piper.organizer - ERROR - []
2025-09-08 06:15:37,573 - 1495890 - piper.organizer - ERROR - []
2025-09-08 06:15:37,573 - 1495890 - piper.organizer - ERROR - []
2025-09-08 06:15:37,576 - 1495890 - piper.organizer - ERROR - []
2025-09-08 06:15:37,576 - 1495890 - piper.organizer - ERROR - []
2025-09-08 06:15:37,576 - 1495890 - piper.organizer - ERROR - []
2025-09-08 06:15:37,576 - 1495890 - piper.organizer - ERROR - []
2025-09-08 06:15:37,577 - 1495890 - piper.organizer - ERROR - []
2025-09-08 06:15:37,577 - 1495890 - piper.organizer - ERROR - []
2025-09-08 06:15:37,578 - 1495890 - piper.organizer - ERROR - []
2025-09-08 06:15:37,578 - 1495890 - piper.organizer - ERROR - []
2025-09-08 06:15:37,578 - 1495890 - piper.organizer - ERROR - []
2025-09-08 06:15:37,579 - 1495890 - piper.organizer - ERROR - []
2025-09-08 06:15:37,580 - 1495890 - piper.organizer - ERROR - []
2025-09-08 06:15:37,580 - 1495890 - piper.organizer - ERROR - []
2025-09-08 06:15:37,580 - 1495890 - piper.organizer - ERROR - []
2025-09-08 06:15:37,580 - 1495890 - piper.organizer - ERROR - []
2025-09-08 06:15:37,580 - 1495890 - piper.organizer - ERROR - []
2025-09-08 06:15:37,580 - 1495890 - piper.organizer - ERROR - []
2025-09-08 06:15:37,582 - 1495890 - piper.organizer - ERROR - []
2025-09-08 06:15:37,582 - 1495890 - piper.organizer - ERROR - []
2025-09-08 06:15:37,586 - 1495890 - piper.organizer - ERROR - []
2025-09-08 06:15:37,586 - 1495890 - piper.organizer - ERROR - []
2025-09-08 06:15:37,587 - 1495890 - piper.organizer - ERROR - []
2025-09-08 06:15:37,587 - 1495890 - piper.organizer - ERROR - []
2025-09-08 06:15:37,588 - 1495890 - piper.organizer - ERROR - []
2025-09-08 06:15:37,589 - 1495890 - piper.organizer - ERROR - []
2025-09-08 06:15:37,589 - 1495890 - piper.organizer - ERROR - []
2025-09-08 06:15:37,589 - 1495890 - piper.organizer - ERROR - []
2025-09-08 06:15:37,589 - 1495890 - piper.organizer - ERROR - []
2025-09-08 06:15:37,590 - 1495890 - piper.organizer - ERROR - []
2025-09-08 06:15:37,590 - 1495890 - piper.organizer - ERROR - []
2025-09-08 06:15:37,590 - 1495890 - piper.organizer - ERROR - []
2025-09-08 06:15:37,593 - 1495890 - piper.organizer - ERROR - []
2025-09-08 06:15:37,593 - 1495890 - piper.organizer - ERROR - []
2025-09-08 06:15:37,594 - 1495890 - piper.organizer - ERROR - []
2025-09-08 06:15:37,594 - 1495890 - piper.organizer - ERROR - []
2025-09-08 06:15:37,594 - 1495890 - piper.organizer - ERROR - []
2025-09-08 06:15:37,594 - 1495890 - piper.organizer - ERROR - []
2025-09-08 06:15:37,596 - 1495890 - piper.organizer - ERROR - []
2025-09-08 06:15:37,596 - 1495890 - piper.organizer - ERROR - []
2025-09-08 06:15:37,597 - 1495890 - piper.organizer - ERROR - []
2025-09-08 06:15:37,598 - 1495890 - piper.organizer - ERROR - []
2025-09-08 06:15:37,598 - 1495890 - piper.organizer - ERROR - []
2025-09-08 06:15:37,598 - 1495890 - piper.organizer - ERROR - []
2025-09-08 06:15:37,599 - 1495890 - piper.organizer - ERROR - []
2025-09-08 06:15:37,599 - 1495890 - piper.organizer - ERROR - []
2025-09-08 06:15:37,599 - 1495890 - piper.organizer - ERROR - []
2025-09-08 06:15:37,600 - 1495890 - piper.organizer - ERROR - []
2025-09-08 06:15:37,600 - 1495890 - piper.organizer - ERROR - []
2025-09-08 06:15:37,603 - 1495890 - piper.organizer - ERROR - []
2025-09-08 06:15:37,604 - 1495890 - piper.organizer - ERROR - []
2025-09-08 06:15:37,604 - 1495890 - piper.organizer - ERROR - []
2025-09-08 06:15:37,604 - 1495890 - piper.organizer - ERROR - []
2025-09-08 06:15:37,605 - 1495890 - piper.organizer - ERROR - []
2025-09-08 06:15:37,605 - 1495890 - piper.organizer - ERROR - []
2025-09-08 06:15:37,605 - 1495890 - piper.organizer - ERROR - []
2025-09-08 06:15:37,606 - 1495890 - piper.organizer - ERROR - []
2025-09-08 06:15:37,607 - 1495890 - piper.organizer - ERROR - []
2025-09-08 06:15:37,608 - 1495890 - piper.organizer - ERROR - []
2025-09-08 06:15:37,608 - 1495890 - piper.organizer - ERROR - []
2025-09-08 06:15:37,608 - 1495890 - piper.organizer - ERROR - []
2025-09-08 06:15:37,609 - 1495890 - piper.organizer - ERROR - []
2025-09-08 06:15:37,609 - 1495890 - piper.organizer - ERROR - []
2025-09-08 06:15:37,610 - 1495890 - piper.organizer - ERROR - []
2025-09-08 06:15:37,610 - 1495890 - piper.organizer - ERROR - []
2025-09-08 06:15:37,611 - 1495890 - piper.organizer - ERROR - []
2025-09-08 06:15:37,611 - 1495890 - piper.organizer - ERROR - []
2025-09-08 06:15:37,611 - 1495890 - piper.organizer - ERROR - []
2025-09-08 06:15:37,612 - 1495890 - piper.organizer - ERROR - []
2025-09-08 06:15:37,612 - 1495890 - piper.organizer - ERROR - []
2025-09-08 06:15:37,614 - 1495890 - piper.organizer - ERROR - []
2025-09-08 06:15:37,614 - 1495890 - piper.organizer - ERROR - []
2025-09-08 06:15:37,614 - 1495890 - piper.organizer - ERROR - []
2025-09-08 06:15:37,615 - 1495890 - piper.organizer - ERROR - []
2025-09-08 06:15:37,615 - 1495890 - piper.organizer - ERROR - []
2025-09-08 06:15:37,616 - 1495890 - piper.organizer - ERROR - []
2025-09-08 06:15:37,616 - 1495890 - piper.organizer - ERROR - []
2025-09-08 06:15:37,616 - 1495890 - piper.organizer - ERROR - []
2025-09-08 06:15:37,616 - 1495890 - piper.organizer - ERROR - []
2025-09-08 06:15:37,616 - 1495890 - piper.organizer - ERROR - []
2025-09-08 06:15:37,617 - 1495890 - piper.organizer - ERROR - []
2025-09-08 06:15:37,617 - 1495890 - piper.organizer - ERROR - []
2025-09-08 06:15:37,618 - 1495890 - piper.organizer - ERROR - []
2025-09-08 06:15:37,618 - 1495890 - piper.organizer - ERROR - []
2025-09-08 06:15:37,619 - 1495890 - piper.organizer - ERROR - []
2025-09-08 06:15:37,619 - 1495890 - piper.organizer - ERROR - []
2025-09-08 06:15:37,619 - 1495890 - piper.organizer - ERROR - []
2025-09-08 06:15:37,619 - 1495890 - piper.organizer - ERROR - []
2025-09-08 06:15:37,619 - 1495890 - piper.organizer - ERROR - []
2025-09-08 06:15:37,620 - 1495890 - piper.organizer - ERROR - []
2025-09-08 06:15:37,620 - 1495890 - piper.organizer - ERROR - []
2025-09-08 06:15:37,620 - 1495890 - piper.organizer - ERROR - []
2025-09-08 06:15:37,641 - 1495890 - piper.organizer - ERROR - []
2025-09-08 06:15:37,642 - 1495890 - piper.organizer - ERROR - []
2025-09-08 06:15:37,642 - 1495890 - piper.organizer - ERROR - []
2025-09-08 06:15:37,643 - 1495890 - piper.organizer - ERROR - []
2025-09-08 06:15:37,643 - 1495890 - piper.organizer - ERROR - []
2025-09-08 06:15:37,643 - 1495890 - piper.organizer - ERROR - []
2025-09-08 06:15:37,643 - 1495890 - piper.organizer - ERROR - []
2025-09-08 06:15:37,644 - 1495890 - piper.organizer - ERROR - []
2025-09-08 06:15:37,644 - 1495890 - piper.organizer - ERROR - []
2025-09-08 06:15:37,654 - 1495890 - piper.organizer - ERROR - []
2025-09-08 06:15:37,654 - 1495890 - piper.organizer - ERROR - []
2025-09-08 06:15:37,655 - 1495890 - piper.organizer - ERROR - []
2025-09-08 06:15:37,655 - 1495890 - piper.organizer - ERROR - []
2025-09-08 06:15:37,655 - 1495890 - piper.organizer - ERROR - []
2025-09-08 06:15:37,655 - 1495890 - piper.organizer - ERROR - []
2025-09-08 06:15:37,656 - 1495890 - piper.organizer - ERROR - []
2025-09-08 06:15:37,656 - 1495890 - piper.organizer - ERROR - []
2025-09-08 06:15:37,656 - 1495890 - piper.organizer - ERROR - []
2025-09-08 06:15:37,656 - 1495890 - piper.organizer - ERROR - []
2025-09-08 06:15:37,657 - 1495890 - piper.organizer - ERROR - []
2025-09-08 06:15:37,657 - 1495890 - piper.organizer - ERROR - []
2025-09-08 06:15:37,657 - 1495890 - piper.organizer - ERROR - []
2025-09-08 06:15:37,658 - 1495890 - piper.organizer - ERROR - []
2025-09-08 06:15:37,658 - 1495890 - piper.organizer - ERROR - []
2025-09-08 06:15:37,659 - 1495890 - piper.organizer - ERROR - []
2025-09-08 06:15:37,659 - 1495890 - piper.organizer - ERROR - []
2025-09-08 06:15:37,659 - 1495890 - piper.organizer - ERROR - []
2025-09-08 06:15:37,659 - 1495890 - piper.organizer - ERROR - []
2025-09-08 06:15:37,659 - 1495890 - piper.organizer - ERROR - []
2025-09-08 06:15:37,659 - 1495890 - piper.organizer - ERROR - []
2025-09-08 06:15:37,660 - 1495890 - piper.organizer - ERROR - []
2025-09-08 06:15:37,660 - 1495890 - piper.organizer - ERROR - []
2025-09-08 06:15:37,660 - 1495890 - piper.organizer - ERROR - []
2025-09-08 06:15:37,666 - 1495890 - piper.organizer - ERROR - []
2025-09-08 06:15:37,666 - 1495890 - piper.organizer - ERROR - []
2025-09-08 06:15:37,666 - 1495890 - piper.organizer - ERROR - []
2025-09-08 06:15:37,666 - 1495890 - piper.organizer - ERROR - []
2025-09-08 06:15:37,667 - 1495890 - piper.organizer - ERROR - []
2025-09-08 06:15:37,667 - 1495890 - piper.organizer - ERROR - []
2025-09-08 06:15:37,667 - 1495890 - piper.organizer - ERROR - []
2025-09-08 06:15:37,668 - 1495890 - piper.organizer - ERROR - []
2025-09-08 06:15:37,668 - 1495890 - piper.organizer - ERROR - []
2025-09-08 06:15:37,680 - 1495890 - piper.organizer - ERROR - []
2025-09-08 06:15:37,680 - 1495890 - piper.organizer - ERROR - []
2025-09-08 06:15:37,681 - 1495890 - piper.organizer - ERROR - []
2025-09-08 06:15:37,682 - 1495890 - piper.organizer - ERROR - []
2025-09-08 06:15:37,683 - 1495890 - piper.organizer - ERROR - []
2025-09-08 06:15:37,683 - 1495890 - piper.organizer - ERROR - []
2025-09-08 06:15:37,683 - 1495890 - piper.organizer - ERROR - []
2025-09-08 06:15:37,683 - 1495890 - piper.organizer - ERROR - []
2025-09-08 06:15:37,697 - 1495890 - piper.organizer - ERROR - []
2025-09-08 06:15:37,698 - 1495890 - piper.organizer - ERROR - []
2025-09-08 06:15:37,698 - 1495890 - piper.organizer - ERROR - []
2025-09-08 06:15:37,698 - 1495890 - piper.organizer - ERROR - []
2025-09-08 06:15:37,698 - 1495890 - piper.organizer - ERROR - []
2025-09-08 06:15:37,702 - 1495890 - piper.organizer - ERROR - []
2025-09-08 06:15:37,703 - 1495890 - piper.organizer - ERROR - []
2025-09-08 06:15:37,704 - 1495890 - piper.organizer - ERROR - []
2025-09-08 06:15:37,704 - 1495890 - piper.organizer - ERROR - []
2025-09-08 06:15:37,704 - 1495890 - piper.organizer - ERROR - []
2025-09-08 06:15:37,721 - 1495890 - piper.organizer - ERROR - []
2025-09-08 06:15:37,722 - 1495890 - piper.organizer - ERROR - []
2025-09-08 06:15:37,722 - 1495890 - piper.organizer - ERROR - []
2025-09-08 06:15:37,723 - 1495890 - piper.organizer - ERROR - []
2025-09-08 06:15:37,723 - 1495890 - piper.organizer - ERROR - []
2025-09-08 06:15:37,724 - 1495890 - piper.organizer - ERROR - []
2025-09-08 06:15:37,724 - 1495890 - piper.organizer - ERROR - []
2025-09-08 06:15:37,725 - 1495890 - piper.organizer - ERROR - []
2025-09-08 06:15:37,725 - 1495890 - piper.organizer - ERROR - []
2025-09-08 06:15:37,726 - 1495890 - piper.organizer - ERROR - []
2025-09-08 06:15:37,726 - 1495890 - piper.organizer - ERROR - []
2025-09-08 06:15:37,726 - 1495890 - piper.organizer - ERROR - []
2025-09-08 06:15:37,727 - 1495890 - piper.organizer - ERROR - []
2025-09-08 06:15:37,727 - 1495890 - piper.organizer - ERROR - []
2025-09-08 06:15:37,728 - 1495890 - piper.organizer - ERROR - []
2025-09-08 06:15:37,728 - 1495890 - piper.organizer - ERROR - []
2025-09-08 06:15:37,729 - 1495890 - piper.organizer - ERROR - []
2025-09-08 06:15:37,729 - 1495890 - piper.organizer - ERROR - []
2025-09-08 06:15:37,730 - 1495890 - piper.organizer - ERROR - []
2025-09-08 06:15:37,730 - 1495890 - piper.organizer - ERROR - []
2025-09-08 06:15:37,730 - 1495890 - piper.organizer - ERROR - []
2025-09-08 06:15:37,730 - 1495890 - piper.organizer - ERROR - []
2025-09-08 06:15:37,731 - 1495890 - piper.organizer - ERROR - []
2025-09-08 06:15:37,731 - 1495890 - piper.organizer - ERROR - []
2025-09-08 06:15:37,732 - 1495890 - piper.organizer - ERROR - []
2025-09-08 06:15:37,732 - 1495890 - piper.organizer - ERROR - []
2025-09-08 06:15:37,741 - 1495890 - piper.organizer - ERROR - []
2025-09-08 06:15:37,741 - 1495890 - piper.organizer - ERROR - []
2025-09-08 06:15:37,741 - 1495890 - piper.organizer - ERROR - []
2025-09-08 06:15:37,742 - 1495890 - piper.organizer - ERROR - []
2025-09-08 06:15:37,742 - 1495890 - piper.organizer - ERROR - []
2025-09-08 06:15:37,748 - 1495890 - piper.organizer - ERROR - []
2025-09-08 06:15:37,748 - 1495890 - piper.organizer - ERROR - []
2025-09-08 06:15:37,749 - 1495890 - piper.organizer - ERROR - []
2025-09-08 06:15:37,749 - 1495890 - piper.organizer - ERROR - []
2025-09-08 06:15:37,749 - 1495890 - piper.organizer - ERROR - []
2025-09-08 06:15:37,750 - 1495890 - piper.organizer - ERROR - []
2025-09-08 06:15:37,750 - 1495890 - piper.organizer - ERROR - []
2025-09-08 06:15:37,750 - 1495890 - piper.organizer - ERROR - []
2025-09-08 06:15:37,750 - 1495890 - piper.organizer - ERROR - []
2025-09-08 06:15:37,751 - 1495890 - piper.organizer - ERROR - []
2025-09-08 06:15:37,751 - 1495890 - piper.organizer - ERROR - []
2025-09-08 06:15:37,752 - 1495890 - piper.organizer - ERROR - []
2025-09-08 06:15:37,752 - 1495890 - piper.organizer - ERROR - []
2025-09-08 06:15:37,753 - 1495890 - piper.organizer - ERROR - []
2025-09-08 06:15:37,753 - 1495890 - piper.organizer - ERROR - []
2025-09-08 06:15:37,754 - 1495890 - piper.organizer - ERROR - []
2025-09-08 06:15:37,754 - 1495890 - piper.organizer - ERROR - []
2025-09-08 06:15:37,754 - 1495890 - piper.organizer - ERROR - []
2025-09-08 06:15:37,754 - 1495890 - piper.organizer - ERROR - []
2025-09-08 06:15:37,771 - 1495890 - piper.organizer - ERROR - []
2025-09-08 06:15:37,771 - 1495890 - piper.organizer - ERROR - []
2025-09-08 06:15:37,772 - 1495890 - piper.organizer - ERROR - []
2025-09-08 06:15:37,777 - 1495890 - piper.organizer - ERROR - []
2025-09-08 06:15:37,777 - 1495890 - piper.organizer - ERROR - []
2025-09-08 06:15:37,781 - 1495890 - piper.organizer - ERROR - []
2025-09-08 06:15:37,782 - 1495890 - piper.organizer - ERROR - []
2025-09-08 06:15:37,783 - 1495890 - piper.organizer - ERROR - []
2025-09-08 06:15:37,783 - 1495890 - piper.organizer - ERROR - []
2025-09-08 06:15:37,784 - 1495890 - piper.organizer - ERROR - []
2025-09-08 06:15:37,784 - 1495890 - piper.organizer - ERROR - []
2025-09-08 06:15:37,784 - 1495890 - piper.organizer - ERROR - []
2025-09-08 06:15:37,784 - 1495890 - piper.organizer - ERROR - []
2025-09-08 06:15:37,791 - 1495890 - piper.organizer - ERROR - []
2025-09-08 06:15:37,791 - 1495890 - piper.organizer - ERROR - []
2025-09-08 06:15:37,792 - 1495890 - piper.organizer - ERROR - []
2025-09-08 06:15:37,792 - 1495890 - piper.organizer - ERROR - []
2025-09-08 06:15:37,792 - 1495890 - piper.organizer - ERROR - []
2025-09-08 06:15:37,796 - 1495890 - piper.organizer - ERROR - []
2025-09-08 06:15:37,803 - 1495890 - piper.organizer - ERROR - []
2025-09-08 06:15:37,806 - 1495890 - piper.organizer - ERROR - []
2025-09-08 06:15:37,806 - 1495890 - piper.organizer - ERROR - []
2025-09-08 06:15:37,809 - 1495890 - piper.organizer - ERROR - []
2025-09-08 06:15:37,809 - 1495890 - piper.organizer - ERROR - []
2025-09-08 06:15:37,809 - 1495890 - piper.organizer - ERROR - []
2025-09-08 06:15:37,810 - 1495890 - piper.organizer - ERROR - []
2025-09-08 06:15:37,811 - 1495890 - piper.organizer - ERROR - []
2025-09-08 06:15:37,811 - 1495890 - piper.organizer - ERROR - []
2025-09-08 06:15:37,813 - 1495890 - piper.organizer - ERROR - []
2025-09-08 06:15:37,818 - 1495890 - piper.organizer - ERROR - []
2025-09-08 06:15:37,818 - 1495890 - piper.organizer - ERROR - []
2025-09-08 06:15:37,819 - 1495890 - piper.organizer - ERROR - []
2025-09-08 06:15:37,819 - 1495890 - piper.organizer - ERROR - []
2025-09-08 06:15:37,819 - 1495890 - piper.organizer - ERROR - []
2025-09-08 06:15:37,819 - 1495890 - piper.organizer - ERROR - []
2025-09-08 06:15:37,820 - 1495890 - piper.organizer - ERROR - []
2025-09-08 06:15:37,820 - 1495890 - piper.organizer - ERROR - []
2025-09-08 06:15:37,820 - 1495890 - piper.organizer - ERROR - []
2025-09-08 06:15:37,821 - 1495890 - piper.organizer - ERROR - []
2025-09-08 06:15:37,821 - 1495890 - piper.organizer - ERROR - []
2025-09-08 06:15:37,821 - 1495890 - piper.organizer - ERROR - []
2025-09-08 06:15:37,821 - 1495890 - piper.organizer - ERROR - []
2025-09-08 06:15:37,824 - 1495890 - piper.organizer - ERROR - []
2025-09-08 06:15:37,827 - 1495890 - piper.organizer - ERROR - []
2025-09-08 06:15:37,827 - 1495890 - piper.organizer - ERROR - []
2025-09-08 06:15:37,827 - 1495890 - piper.organizer - ERROR - []
2025-09-08 06:15:37,828 - 1495890 - piper.organizer - ERROR - []
2025-09-08 06:15:37,828 - 1495890 - piper.organizer - ERROR - []
2025-09-08 06:15:37,828 - 1495890 - piper.organizer - ERROR - []
2025-09-08 06:15:37,828 - 1495890 - piper.organizer - ERROR - []
2025-09-08 06:15:37,832 - 1495890 - piper.organizer - ERROR - []
2025-09-08 06:15:37,832 - 1495890 - piper.organizer - ERROR - []
2025-09-08 06:15:37,833 - 1495890 - piper.organizer - ERROR - []
2025-09-08 06:15:37,833 - 1495890 - piper.organizer - ERROR - []
2025-09-08 06:15:37,833 - 1495890 - piper.organizer - ERROR - []
2025-09-08 06:15:37,833 - 1495890 - piper.organizer - ERROR - []
2025-09-08 06:15:37,835 - 1495890 - piper.organizer - ERROR - []
2025-09-08 06:15:37,835 - 1495890 - piper.organizer - ERROR - []
2025-09-08 06:15:37,835 - 1495890 - piper.organizer - ERROR - []
2025-09-08 06:15:37,835 - 1495890 - piper.organizer - ERROR - []
2025-09-08 06:15:37,835 - 1495890 - piper.organizer - ERROR - []
2025-09-08 06:15:37,837 - 1495890 - piper.organizer - ERROR - []
2025-09-08 06:15:37,838 - 1495890 - piper.organizer - ERROR - []
2025-09-08 06:15:37,838 - 1495890 - piper.organizer - ERROR - []
2025-09-08 06:15:37,838 - 1495890 - piper.organizer - ERROR - []
2025-09-08 06:15:37,838 - 1495890 - piper.organizer - ERROR - []
2025-09-08 06:15:37,841 - 1495890 - piper.organizer - ERROR - []
2025-09-08 06:15:37,842 - 1495890 - piper.organizer - ERROR - []
2025-09-08 06:15:37,843 - 1495890 - piper.organizer - ERROR - []
2025-09-08 06:15:37,843 - 1495890 - piper.organizer - ERROR - []
2025-09-08 06:15:37,844 - 1495890 - piper.organizer - ERROR - []
2025-09-08 06:15:37,844 - 1495890 - piper.organizer - ERROR - []
2025-09-08 06:15:37,844 - 1495890 - piper.organizer - ERROR - []
2025-09-08 06:15:37,844 - 1495890 - piper.organizer - ERROR - []
2025-09-08 06:15:37,844 - 1495890 - piper.organizer - ERROR - []
2025-09-08 06:15:37,845 - 1495890 - piper.organizer - ERROR - []
2025-09-08 06:15:37,845 - 1495890 - piper.organizer - ERROR - []
2025-09-08 06:15:37,846 - 1495890 - piper.organizer - ERROR - []
2025-09-08 06:15:37,855 - 1495890 - piper.organizer - ERROR - []
2025-09-08 06:15:37,855 - 1495890 - piper.organizer - ERROR - []
2025-09-08 06:15:37,856 - 1495890 - piper.organizer - ERROR - []
2025-09-08 06:15:37,857 - 1495890 - piper.organizer - ERROR - []
2025-09-08 06:15:37,857 - 1495890 - piper.organizer - ERROR - []
2025-09-08 06:15:37,858 - 1495890 - piper.organizer - ERROR - []
2025-09-08 06:15:37,858 - 1495890 - piper.organizer - ERROR - []
2025-09-08 06:15:37,858 - 1495890 - piper.organizer - ERROR - []
2025-09-08 06:15:37,858 - 1495890 - piper.organizer - ERROR - []
2025-09-08 06:15:37,858 - 1495890 - piper.organizer - ERROR - []
2025-09-08 06:15:37,859 - 1495890 - piper.organizer - ERROR - []
2025-09-08 06:15:37,859 - 1495890 - piper.organizer - ERROR - []
2025-09-08 06:15:37,860 - 1495890 - piper.organizer - ERROR - []
2025-09-08 06:15:37,860 - 1495890 - piper.organizer - ERROR - []
2025-09-08 06:15:37,861 - 1495890 - piper.organizer - ERROR - []
2025-09-08 06:15:37,861 - 1495890 - piper.organizer - ERROR - []
2025-09-08 06:15:37,861 - 1495890 - piper.organizer - ERROR - []
2025-09-08 06:15:37,862 - 1495890 - piper.organizer - ERROR - []
2025-09-08 06:15:37,862 - 1495890 - piper.organizer - ERROR - []
2025-09-08 06:15:37,862 - 1495890 - piper.organizer - ERROR - []
2025-09-08 06:15:37,863 - 1495890 - piper.organizer - ERROR - []
2025-09-08 06:15:37,871 - 1495890 - piper.organizer - ERROR - []
2025-09-08 06:15:37,871 - 1495890 - piper.organizer - ERROR - []
2025-09-08 06:15:37,871 - 1495890 - piper.organizer - ERROR - []
2025-09-08 06:15:37,872 - 1495890 - piper.organizer - ERROR - []
2025-09-08 06:15:37,872 - 1495890 - piper.organizer - ERROR - []
2025-09-08 06:15:37,878 - 1495890 - piper.organizer - ERROR - []
2025-09-08 06:15:37,878 - 1495890 - piper.organizer - ERROR - []
2025-09-08 06:15:37,879 - 1495890 - piper.organizer - ERROR - []
2025-09-08 06:15:37,879 - 1495890 - piper.organizer - ERROR - []
2025-09-08 06:15:37,880 - 1495890 - piper.organizer - ERROR - []
2025-09-08 06:15:37,881 - 1495890 - piper.organizer - ERROR - []
2025-09-08 06:15:37,881 - 1495890 - piper.organizer - ERROR - []
2025-09-08 06:15:37,881 - 1495890 - piper.organizer - ERROR - []
2025-09-08 06:15:37,882 - 1495890 - piper.organizer - ERROR - []
2025-09-08 06:15:37,882 - 1495890 - piper.organizer - ERROR - []
2025-09-08 06:15:37,882 - 1495890 - piper.organizer - ERROR - []
2025-09-08 06:15:37,885 - 1495890 - piper.organizer - ERROR - []
2025-09-08 06:15:37,886 - 1495890 - piper.organizer - ERROR - []
2025-09-08 06:15:37,887 - 1495890 - piper.organizer - ERROR - []
2025-09-08 06:15:37,887 - 1495890 - piper.organizer - ERROR - []
2025-09-08 06:15:37,888 - 1495890 - piper.organizer - ERROR - []
2025-09-08 06:15:37,888 - 1495890 - piper.organizer - ERROR - []
2025-09-08 06:15:37,889 - 1495890 - piper.organizer - ERROR - []
2025-09-08 06:15:37,890 - 1495890 - piper.organizer - ERROR - []
2025-09-08 06:15:37,890 - 1495890 - piper.organizer - ERROR - []
2025-09-08 06:15:37,890 - 1495890 - piper.organizer - ERROR - []
2025-09-08 06:15:37,891 - 1495890 - piper.organizer - ERROR - []
2025-09-08 06:15:37,891 - 1495890 - piper.organizer - ERROR - []
2025-09-08 06:15:37,893 - 1495890 - piper.organizer - ERROR - []
2025-09-08 06:15:37,893 - 1495890 - piper.organizer - ERROR - []
2025-09-08 06:15:37,894 - 1495890 - piper.organizer - ERROR - []
2025-09-08 06:15:37,894 - 1495890 - piper.organizer - ERROR - []
2025-09-08 06:15:37,894 - 1495890 - piper.organizer - ERROR - []
2025-09-08 06:15:37,894 - 1495890 - piper.organizer - ERROR - []
2025-09-08 06:15:37,894 - 1495890 - piper.organizer - ERROR - []
2025-09-08 06:15:37,894 - 1495890 - piper.organizer - ERROR - []
2025-09-08 06:15:37,894 - 1495890 - piper.organizer - ERROR - []
2025-09-08 06:15:37,894 - 1495890 - piper.organizer - ERROR - []
2025-09-08 06:15:37,899 - 1495890 - piper.organizer - ERROR - []
2025-09-08 06:15:37,900 - 1495890 - piper.organizer - ERROR - []
2025-09-08 06:15:37,900 - 1495890 - piper.organizer - ERROR - []
2025-09-08 06:15:37,901 - 1495890 - piper.organizer - ERROR - []
2025-09-08 06:15:37,901 - 1495890 - piper.organizer - ERROR - []
2025-09-08 06:15:37,901 - 1495890 - piper.organizer - ERROR - []
2025-09-08 06:15:37,902 - 1495890 - piper.organizer - ERROR - []
2025-09-08 06:15:37,906 - 1495890 - piper.organizer - ERROR - []
2025-09-08 06:15:37,906 - 1495890 - piper.organizer - ERROR - []
2025-09-08 06:15:37,907 - 1495890 - piper.organizer - ERROR - []
2025-09-08 06:15:37,907 - 1495890 - piper.organizer - ERROR - []
2025-09-08 06:15:37,907 - 1495890 - piper.organizer - ERROR - []
2025-09-08 06:15:37,908 - 1495890 - piper.organizer - ERROR - []
2025-09-08 06:15:37,908 - 1495890 - piper.organizer - ERROR - []
2025-09-08 06:15:37,908 - 1495890 - piper.organizer - ERROR - []
2025-09-08 06:15:37,909 - 1495890 - piper.organizer - ERROR - []
2025-09-08 06:15:37,909 - 1495890 - piper.organizer - ERROR - []
2025-09-08 06:15:37,909 - 1495890 - piper.organizer - ERROR - []
2025-09-08 06:15:37,910 - 1495890 - piper.organizer - ERROR - []
2025-09-08 06:15:37,911 - 1495890 - piper.organizer - ERROR - []
2025-09-08 06:15:37,911 - 1495890 - piper.organizer - ERROR - []
2025-09-08 06:15:37,911 - 1495890 - piper.organizer - ERROR - []
2025-09-08 06:15:37,911 - 1495890 - piper.organizer - ERROR - []
2025-09-08 06:15:37,912 - 1495890 - piper.organizer - ERROR - []
2025-09-08 06:15:37,912 - 1495890 - piper.organizer - ERROR - []
2025-09-08 06:15:37,913 - 1495890 - piper.organizer - ERROR - []
2025-09-08 06:15:37,913 - 1495890 - piper.organizer - ERROR - []
2025-09-08 06:15:37,913 - 1495890 - piper.organizer - ERROR - []
2025-09-08 06:15:37,914 - 1495890 - piper.organizer - ERROR - []
2025-09-08 06:15:37,914 - 1495890 - piper.organizer - ERROR - []
2025-09-08 06:15:37,914 - 1495890 - piper.organizer - ERROR - []
2025-09-08 06:15:37,915 - 1495890 - piper.organizer - ERROR - []
2025-09-08 06:15:37,916 - 1495890 - piper.organizer - ERROR - []
2025-09-08 06:15:37,917 - 1495890 - piper.organizer - ERROR - []
2025-09-08 06:15:37,917 - 1495890 - piper.organizer - ERROR - []
2025-09-08 06:15:37,918 - 1495890 - piper.organizer - ERROR - []
2025-09-08 06:15:37,918 - 1495890 - piper.organizer - ERROR - []
2025-09-08 06:15:37,919 - 1495890 - piper.organizer - ERROR - []
2025-09-08 06:15:37,919 - 1495890 - piper.organizer - ERROR - []
2025-09-08 06:15:37,920 - 1495890 - piper.organizer - ERROR - []
2025-09-08 06:15:37,920 - 1495890 - piper.organizer - ERROR - []
2025-09-08 06:15:37,923 - 1495890 - piper.organizer - ERROR - []
2025-09-08 06:15:37,923 - 1495890 - piper.organizer - ERROR - []
2025-09-08 06:15:37,924 - 1495890 - piper.organizer - ERROR - []
2025-09-08 06:15:37,924 - 1495890 - piper.organizer - ERROR - []
2025-09-08 06:15:37,925 - 1495890 - piper.organizer - ERROR - []
2025-09-08 06:15:37,925 - 1495890 - piper.organizer - ERROR - []
2025-09-08 06:15:37,926 - 1495890 - piper.organizer - ERROR - []
2025-09-08 06:15:37,926 - 1495890 - piper.organizer - ERROR - []
2025-09-08 06:15:37,927 - 1495890 - piper.organizer - ERROR - []
2025-09-08 06:15:37,928 - 1495890 - piper.organizer - ERROR - []
2025-09-08 06:15:37,929 - 1495890 - piper.organizer - ERROR - []
2025-09-08 06:15:37,929 - 1495890 - piper.organizer - ERROR - []
2025-09-08 06:15:37,929 - 1495890 - piper.organizer - ERROR - []
2025-09-08 06:15:37,930 - 1495890 - piper.organizer - ERROR - []
2025-09-08 06:15:37,930 - 1495890 - piper.organizer - ERROR - []
2025-09-08 06:15:37,930 - 1495890 - piper.organizer - ERROR - []
2025-09-08 06:15:37,931 - 1495890 - piper.organizer - ERROR - []
2025-09-08 06:15:37,931 - 1495890 - piper.organizer - ERROR - []
2025-09-08 06:15:37,932 - 1495890 - piper.organizer - ERROR - []
2025-09-08 06:15:37,932 - 1495890 - piper.organizer - ERROR - []
2025-09-08 06:15:37,932 - 1495890 - piper.organizer - ERROR - []
2025-09-08 06:15:37,932 - 1495890 - piper.organizer - ERROR - []
2025-09-08 06:15:37,933 - 1495890 - piper.organizer - ERROR - []
2025-09-08 06:15:37,933 - 1495890 - piper.organizer - ERROR - []
2025-09-08 06:15:37,934 - 1495890 - piper.organizer - ERROR - []
2025-09-08 06:15:37,934 - 1495890 - piper.organizer - ERROR - []
2025-09-08 06:15:37,935 - 1495890 - piper.organizer - ERROR - []
2025-09-08 06:15:37,935 - 1495890 - piper.organizer - ERROR - []
2025-09-08 06:15:37,935 - 1495890 - piper.organizer - ERROR - []
2025-09-08 06:15:37,936 - 1495890 - piper.organizer - ERROR - []
2025-09-08 06:15:37,936 - 1495890 - piper.organizer - ERROR - []
2025-09-08 06:15:37,936 - 1495890 - piper.organizer - ERROR - []
2025-09-08 06:15:37,937 - 1495890 - piper.organizer - ERROR - []
2025-09-08 06:15:37,937 - 1495890 - piper.organizer - ERROR - []
2025-09-08 06:15:37,938 - 1495890 - piper.organizer - ERROR - []
2025-09-08 06:15:37,939 - 1495890 - piper.organizer - ERROR - []
2025-09-08 06:15:37,939 - 1495890 - piper.organizer - ERROR - []
2025-09-08 06:15:37,939 - 1495890 - piper.organizer - ERROR - []
2025-09-08 06:15:37,940 - 1495890 - piper.organizer - ERROR - []
2025-09-08 06:15:37,940 - 1495890 - piper.organizer - ERROR - []
2025-09-08 06:15:37,940 - 1495890 - piper.organizer - ERROR - []
2025-09-08 06:15:37,941 - 1495890 - piper.organizer - ERROR - []
2025-09-08 06:15:37,941 - 1495890 - piper.organizer - ERROR - []
2025-09-08 06:15:37,941 - 1495890 - piper.organizer - ERROR - []
2025-09-08 06:15:37,942 - 1495890 - piper.organizer - ERROR - []
2025-09-08 06:15:37,942 - 1495890 - piper.organizer - ERROR - []
2025-09-08 06:15:37,942 - 1495890 - piper.organizer - ERROR - []
2025-09-08 06:15:37,942 - 1495890 - piper.organizer - ERROR - []
2025-09-08 06:15:37,942 - 1495890 - piper.organizer - ERROR - []
2025-09-08 06:15:37,943 - 1495890 - piper.organizer - ERROR - []
2025-09-08 06:15:37,943 - 1495890 - piper.organizer - ERROR - []
2025-09-08 06:15:37,943 - 1495890 - piper.organizer - ERROR - []
2025-09-08 06:15:37,944 - 1495890 - piper.organizer - ERROR - []
2025-09-08 06:15:37,944 - 1495890 - piper.organizer - ERROR - []
2025-09-08 06:15:37,944 - 1495890 - piper.organizer - ERROR - []
2025-09-08 06:15:37,945 - 1495890 - piper.organizer - ERROR - []
2025-09-08 06:15:37,945 - 1495890 - piper.organizer - ERROR - []
2025-09-08 06:15:37,945 - 1495890 - piper.organizer - ERROR - []
2025-09-08 06:15:37,946 - 1495890 - piper.organizer - ERROR - []
2025-09-08 06:15:37,946 - 1495890 - piper.organizer - ERROR - []
2025-09-08 06:15:37,946 - 1495890 - piper.organizer - ERROR - []
2025-09-08 06:15:37,947 - 1495890 - piper.organizer - ERROR - []
2025-09-08 06:15:37,947 - 1495890 - piper.organizer - ERROR - []
2025-09-08 06:15:37,948 - 1495890 - piper.organizer - ERROR - []
2025-09-08 06:15:37,948 - 1495890 - piper.organizer - ERROR - []
2025-09-08 06:15:37,948 - 1495890 - piper.organizer - ERROR - []
2025-09-08 06:15:37,948 - 1495890 - piper.organizer - ERROR - []
2025-09-08 06:15:37,949 - 1495890 - piper.organizer - ERROR - []
2025-09-08 06:15:37,949 - 1495890 - piper.organizer - ERROR - []
2025-09-08 06:15:37,950 - 1495890 - piper.organizer - ERROR - []
2025-09-08 06:15:37,950 - 1495890 - piper.organizer - ERROR - []
2025-09-08 06:15:37,951 - 1495890 - piper.organizer - ERROR - []
2025-09-08 06:15:37,951 - 1495890 - piper.organizer - ERROR - []
2025-09-08 06:15:37,951 - 1495890 - piper.organizer - ERROR - []
2025-09-08 06:15:37,952 - 1495890 - piper.organizer - ERROR - []
2025-09-08 06:15:37,952 - 1495890 - piper.organizer - ERROR - []
2025-09-08 06:15:37,952 - 1495890 - piper.organizer - ERROR - []
2025-09-08 06:15:37,952 - 1495890 - piper.organizer - ERROR - []
2025-09-08 06:15:37,964 - 1495890 - piper.organizer - ERROR - []
2025-09-08 06:15:37,966 - 1495890 - piper.organizer - ERROR - []
2025-09-08 06:15:37,967 - 1495890 - piper.organizer - ERROR - []
2025-09-08 06:15:37,980 - 1495890 - piper.organizer - ERROR - []
2025-09-08 06:15:37,982 - 1495890 - piper.organizer - ERROR - []
2025-09-08 06:15:37,982 - 1495890 - piper.organizer - ERROR - []
2025-09-08 06:15:37,982 - 1495890 - piper.organizer - ERROR - []
2025-09-08 06:15:37,982 - 1495890 - piper.organizer - ERROR - []
2025-09-08 06:15:37,983 - 1495890 - piper.organizer - ERROR - []
2025-09-08 06:15:37,983 - 1495890 - piper.organizer - ERROR - []
2025-09-08 06:15:37,983 - 1495890 - piper.organizer - ERROR - []
2025-09-08 06:15:37,984 - 1495890 - piper.organizer - ERROR - []
2025-09-08 06:15:37,984 - 1495890 - piper.organizer - ERROR - []
2025-09-08 06:15:37,984 - 1495890 - piper.organizer - ERROR - []
2025-09-08 06:15:37,987 - 1495890 - piper.organizer - ERROR - []
2025-09-08 06:15:37,987 - 1495890 - piper.organizer - ERROR - []
2025-09-08 06:15:37,987 - 1495890 - piper.organizer - ERROR - []
2025-09-08 06:15:37,987 - 1495890 - piper.organizer - ERROR - []
2025-09-08 06:15:37,987 - 1495890 - piper.organizer - ERROR - []
2025-09-08 06:15:37,988 - 1495890 - piper.organizer - ERROR - []
2025-09-08 06:15:37,988 - 1495890 - piper.organizer - ERROR - []
2025-09-08 06:15:37,988 - 1495890 - piper.organizer - ERROR - []
2025-09-08 06:15:37,997 - 1495890 - piper.organizer - ERROR - []
2025-09-08 06:15:37,997 - 1495890 - piper.organizer - ERROR - []
2025-09-08 06:15:37,998 - 1495890 - piper.organizer - ERROR - []
2025-09-08 06:15:37,998 - 1495890 - piper.organizer - ERROR - []
2025-09-08 06:15:37,998 - 1495890 - piper.organizer - ERROR - []
2025-09-08 06:15:37,998 - 1495890 - piper.organizer - ERROR - []
2025-09-08 06:15:37,999 - 1495890 - piper.organizer - ERROR - []
2025-09-08 06:15:37,999 - 1495890 - piper.organizer - ERROR - []
2025-09-08 06:15:38,000 - 1495890 - piper.organizer - ERROR - []
2025-09-08 06:15:38,000 - 1495890 - piper.organizer - ERROR - []
2025-09-08 06:15:38,001 - 1495890 - piper.organizer - ERROR - []
2025-09-08 06:15:38,001 - 1495890 - piper.organizer - ERROR - []
2025-09-08 06:15:38,001 - 1495890 - piper.organizer - ERROR - []
2025-09-08 06:15:38,002 - 1495890 - piper.organizer - ERROR - []
2025-09-08 06:15:38,002 - 1495890 - piper.organizer - ERROR - []
2025-09-08 06:15:38,002 - 1495890 - piper.organizer - ERROR - []
2025-09-08 06:15:38,003 - 1495890 - piper.organizer - ERROR - []
2025-09-08 06:15:38,003 - 1495890 - piper.organizer - ERROR - []
2025-09-08 06:15:38,003 - 1495890 - piper.organizer - ERROR - []
2025-09-08 06:15:38,004 - 1495890 - piper.organizer - ERROR - []
2025-09-08 06:15:38,004 - 1495890 - piper.organizer - ERROR - []
2025-09-08 06:15:38,004 - 1495890 - piper.organizer - ERROR - []
2025-09-08 06:15:38,005 - 1495890 - piper.organizer - ERROR - []
2025-09-08 06:15:38,005 - 1495890 - piper.organizer - ERROR - []
2025-09-08 06:15:38,006 - 1495890 - piper.organizer - ERROR - []
2025-09-08 06:15:38,006 - 1495890 - piper.organizer - ERROR - []
2025-09-08 06:15:38,006 - 1495890 - piper.organizer - ERROR - []
2025-09-08 06:15:38,006 - 1495890 - piper.organizer - ERROR - []
2025-09-08 06:15:38,007 - 1495890 - piper.organizer - ERROR - []
2025-09-08 06:15:38,007 - 1495890 - piper.organizer - ERROR - []
2025-09-08 06:15:38,009 - 1495890 - piper.organizer - ERROR - []
2025-09-08 06:15:38,010 - 1495890 - piper.organizer - ERROR - []
2025-09-08 06:15:38,010 - 1495890 - piper.organizer - ERROR - []
2025-09-08 06:15:38,010 - 1495890 - piper.organizer - ERROR - []
2025-09-08 06:15:38,011 - 1495890 - piper.organizer - ERROR - []
2025-09-08 06:15:38,011 - 1495890 - piper.organizer - ERROR - []
2025-09-08 06:15:38,011 - 1495890 - piper.organizer - ERROR - []
2025-09-08 06:15:38,011 - 1495890 - piper.organizer - ERROR - []
2025-09-08 06:15:38,012 - 1495890 - piper.organizer - ERROR - []
2025-09-08 06:15:38,012 - 1495890 - piper.organizer - ERROR - []
2025-09-08 06:15:38,016 - 1495890 - piper.organizer - ERROR - []
2025-09-08 06:15:38,017 - 1495890 - piper.organizer - ERROR - []
2025-09-08 06:15:38,017 - 1495890 - piper.organizer - ERROR - []
2025-09-08 06:15:38,017 - 1495890 - piper.organizer - ERROR - []
2025-09-08 06:15:38,018 - 1495890 - piper.organizer - ERROR - []
2025-09-08 06:15:38,018 - 1495890 - piper.organizer - ERROR - []
2025-09-08 06:15:38,018 - 1495890 - piper.organizer - ERROR - []
2025-09-08 06:15:38,019 - 1495890 - piper.organizer - ERROR - []
2025-09-08 06:15:38,019 - 1495890 - piper.organizer - ERROR - []
2025-09-08 06:15:38,019 - 1495890 - piper.organizer - ERROR - []
2025-09-08 06:15:38,020 - 1495890 - piper.organizer - ERROR - []
2025-09-08 06:15:38,020 - 1495890 - piper.organizer - ERROR - []
2025-09-08 06:15:38,021 - 1495890 - piper.organizer - ERROR - []
2025-09-08 06:15:38,021 - 1495890 - piper.organizer - ERROR - []
2025-09-08 06:15:38,021 - 1495890 - piper.organizer - ERROR - []
2025-09-08 06:15:38,022 - 1495890 - piper.organizer - ERROR - []
2025-09-08 06:15:38,022 - 1495890 - piper.organizer - ERROR - []
2025-09-08 06:15:38,022 - 1495890 - piper.organizer - ERROR - []
2025-09-08 06:15:38,023 - 1495890 - piper.organizer - ERROR - []
2025-09-08 06:15:38,023 - 1495890 - piper.organizer - ERROR - []
2025-09-08 06:15:38,026 - 1495890 - piper.organizer - ERROR - []
2025-09-08 06:15:38,026 - 1495890 - piper.organizer - ERROR - []
2025-09-08 06:15:38,027 - 1495890 - piper.organizer - ERROR - []
2025-09-08 06:15:38,027 - 1495890 - piper.organizer - ERROR - []
2025-09-08 06:15:38,027 - 1495890 - piper.organizer - ERROR - []
2025-09-08 06:15:38,027 - 1495890 - piper.organizer - ERROR - []
2025-09-08 06:15:38,028 - 1495890 - piper.organizer - ERROR - []
2025-09-08 06:15:38,028 - 1495890 - piper.organizer - ERROR - []
2025-09-08 06:15:38,028 - 1495890 - piper.organizer - ERROR - []
2025-09-08 06:15:38,029 - 1495890 - piper.organizer - ERROR - []
2025-09-08 06:15:38,029 - 1495890 - piper.organizer - ERROR - []
2025-09-08 06:15:38,030 - 1495890 - piper.organizer - ERROR - []
2025-09-08 06:15:38,030 - 1495890 - piper.organizer - ERROR - []
2025-09-08 06:15:38,030 - 1495890 - piper.organizer - ERROR - []
2025-09-08 06:15:38,031 - 1495890 - piper.organizer - ERROR - []
2025-09-08 06:15:38,031 - 1495890 - piper.organizer - ERROR - []
2025-09-08 06:15:38,031 - 1495890 - piper.organizer - ERROR - []
2025-09-08 06:15:38,032 - 1495890 - piper.organizer - ERROR - []
2025-09-08 06:15:38,032 - 1495890 - piper.organizer - ERROR - []
2025-09-08 06:15:38,032 - 1495890 - piper.organizer - ERROR - []
2025-09-08 06:15:38,033 - 1495890 - piper.organizer - ERROR - []
2025-09-08 06:15:38,033 - 1495890 - piper.organizer - ERROR - []
2025-09-08 06:15:38,033 - 1495890 - piper.organizer - ERROR - []
2025-09-08 06:15:38,034 - 1495890 - piper.organizer - ERROR - []
2025-09-08 06:15:38,034 - 1495890 - piper.organizer - ERROR - []
2025-09-08 06:15:38,035 - 1495890 - piper.organizer - ERROR - []
2025-09-08 06:15:38,035 - 1495890 - piper.organizer - ERROR - []
2025-09-08 06:15:38,036 - 1495890 - piper.organizer - ERROR - []
2025-09-08 06:15:38,036 - 1495890 - piper.organizer - ERROR - []
2025-09-08 06:15:38,036 - 1495890 - piper.organizer - ERROR - []
2025-09-08 06:15:38,037 - 1495890 - piper.organizer - ERROR - []
2025-09-08 06:15:38,037 - 1495890 - piper.organizer - ERROR - []
2025-09-08 06:15:38,038 - 1495890 - piper.organizer - ERROR - []
2025-09-08 06:15:38,039 - 1495890 - piper.organizer - ERROR - []
2025-09-08 06:15:38,039 - 1495890 - piper.organizer - ERROR - []
2025-09-08 06:15:38,039 - 1495890 - piper.organizer - ERROR - []
2025-09-08 06:15:38,039 - 1495890 - piper.organizer - ERROR - []
2025-09-08 06:15:38,040 - 1495890 - piper.organizer - ERROR - []
2025-09-08 06:15:38,040 - 1495890 - piper.organizer - ERROR - []
2025-09-08 06:15:38,040 - 1495890 - piper.organizer - ERROR - []
2025-09-08 06:15:38,042 - 1495890 - piper.organizer - ERROR - []
2025-09-08 06:15:38,042 - 1495890 - piper.organizer - ERROR - []
2025-09-08 06:15:38,042 - 1495890 - piper.organizer - ERROR - []
2025-09-08 06:15:38,042 - 1495890 - piper.organizer - ERROR - []
2025-09-08 06:15:38,043 - 1495890 - piper.organizer - ERROR - []
2025-09-08 06:15:38,043 - 1495890 - piper.organizer - ERROR - []
2025-09-08 06:15:38,044 - 1495890 - piper.organizer - ERROR - []
2025-09-08 06:15:38,044 - 1495890 - piper.organizer - ERROR - []
2025-09-08 06:15:38,044 - 1495890 - piper.organizer - ERROR - []
2025-09-08 06:15:38,045 - 1495890 - piper.organizer - ERROR - []
2025-09-08 06:15:38,045 - 1495890 - piper.organizer - ERROR - []
2025-09-08 06:15:38,046 - 1495890 - piper.organizer - ERROR - []
2025-09-08 06:15:38,046 - 1495890 - piper.organizer - ERROR - []
2025-09-08 06:15:38,047 - 1495890 - piper.organizer - ERROR - []
2025-09-08 06:15:38,047 - 1495890 - piper.organizer - ERROR - []
2025-09-08 06:15:38,047 - 1495890 - piper.organizer - ERROR - []
2025-09-08 06:15:38,048 - 1495890 - piper.organizer - ERROR - []
2025-09-08 06:15:38,048 - 1495890 - piper.organizer - ERROR - []
2025-09-08 06:15:38,050 - 1495890 - piper.organizer - ERROR - []
2025-09-08 06:15:38,051 - 1495890 - piper.organizer - ERROR - []
2025-09-08 06:15:38,051 - 1495890 - piper.organizer - ERROR - []
2025-09-08 06:15:38,053 - 1495890 - piper.organizer - ERROR - []
2025-09-08 06:15:38,053 - 1495890 - piper.organizer - ERROR - []
2025-09-08 06:15:38,053 - 1495890 - piper.organizer - ERROR - []
2025-09-08 06:15:38,054 - 1495890 - piper.organizer - ERROR - []
2025-09-08 06:15:38,054 - 1495890 - piper.organizer - ERROR - []
2025-09-08 06:15:38,054 - 1495890 - piper.organizer - ERROR - []
2025-09-08 06:15:38,055 - 1495890 - piper.organizer - ERROR - []
2025-09-08 06:15:38,055 - 1495890 - piper.organizer - ERROR - []
2025-09-08 06:15:38,055 - 1495890 - piper.organizer - ERROR - []
2025-09-08 06:15:38,056 - 1495890 - piper.organizer - ERROR - []
2025-09-08 06:15:38,056 - 1495890 - piper.organizer - ERROR - []
2025-09-08 06:15:38,056 - 1495890 - piper.organizer - ERROR - []
2025-09-08 06:15:38,058 - 1495890 - piper.organizer - ERROR - []
2025-09-08 06:15:38,058 - 1495890 - piper.organizer - ERROR - []
2025-09-08 06:15:38,059 - 1495890 - piper.organizer - ERROR - []
2025-09-08 06:15:38,059 - 1495890 - piper.organizer - ERROR - []
2025-09-08 06:15:38,059 - 1495890 - piper.organizer - ERROR - []
2025-09-08 06:15:38,060 - 1495890 - piper.organizer - ERROR - []
2025-09-08 06:15:38,060 - 1495890 - piper.organizer - ERROR - []
2025-09-08 06:15:38,060 - 1495890 - piper.organizer - ERROR - []
2025-09-08 06:15:38,061 - 1495890 - piper.organizer - ERROR - []
2025-09-08 06:15:38,061 - 1495890 - piper.organizer - ERROR - []
2025-09-08 06:15:38,061 - 1495890 - piper.organizer - ERROR - []
2025-09-08 06:15:38,063 - 1495890 - piper.organizer - ERROR - []
2025-09-08 06:15:38,063 - 1495890 - piper.organizer - ERROR - []
2025-09-08 06:15:38,065 - 1495890 - piper.organizer - ERROR - []
2025-09-08 06:15:38,065 - 1495890 - piper.organizer - ERROR - []
2025-09-08 06:15:38,065 - 1495890 - piper.organizer - ERROR - []
2025-09-08 06:15:38,065 - 1495890 - piper.organizer - ERROR - []
2025-09-08 06:15:38,067 - 1495890 - piper.organizer - ERROR - []
2025-09-08 06:15:38,068 - 1495890 - piper.organizer - ERROR - []
2025-09-08 06:15:38,068 - 1495890 - piper.organizer - ERROR - []
2025-09-08 06:15:38,069 - 1495890 - piper.organizer - ERROR - []
2025-09-08 06:15:38,069 - 1495890 - piper.organizer - ERROR - []
2025-09-08 06:15:38,070 - 1495890 - piper.organizer - ERROR - []
2025-09-08 06:15:38,070 - 1495890 - piper.organizer - ERROR - []
2025-09-08 06:15:38,071 - 1495890 - piper.organizer - ERROR - []
2025-09-08 06:15:38,071 - 1495890 - piper.organizer - ERROR - []
2025-09-08 06:15:38,071 - 1495890 - piper.organizer - ERROR - []
2025-09-08 06:15:38,072 - 1495890 - piper.organizer - ERROR - []
2025-09-08 06:15:38,072 - 1495890 - piper.organizer - ERROR - []
2025-09-08 06:15:38,073 - 1495890 - piper.organizer - ERROR - []
2025-09-08 06:15:38,073 - 1495890 - piper.organizer - ERROR - []
2025-09-08 06:15:38,074 - 1495890 - piper.organizer - ERROR - []
2025-09-08 06:15:38,074 - 1495890 - piper.organizer - ERROR - []
2025-09-08 06:15:38,075 - 1495890 - piper.organizer - ERROR - []
2025-09-08 06:15:38,075 - 1495890 - piper.organizer - ERROR - []
2025-09-08 06:15:38,076 - 1495890 - piper.organizer - ERROR - []
2025-09-08 06:15:38,076 - 1495890 - piper.organizer - ERROR - []
2025-09-08 06:15:38,077 - 1495890 - piper.organizer - ERROR - []
2025-09-08 06:15:38,077 - 1495890 - piper.organizer - ERROR - []
2025-09-08 06:15:38,078 - 1495890 - piper.organizer - ERROR - []
2025-09-08 06:15:38,078 - 1495890 - piper.organizer - ERROR - []
2025-09-08 06:15:38,078 - 1495890 - piper.organizer - ERROR - []
2025-09-08 06:15:38,081 - 1495890 - piper.organizer - ERROR - []
2025-09-08 06:15:38,081 - 1495890 - piper.organizer - ERROR - []
2025-09-08 06:15:38,082 - 1495890 - piper.organizer - ERROR - []
2025-09-08 06:15:38,082 - 1495890 - piper.organizer - ERROR - []
2025-09-08 06:15:38,082 - 1495890 - piper.organizer - ERROR - []
2025-09-08 06:15:38,082 - 1495890 - piper.organizer - ERROR - []
2025-09-08 06:15:38,084 - 1495890 - piper.organizer - ERROR - []
2025-09-08 06:15:38,084 - 1495890 - piper.organizer - ERROR - []
2025-09-08 06:15:38,086 - 1495890 - piper.organizer - ERROR - []
2025-09-08 06:15:38,086 - 1495890 - piper.organizer - ERROR - []
2025-09-08 06:15:38,087 - 1495890 - piper.organizer - ERROR - []
2025-09-08 06:15:38,087 - 1495890 - piper.organizer - ERROR - []
2025-09-08 06:15:38,089 - 1495890 - piper.organizer - ERROR - []
2025-09-08 06:15:38,090 - 1495890 - piper.organizer - ERROR - []
2025-09-08 06:15:38,090 - 1495890 - piper.organizer - ERROR - []
2025-09-08 06:15:38,091 - 1495890 - piper.organizer - ERROR - []
2025-09-08 06:15:38,091 - 1495890 - piper.organizer - ERROR - []
2025-09-08 06:15:38,092 - 1495890 - piper.organizer - ERROR - []
2025-09-08 06:15:38,093 - 1495890 - piper.organizer - ERROR - []
2025-09-08 06:15:38,093 - 1495890 - piper.organizer - ERROR - []
2025-09-08 06:15:38,094 - 1495890 - piper.organizer - ERROR - []
2025-09-08 06:15:38,094 - 1495890 - piper.organizer - ERROR - []
2025-09-08 06:15:38,095 - 1495890 - piper.organizer - ERROR - []
2025-09-08 06:15:38,095 - 1495890 - piper.organizer - ERROR - []
2025-09-08 06:15:38,096 - 1495890 - piper.organizer - ERROR - []
2025-09-08 06:15:38,096 - 1495890 - piper.organizer - ERROR - []
2025-09-08 06:15:38,098 - 1495890 - piper.organizer - ERROR - []
2025-09-08 06:15:38,098 - 1495890 - piper.organizer - ERROR - []
2025-09-08 06:15:38,099 - 1495890 - piper.organizer - ERROR - []
2025-09-08 06:15:38,099 - 1495890 - piper.organizer - ERROR - []
2025-09-08 06:15:38,100 - 1495890 - piper.organizer - ERROR - []
2025-09-08 06:15:38,100 - 1495890 - piper.organizer - ERROR - []
2025-09-08 06:15:38,101 - 1495890 - piper.organizer - ERROR - []
2025-09-08 06:15:38,101 - 1495890 - piper.organizer - ERROR - []
2025-09-08 06:15:38,102 - 1495890 - piper.organizer - ERROR - []
2025-09-08 06:15:38,103 - 1495890 - piper.organizer - ERROR - []
2025-09-08 06:15:38,103 - 1495890 - piper.organizer - ERROR - []
2025-09-08 06:15:38,103 - 1495890 - piper.organizer - ERROR - []
2025-09-08 06:15:38,106 - 1495890 - piper.organizer - ERROR - []
2025-09-08 06:15:38,106 - 1495890 - piper.organizer - ERROR - []
2025-09-08 06:15:38,107 - 1495890 - piper.organizer - ERROR - []
2025-09-08 06:15:38,108 - 1495890 - piper.organizer - ERROR - []
2025-09-08 06:15:38,110 - 1495890 - piper.organizer - ERROR - []
2025-09-08 06:15:38,110 - 1495890 - piper.organizer - ERROR - []
2025-09-08 06:15:38,111 - 1495890 - piper.organizer - ERROR - []
2025-09-08 06:15:38,111 - 1495890 - piper.organizer - ERROR - []
2025-09-08 06:15:38,112 - 1495890 - piper.organizer - ERROR - []
2025-09-08 06:15:38,113 - 1495890 - piper.organizer - ERROR - []
2025-09-08 06:15:38,113 - 1495890 - piper.organizer - ERROR - []
2025-09-08 06:15:38,115 - 1495890 - piper.organizer - ERROR - []
2025-09-08 06:15:38,115 - 1495890 - piper.organizer - ERROR - []
2025-09-08 06:15:38,115 - 1495890 - piper.organizer - ERROR - []
2025-09-08 06:15:38,117 - 1495890 - piper.organizer - ERROR - []
2025-09-08 06:15:38,118 - 1495890 - piper.organizer - ERROR - []
2025-09-08 06:15:38,118 - 1495890 - piper.organizer - ERROR - []
2025-09-08 06:15:38,119 - 1495890 - piper.organizer - ERROR - []
2025-09-08 06:15:38,119 - 1495890 - piper.organizer - ERROR - []
2025-09-08 06:15:38,120 - 1495890 - piper.organizer - ERROR - []
2025-09-08 06:15:38,120 - 1495890 - piper.organizer - ERROR - []
2025-09-08 06:15:38,122 - 1495890 - piper.organizer - ERROR - []
2025-09-08 06:15:38,123 - 1495890 - piper.organizer - ERROR - []
2025-09-08 06:15:38,123 - 1495890 - piper.organizer - ERROR - []
2025-09-08 06:15:38,123 - 1495890 - piper.organizer - ERROR - []
2025-09-08 06:15:38,124 - 1495890 - piper.organizer - ERROR - []
2025-09-08 06:15:38,124 - 1495890 - piper.organizer - ERROR - []
2025-09-08 06:15:38,124 - 1495890 - piper.organizer - ERROR - []
2025-09-08 06:15:38,124 - 1495890 - piper.organizer - ERROR - []
2025-09-08 06:15:38,124 - 1495890 - piper.organizer - ERROR - []
2025-09-08 06:15:38,125 - 1495890 - piper.organizer - ERROR - []
2025-09-08 06:15:38,125 - 1495890 - piper.organizer - ERROR - []
2025-09-08 06:15:38,125 - 1495890 - piper.organizer - ERROR - []
2025-09-08 06:15:38,126 - 1495890 - piper.organizer - ERROR - []
2025-09-08 06:15:38,126 - 1495890 - piper.organizer - ERROR - []
2025-09-08 06:15:38,127 - 1495890 - piper.organizer - ERROR - []
2025-09-08 06:15:38,127 - 1495890 - piper.organizer - ERROR - []
2025-09-08 06:15:38,127 - 1495890 - piper.organizer - ERROR - []
2025-09-08 06:15:38,128 - 1495890 - piper.organizer - ERROR - []
2025-09-08 06:15:38,128 - 1495890 - piper.organizer - ERROR - []
2025-09-08 06:15:38,129 - 1495890 - piper.organizer - ERROR - []
2025-09-08 06:15:38,129 - 1495890 - piper.organizer - ERROR - []
2025-09-08 06:15:38,129 - 1495890 - piper.organizer - ERROR - []
2025-09-08 06:15:38,134 - 1495890 - piper.organizer - ERROR - []
2025-09-08 06:15:38,134 - 1495890 - piper.organizer - ERROR - []
2025-09-08 06:15:38,136 - 1495890 - piper.organizer - ERROR - []
2025-09-08 06:15:38,137 - 1495890 - piper.organizer - ERROR - []
2025-09-08 06:15:38,137 - 1495890 - piper.organizer - ERROR - []
2025-09-08 06:15:38,137 - 1495890 - piper.organizer - ERROR - []
2025-09-08 06:15:38,137 - 1495890 - piper.organizer - ERROR - []
2025-09-08 06:15:38,139 - 1495890 - piper.organizer - ERROR - []
2025-09-08 06:15:38,140 - 1495890 - piper.organizer - ERROR - []
2025-09-08 06:15:38,140 - 1495890 - piper.organizer - ERROR - []
2025-09-08 06:15:38,140 - 1495890 - piper.organizer - ERROR - []
2025-09-08 06:15:38,142 - 1495890 - piper.organizer - ERROR - []
2025-09-08 06:15:38,145 - 1495890 - piper.organizer - ERROR - []
2025-09-08 06:15:38,146 - 1495890 - piper.organizer - ERROR - []
2025-09-08 06:15:38,146 - 1495890 - piper.organizer - ERROR - []
2025-09-08 06:15:38,146 - 1495890 - piper.organizer - ERROR - []
2025-09-08 06:15:38,147 - 1495890 - piper.organizer - ERROR - []
2025-09-08 06:15:38,147 - 1495890 - piper.organizer - ERROR - []
2025-09-08 06:15:38,148 - 1495890 - piper.organizer - ERROR - []
2025-09-08 06:15:38,148 - 1495890 - piper.organizer - ERROR - []
2025-09-08 06:15:38,148 - 1495890 - piper.organizer - ERROR - []
2025-09-08 06:15:38,148 - 1495890 - piper.organizer - ERROR - []
2025-09-08 06:15:38,148 - 1495890 - piper.organizer - ERROR - []
2025-09-08 06:15:38,151 - 1495890 - piper.organizer - ERROR - []
2025-09-08 06:15:38,151 - 1495890 - piper.organizer - ERROR - []
2025-09-08 06:15:38,152 - 1495890 - piper.organizer - ERROR - []
2025-09-08 06:15:38,152 - 1495890 - piper.organizer - ERROR - []
2025-09-08 06:15:38,153 - 1495890 - piper.organizer - ERROR - []
2025-09-08 06:15:38,153 - 1495890 - piper.organizer - ERROR - []
2025-09-08 06:15:38,153 - 1495890 - piper.organizer - ERROR - []
2025-09-08 06:15:38,153 - 1495890 - piper.organizer - ERROR - []
2025-09-08 06:15:38,154 - 1495890 - piper.organizer - ERROR - []
2025-09-08 06:15:38,154 - 1495890 - piper.organizer - ERROR - []
2025-09-08 06:15:38,154 - 1495890 - piper.organizer - ERROR - []
2025-09-08 06:15:38,154 - 1495890 - piper.organizer - ERROR - []
2025-09-08 06:15:38,157 - 1495890 - piper.organizer - ERROR - []
2025-09-08 06:15:38,158 - 1495890 - piper.organizer - ERROR - []
2025-09-08 06:15:38,159 - 1495890 - piper.organizer - ERROR - []
2025-09-08 06:15:38,160 - 1495890 - piper.organizer - ERROR - []
2025-09-08 06:15:38,160 - 1495890 - piper.organizer - ERROR - []
2025-09-08 06:15:38,160 - 1495890 - piper.organizer - ERROR - []
2025-09-08 06:15:38,160 - 1495890 - piper.organizer - ERROR - []
2025-09-08 06:15:38,160 - 1495890 - piper.organizer - ERROR - []
2025-09-08 06:15:38,160 - 1495890 - piper.organizer - ERROR - []
2025-09-08 06:15:38,161 - 1495890 - piper.organizer - ERROR - []
2025-09-08 06:15:38,161 - 1495890 - piper.organizer - ERROR - []
2025-09-08 06:15:38,164 - 1495890 - piper.organizer - ERROR - []
2025-09-08 06:15:38,164 - 1495890 - piper.organizer - ERROR - []
2025-09-08 06:15:38,167 - 1495890 - piper.organizer - ERROR - []
2025-09-08 06:15:38,167 - 1495890 - piper.organizer - ERROR - []
2025-09-08 06:15:38,168 - 1495890 - piper.organizer - ERROR - []
2025-09-08 06:15:38,168 - 1495890 - piper.organizer - ERROR - []
2025-09-08 06:15:38,169 - 1495890 - piper.organizer - ERROR - []
2025-09-08 06:15:38,169 - 1495890 - piper.organizer - ERROR - []
2025-09-08 06:15:38,171 - 1495890 - piper.organizer - ERROR - []
2025-09-08 06:15:38,173 - 1495890 - piper.organizer - ERROR - []
2025-09-08 06:15:38,175 - 1495890 - piper.organizer - ERROR - []
2025-09-08 06:15:38,175 - 1495890 - piper.organizer - ERROR - []
2025-09-08 06:15:38,176 - 1495890 - piper.organizer - ERROR - []
2025-09-08 06:15:38,177 - 1495890 - piper.organizer - ERROR - []
2025-09-08 06:15:38,178 - 1495890 - piper.organizer - ERROR - []
2025-09-08 06:15:38,178 - 1495890 - piper.organizer - ERROR - []
2025-09-08 06:15:38,178 - 1495890 - piper.organizer - ERROR - []
2025-09-08 06:15:38,178 - 1495890 - piper.organizer - ERROR - []
2025-09-08 06:15:38,179 - 1495890 - piper.organizer - ERROR - []
2025-09-08 06:15:38,180 - 1495890 - piper.organizer - ERROR - []
2025-09-08 06:15:38,180 - 1495890 - piper.organizer - ERROR - []
2025-09-08 06:15:38,180 - 1495890 - piper.organizer - ERROR - []
2025-09-08 06:15:38,180 - 1495890 - piper.organizer - ERROR - []
2025-09-08 06:15:38,181 - 1495890 - piper.organizer - ERROR - []
2025-09-08 06:15:38,181 - 1495890 - piper.organizer - ERROR - []
2025-09-08 06:15:38,181 - 1495890 - piper.organizer - ERROR - []
2025-09-08 06:15:38,182 - 1495890 - piper.organizer - ERROR - []
2025-09-08 06:15:38,182 - 1495890 - piper.organizer - ERROR - []
2025-09-08 06:15:38,183 - 1495890 - piper.organizer - ERROR - []
2025-09-08 06:15:38,184 - 1495890 - piper.organizer - ERROR - []
2025-09-08 06:15:38,185 - 1495890 - piper.organizer - ERROR - []
2025-09-08 06:15:38,187 - 1495890 - piper.organizer - ERROR - []
2025-09-08 06:15:38,187 - 1495890 - piper.organizer - ERROR - []
2025-09-08 06:15:38,188 - 1495890 - piper.organizer - ERROR - []
2025-09-08 06:15:38,199 - 1495890 - piper.organizer - ERROR - Traversal encounters a non-existing file at /home/user/uber-one/data_piper_core_pipelines/core/core/einvoicing/one_etl/config
2025-09-08 06:15:38,199 - 1495890 - piper.organizer - ERROR - []
2025-09-08 06:15:38,199 - 1495890 - piper.organizer - ERROR - []
2025-09-08 06:15:38,200 - 1495890 - piper.organizer - ERROR - []
2025-09-08 06:15:38,200 - 1495890 - piper.organizer - ERROR - []
2025-09-08 06:15:38,200 - 1495890 - piper.organizer - ERROR - []
2025-09-08 06:15:38,212 - 1495890 - piper.organizer - ERROR - []
2025-09-08 06:15:38,213 - 1495890 - piper.organizer - ERROR - []
2025-09-08 06:15:38,213 - 1495890 - piper.organizer - ERROR - []
2025-09-08 06:15:38,214 - 1495890 - piper.organizer - ERROR - []
2025-09-08 06:15:38,214 - 1495890 - piper.organizer - ERROR - []
2025-09-08 06:15:38,217 - 1495890 - piper.organizer - ERROR - []
2025-09-08 06:15:38,218 - 1495890 - piper.organizer - ERROR - []
2025-09-08 06:15:38,218 - 1495890 - piper.organizer - ERROR - []
2025-09-08 06:15:38,219 - 1495890 - piper.organizer - ERROR - []
2025-09-08 06:15:38,219 - 1495890 - piper.organizer - ERROR - []
2025-09-08 06:15:38,219 - 1495890 - piper.organizer - ERROR - []
2025-09-08 06:15:38,219 - 1495890 - piper.organizer - ERROR - []
2025-09-08 06:15:38,219 - 1495890 - piper.organizer - ERROR - []
2025-09-08 06:15:38,220 - 1495890 - piper.organizer - ERROR - []
2025-09-08 06:15:38,220 - 1495890 - piper.organizer - ERROR - []
2025-09-08 06:15:38,221 - 1495890 - piper.organizer - ERROR - []
2025-09-08 06:15:38,221 - 1495890 - piper.organizer - ERROR - []
2025-09-08 06:15:38,221 - 1495890 - piper.organizer - ERROR - []
2025-09-08 06:15:38,221 - 1495890 - piper.organizer - ERROR - []
2025-09-08 06:15:38,222 - 1495890 - piper.organizer - ERROR - []
2025-09-08 06:15:38,222 - 1495890 - piper.organizer - ERROR - []
2025-09-08 06:15:38,223 - 1495890 - piper.organizer - ERROR - []
2025-09-08 06:15:38,223 - 1495890 - piper.organizer - ERROR - []
2025-09-08 06:15:38,223 - 1495890 - piper.organizer - ERROR - []
2025-09-08 06:15:38,224 - 1495890 - piper.organizer - ERROR - []
2025-09-08 06:15:38,224 - 1495890 - piper.organizer - ERROR - []
2025-09-08 06:15:38,224 - 1495890 - piper.organizer - ERROR - []
2025-09-08 06:15:38,224 - 1495890 - piper.organizer - ERROR - []
2025-09-08 06:15:38,225 - 1495890 - piper.organizer - ERROR - []
2025-09-08 06:15:38,229 - 1495890 - piper.organizer - ERROR - []
2025-09-08 06:15:38,230 - 1495890 - piper.organizer - ERROR - []
2025-09-08 06:15:38,230 - 1495890 - piper.organizer - ERROR - []
2025-09-08 06:15:38,235 - 1495890 - piper.organizer - ERROR - []
2025-09-08 06:15:38,238 - 1495890 - piper.organizer - ERROR - []
2025-09-08 06:15:38,239 - 1495890 - piper.organizer - ERROR - []
2025-09-08 06:15:38,239 - 1495890 - piper.organizer - ERROR - []
2025-09-08 06:15:38,250 - 1495890 - piper.organizer - ERROR - []
2025-09-08 06:15:38,250 - 1495890 - piper.organizer - ERROR - []
2025-09-08 06:15:38,251 - 1495890 - piper.organizer - ERROR - []
2025-09-08 06:15:38,251 - 1495890 - piper.organizer - ERROR - []
2025-09-08 06:15:38,251 - 1495890 - piper.organizer - INFO - {'msg': 'looking for all python files under /home/user/piper/pipelines/core/gss_piper_bhavneet/QB_to_Sheets'}
2025-09-08 06:15:38,252 - 1495890 - piper.organizer - INFO - {'msg': 'the number of all python files is 3 under /home/user/piper/pipelines/core/gss_piper_bhavneet/QB_to_Sheets'}
2025-09-08 06:15:38,252 - 1495890 - piper.organizer - INFO - {'msg': 'the number of active python files is 3 under /home/user/piper/pipelines/core/gss_piper_bhavneet/QB_to_Sheets'}
2025-09-08 06:15:38,252 - 1495890 - piper.organizer - INFO - {'msg': 'looking for all python files under /home/user/piper/pipelines/core/gss_piper_bhavneet/QB_to_Sheets'}
2025-09-08 06:15:38,252 - 1495890 - piper.organizer - INFO - {'msg': 'the number of all python files is 3 under /home/user/piper/pipelines/core/gss_piper_bhavneet/QB_to_Sheets'}
2025-09-08 06:15:38,252 - 1495890 - piper.organizer - INFO - {'msg': 'the number of active python files is 3 under /home/user/piper/pipelines/core/gss_piper_bhavneet/QB_to_Sheets'}
2025-09-08 06:15:38,253 - 1495890 - piper.organizer - INFO - This organizer loop will process all python files. The number of files is: 3
2025-09-08 06:15:38,253 - 1495890 - piper.organizer - INFO - this organizer is processing normal files, the subprocess_timeout is 600s
2025-09-08 06:15:38,318 - 1495530 - piper.organizer - INFO - Monitoring process with target PipelineOrganizer.execute and pid 1495890
2025-09-08 06:15:38,323 - 1495890 - piper.organizer - INFO - Running pool with processes=16 and maxtasksperchild=None
2025-09-08 06:15:38,440 - 1495890 - piper.organizer - INFO - file /home/user/piper/pipelines/core/gss_piper_bhavneet/QB_to_Sheets/tasks/getsecret.py doesn't have pipeline keyword, organizer won't process it
2025-09-08 06:15:38,440 - 1496018 - piper.organizer - INFO - Entering organizer execute for _home_user_piper_pipelines_core_gss_piper_bhavneet_QB_to_Sheets_pipeline_pipeline.py with python36 allowlist None
2025-09-08 06:15:38,441 - 1495890 - piper.organizer - INFO - file /home/user/piper/pipelines/core/gss_piper_bhavneet/QB_to_Sheets/tasks/update_data.py doesn't have pipeline keyword, organizer won't process it
2025-09-08 06:15:38,875 - 1496018 - hdfs.hdfs_to_gcs_adapter - INFO - Using sas endpoint storage-access-service-prod-cloudlake@127.0.0.1:5435 for auth
2025-09-08 06:15:39,049 - 1496018 - piper.organizer - ERROR - {'msg': 'Failed to import', 'filepath': '/home/user/piper/pipelines/core/gss_piper_bhavneet/QB_to_Sheets/pipeline/pipeline.py', 'Exception': "No module named 'pandas_gbq'"}
2025-09-08 06:15:39,050 - 1496018 - piper.organizer - ERROR - No module named 'pandas_gbq'
Traceback (most recent call last):
  File "/home/user/uber-one/data_piper/piper/models/pipeline_bundle.py", line 199, in process_file
    m = self.load_source(mod_name, filepath)
  File "/home/user/uber-one/data_piper/piper/models/pipeline_bundle.py", line 1186, in load_source
    spec.loader.exec_module(m)
  File "<frozen importlib._bootstrap_external>", line 850, in exec_module
  File "<frozen importlib._bootstrap>", line 228, in _call_with_frames_removed
  File "/home/user/piper/pipelines/core/gss_piper_bhavneet/QB_to_Sheets/pipeline/pipeline.py", line 6, in <module>
    from pipelines.core.gss_piper_bhavneet.QB_to_Sheets.tasks.update_data import update_google_sheets_data
  File "/home/user/uber-one/data_piper/pipelines/core/gss_piper_bhavneet/QB_to_Sheets/tasks/update_data.py", line 5, in <module>
    import pandas_gbq
ModuleNotFoundError: No module named 'pandas_gbq'
2025-09-08 06:15:39,067 - 1496018 - piper.organizer - INFO - Exiting organizer execute for _home_user_piper_pipelines_core_gss_piper_bhavneet_QB_to_Sheets_pipeline_pipeline.py after 0 seconds
2025-09-08 06:15:39,087 - 1495890 - piper.organizer - INFO - update is_valid for all pipelines in SimpleSerializedPipelineModel
2025-09-08 06:15:39,106 - 1495890 - piper.models - INFO - backfill_pipeline_namespace: ['pipelines/core/piper_backfill', 'pipelines/core/piper_backfill/backfill_driver.py']
2025-09-08 06:15:39,108 - 1495890 - piper.organizer - INFO - {'msg': 'organizer has successfully processed the assigned files', 'file_count': 3, 'organizer_uid': 'bgill3_068d41301f3847c595850c440603c0dc'}
2025-09-08 06:15:39,113 - 1495890 - piper.organizer - INFO - process import errors for 3 files
2025-09-08 06:15:39,320 - 1495530 - piper.organizer - INFO - Total Organizer loop Time: 6.013541
2025-09-08 06:22:06,729 - 1504708 - clay.server - INFO - Loading WSGI middleware clay.middleware.route_stats.RouteStatsMiddleware
2025-09-08 06:22:06,730 - 1504708 - clay.server - INFO - Loading WSGI middleware piper.views.middleware.piper_route_middleware.PiperRouteStatsMiddleware
2025-09-08 06:22:07,804 - 1504887 - clay.server - INFO - Loading WSGI middleware clay.middleware.route_stats.RouteStatsMiddleware
2025-09-08 06:22:07,806 - 1504887 - clay.server - INFO - Loading WSGI middleware piper.views.middleware.piper_route_middleware.PiperRouteStatsMiddleware
2025-09-08 06:22:07,992 - 1504887 - piper.models - INFO - Working on test environment
2025-09-08 06:22:07,992 - 1504887 - piper.models - INFO - Piper Database is configured to uber@127.0.0.1:3306/piper_test
2025-09-08 06:22:07,992 - 1504887 - piper.models - INFO - Piper Slave Database is configured to uber@127.0.0.1:3306/piper_test
2025-09-08 06:22:08,330 - 1504887 - raven.contrib.tornado.AsyncSentryClient - INFO - Raven is not configured (logging is disabled). Please see the documentation for more information.
2025-09-08 06:22:08,558 - 1504887 - piper - INFO - Using executor LocalExecutor
2025-09-08 06:22:08,709 - 1504887 - piper - INFO - Metadata Database in the other env is configured to uber@127.0.0.1:3306/piper_test
2025-09-08 06:22:08,709 - 1504887 - piper - INFO - Multi DC Database Master is configured to uber@127.0.0.1:3306/multi_dc_test
2025-09-08 06:22:08,709 - 1504887 - piper - INFO - Multi DC Database Slave is configured to uber@127.0.0.1:3306/multi_dc_test
2025-09-08 06:22:09,325 - 1504887 - piper - INFO - Piper is being run on Python version: 3
2025-09-08 06:22:09,325 - 1504887 - clay_runtime_config - INFO - Setting up Clay Runtime Config to load from the directory ./uconfig/crc_configs
2025-09-08 06:22:09,325 - 1504887 - clay_runtime_config - INFO - Setting up Clay Runtime Config to load from the directory ./uconfig/crc_configs
2025-09-08 06:22:09,325 - 1504887 - clay_runtime_config - INFO - Redis is disabled therefor not posting runtime state to Redis.
2025-09-08 06:22:09,420 - 1504887 - piper.organizer - INFO - organizer uuid: bgill3_9676547eb9d144b8818c2a613f779963
2025-09-08 06:22:09,421 - 1504887 - piper.organizer - INFO - Running the Pipeline Organizer 2025-09-08T06:22:09.421035
2025-09-08 06:22:09,427 - 1504887 - piper.organizer - INFO - Monitoring process with target PipelineOrganizer.execute and pid 1505172
2025-09-08 06:22:09,516 - 1505172 - piper.organizer - ERROR - []
2025-09-08 06:22:09,517 - 1505172 - piper.organizer - ERROR - []
2025-09-08 06:22:09,517 - 1505172 - piper.organizer - ERROR - []
2025-09-08 06:22:09,518 - 1505172 - piper.organizer - ERROR - []
2025-09-08 06:22:09,518 - 1505172 - piper.organizer - ERROR - []
2025-09-08 06:22:09,518 - 1505172 - piper.organizer - ERROR - []
2025-09-08 06:22:09,518 - 1505172 - piper.organizer - ERROR - []
2025-09-08 06:22:09,519 - 1505172 - piper.organizer - ERROR - []
2025-09-08 06:22:09,519 - 1505172 - piper.organizer - ERROR - []
2025-09-08 06:22:09,520 - 1505172 - piper.organizer - ERROR - []
2025-09-08 06:22:09,520 - 1505172 - piper.organizer - ERROR - []
2025-09-08 06:22:09,520 - 1505172 - piper.organizer - ERROR - []
2025-09-08 06:22:09,521 - 1505172 - piper.organizer - ERROR - []
2025-09-08 06:22:09,521 - 1505172 - piper.organizer - ERROR - []
2025-09-08 06:22:09,533 - 1505172 - piper.organizer - ERROR - []
2025-09-08 06:22:09,533 - 1505172 - piper.organizer - ERROR - []
2025-09-08 06:22:09,533 - 1505172 - piper.organizer - ERROR - []
2025-09-08 06:22:09,534 - 1505172 - piper.organizer - ERROR - []
2025-09-08 06:22:09,534 - 1505172 - piper.organizer - ERROR - []
2025-09-08 06:22:09,534 - 1505172 - piper.organizer - ERROR - []
2025-09-08 06:22:09,534 - 1505172 - piper.organizer - ERROR - []
2025-09-08 06:22:09,539 - 1505172 - piper.organizer - ERROR - []
2025-09-08 06:22:09,541 - 1505172 - piper.organizer - ERROR - []
2025-09-08 06:22:09,541 - 1505172 - piper.organizer - ERROR - []
2025-09-08 06:22:09,542 - 1505172 - piper.organizer - ERROR - []
2025-09-08 06:22:09,543 - 1505172 - piper.organizer - ERROR - []
2025-09-08 06:22:09,543 - 1505172 - piper.organizer - ERROR - []
2025-09-08 06:22:09,544 - 1505172 - piper.organizer - ERROR - []
2025-09-08 06:22:09,544 - 1505172 - piper.organizer - ERROR - []
2025-09-08 06:22:09,544 - 1505172 - piper.organizer - ERROR - []
2025-09-08 06:22:09,545 - 1505172 - piper.organizer - ERROR - []
2025-09-08 06:22:09,545 - 1505172 - piper.organizer - ERROR - []
2025-09-08 06:22:09,545 - 1505172 - piper.organizer - ERROR - []
2025-09-08 06:22:09,549 - 1505172 - piper.organizer - ERROR - []
2025-09-08 06:22:09,550 - 1505172 - piper.organizer - ERROR - []
2025-09-08 06:22:09,550 - 1505172 - piper.organizer - ERROR - []
2025-09-08 06:22:09,551 - 1505172 - piper.organizer - ERROR - []
2025-09-08 06:22:09,552 - 1505172 - piper.organizer - ERROR - []
2025-09-08 06:22:09,552 - 1505172 - piper.organizer - ERROR - []
2025-09-08 06:22:09,552 - 1505172 - piper.organizer - ERROR - []
2025-09-08 06:22:09,552 - 1505172 - piper.organizer - ERROR - []
2025-09-08 06:22:09,552 - 1505172 - piper.organizer - ERROR - []
2025-09-08 06:22:09,552 - 1505172 - piper.organizer - ERROR - []
2025-09-08 06:22:09,552 - 1505172 - piper.organizer - ERROR - []
2025-09-08 06:22:09,553 - 1505172 - piper.organizer - ERROR - []
2025-09-08 06:22:09,558 - 1505172 - piper.organizer - ERROR - []
2025-09-08 06:22:09,559 - 1505172 - piper.organizer - ERROR - []
2025-09-08 06:22:09,559 - 1505172 - piper.organizer - ERROR - []
2025-09-08 06:22:09,560 - 1505172 - piper.organizer - ERROR - []
2025-09-08 06:22:09,560 - 1505172 - piper.organizer - ERROR - []
2025-09-08 06:22:09,561 - 1505172 - piper.organizer - ERROR - []
2025-09-08 06:22:09,561 - 1505172 - piper.organizer - ERROR - []
2025-09-08 06:22:09,562 - 1505172 - piper.organizer - ERROR - []
2025-09-08 06:22:09,562 - 1505172 - piper.organizer - ERROR - []
2025-09-08 06:22:09,562 - 1505172 - piper.organizer - ERROR - []
2025-09-08 06:22:09,562 - 1505172 - piper.organizer - ERROR - []
2025-09-08 06:22:09,563 - 1505172 - piper.organizer - ERROR - []
2025-09-08 06:22:09,563 - 1505172 - piper.organizer - ERROR - []
2025-09-08 06:22:09,563 - 1505172 - piper.organizer - ERROR - []
2025-09-08 06:22:09,563 - 1505172 - piper.organizer - ERROR - []
2025-09-08 06:22:09,563 - 1505172 - piper.organizer - ERROR - []
2025-09-08 06:22:09,564 - 1505172 - piper.organizer - ERROR - []
2025-09-08 06:22:09,564 - 1505172 - piper.organizer - ERROR - []
2025-09-08 06:22:09,564 - 1505172 - piper.organizer - ERROR - []
2025-09-08 06:22:09,567 - 1505172 - piper.organizer - ERROR - []
2025-09-08 06:22:09,567 - 1505172 - piper.organizer - ERROR - []
2025-09-08 06:22:09,567 - 1505172 - piper.organizer - ERROR - []
2025-09-08 06:22:09,567 - 1505172 - piper.organizer - ERROR - []
2025-09-08 06:22:09,567 - 1505172 - piper.organizer - ERROR - []
2025-09-08 06:22:09,568 - 1505172 - piper.organizer - ERROR - []
2025-09-08 06:22:09,570 - 1505172 - piper.organizer - ERROR - []
2025-09-08 06:22:09,570 - 1505172 - piper.organizer - ERROR - []
2025-09-08 06:22:09,570 - 1505172 - piper.organizer - ERROR - []
2025-09-08 06:22:09,570 - 1505172 - piper.organizer - ERROR - []
2025-09-08 06:22:09,571 - 1505172 - piper.organizer - ERROR - []
2025-09-08 06:22:09,573 - 1505172 - piper.organizer - ERROR - []
2025-09-08 06:22:09,575 - 1505172 - piper.organizer - ERROR - []
2025-09-08 06:22:09,575 - 1505172 - piper.organizer - ERROR - []
2025-09-08 06:22:09,579 - 1505172 - piper.organizer - ERROR - []
2025-09-08 06:22:09,579 - 1505172 - piper.organizer - ERROR - []
2025-09-08 06:22:09,580 - 1505172 - piper.organizer - ERROR - []
2025-09-08 06:22:09,580 - 1505172 - piper.organizer - ERROR - []
2025-09-08 06:22:09,580 - 1505172 - piper.organizer - ERROR - []
2025-09-08 06:22:09,581 - 1505172 - piper.organizer - ERROR - []
2025-09-08 06:22:09,581 - 1505172 - piper.organizer - ERROR - []
2025-09-08 06:22:09,581 - 1505172 - piper.organizer - ERROR - []
2025-09-08 06:22:09,581 - 1505172 - piper.organizer - ERROR - []
2025-09-08 06:22:09,581 - 1505172 - piper.organizer - ERROR - []
2025-09-08 06:22:09,581 - 1505172 - piper.organizer - ERROR - []
2025-09-08 06:22:09,583 - 1505172 - piper.organizer - ERROR - []
2025-09-08 06:22:09,583 - 1505172 - piper.organizer - ERROR - []
2025-09-08 06:22:09,583 - 1505172 - piper.organizer - ERROR - []
2025-09-08 06:22:09,583 - 1505172 - piper.organizer - ERROR - []
2025-09-08 06:22:09,584 - 1505172 - piper.organizer - ERROR - []
2025-09-08 06:22:09,584 - 1505172 - piper.organizer - ERROR - []
2025-09-08 06:22:09,584 - 1505172 - piper.organizer - ERROR - []
2025-09-08 06:22:09,584 - 1505172 - piper.organizer - ERROR - []
2025-09-08 06:22:09,586 - 1505172 - piper.organizer - ERROR - []
2025-09-08 06:22:09,587 - 1505172 - piper.organizer - ERROR - []
2025-09-08 06:22:09,587 - 1505172 - piper.organizer - ERROR - []
2025-09-08 06:22:09,588 - 1505172 - piper.organizer - ERROR - []
2025-09-08 06:22:09,589 - 1505172 - piper.organizer - ERROR - []
2025-09-08 06:22:09,589 - 1505172 - piper.organizer - ERROR - []
2025-09-08 06:22:09,591 - 1505172 - piper.organizer - ERROR - []
2025-09-08 06:22:09,593 - 1505172 - piper.organizer - ERROR - []
2025-09-08 06:22:09,596 - 1505172 - piper.organizer - ERROR - []
2025-09-08 06:22:09,597 - 1505172 - piper.organizer - ERROR - []
2025-09-08 06:22:09,597 - 1505172 - piper.organizer - ERROR - []
2025-09-08 06:22:09,599 - 1505172 - piper.organizer - ERROR - []
2025-09-08 06:22:09,600 - 1505172 - piper.organizer - ERROR - []
2025-09-08 06:22:09,600 - 1505172 - piper.organizer - ERROR - []
2025-09-08 06:22:09,603 - 1505172 - piper.organizer - ERROR - []
2025-09-08 06:22:09,603 - 1505172 - piper.organizer - ERROR - []
2025-09-08 06:22:09,604 - 1505172 - piper.organizer - ERROR - []
2025-09-08 06:22:09,606 - 1505172 - piper.organizer - ERROR - []
2025-09-08 06:22:09,606 - 1505172 - piper.organizer - ERROR - []
2025-09-08 06:22:09,607 - 1505172 - piper.organizer - ERROR - []
2025-09-08 06:22:09,607 - 1505172 - piper.organizer - ERROR - []
2025-09-08 06:22:09,608 - 1505172 - piper.organizer - ERROR - []
2025-09-08 06:22:09,608 - 1505172 - piper.organizer - ERROR - []
2025-09-08 06:22:09,608 - 1505172 - piper.organizer - ERROR - []
2025-09-08 06:22:09,608 - 1505172 - piper.organizer - ERROR - []
2025-09-08 06:22:09,609 - 1505172 - piper.organizer - ERROR - []
2025-09-08 06:22:09,609 - 1505172 - piper.organizer - ERROR - []
2025-09-08 06:22:09,609 - 1505172 - piper.organizer - ERROR - []
2025-09-08 06:22:09,609 - 1505172 - piper.organizer - ERROR - []
2025-09-08 06:22:09,612 - 1505172 - piper.organizer - ERROR - []
2025-09-08 06:22:09,612 - 1505172 - piper.organizer - ERROR - []
2025-09-08 06:22:09,613 - 1505172 - piper.organizer - ERROR - []
2025-09-08 06:22:09,615 - 1505172 - piper.organizer - ERROR - []
2025-09-08 06:22:09,615 - 1505172 - piper.organizer - ERROR - []
2025-09-08 06:22:09,615 - 1505172 - piper.organizer - ERROR - []
2025-09-08 06:22:09,615 - 1505172 - piper.organizer - ERROR - []
2025-09-08 06:22:09,615 - 1505172 - piper.organizer - ERROR - []
2025-09-08 06:22:09,616 - 1505172 - piper.organizer - ERROR - []
2025-09-08 06:22:09,620 - 1505172 - piper.organizer - ERROR - []
2025-09-08 06:22:09,621 - 1505172 - piper.organizer - ERROR - []
2025-09-08 06:22:09,621 - 1505172 - piper.organizer - ERROR - []
2025-09-08 06:22:09,621 - 1505172 - piper.organizer - ERROR - []
2025-09-08 06:22:09,622 - 1505172 - piper.organizer - ERROR - []
2025-09-08 06:22:09,622 - 1505172 - piper.organizer - ERROR - []
2025-09-08 06:22:09,624 - 1505172 - piper.organizer - ERROR - []
2025-09-08 06:22:09,624 - 1505172 - piper.organizer - ERROR - []
2025-09-08 06:22:09,624 - 1505172 - piper.organizer - ERROR - []
2025-09-08 06:22:09,624 - 1505172 - piper.organizer - ERROR - []
2025-09-08 06:22:09,625 - 1505172 - piper.organizer - ERROR - []
2025-09-08 06:22:09,625 - 1505172 - piper.organizer - ERROR - []
2025-09-08 06:22:09,625 - 1505172 - piper.organizer - ERROR - []
2025-09-08 06:22:09,625 - 1505172 - piper.organizer - ERROR - []
2025-09-08 06:22:09,626 - 1505172 - piper.organizer - ERROR - []
2025-09-08 06:22:09,626 - 1505172 - piper.organizer - ERROR - []
2025-09-08 06:22:09,626 - 1505172 - piper.organizer - ERROR - []
2025-09-08 06:22:09,628 - 1505172 - piper.organizer - ERROR - []
2025-09-08 06:22:09,628 - 1505172 - piper.organizer - ERROR - []
2025-09-08 06:22:09,629 - 1505172 - piper.organizer - ERROR - []
2025-09-08 06:22:09,629 - 1505172 - piper.organizer - ERROR - []
2025-09-08 06:22:09,635 - 1505172 - piper.organizer - ERROR - []
2025-09-08 06:22:09,635 - 1505172 - piper.organizer - ERROR - []
2025-09-08 06:22:09,636 - 1505172 - piper.organizer - ERROR - []
2025-09-08 06:22:09,636 - 1505172 - piper.organizer - ERROR - []
2025-09-08 06:22:09,637 - 1505172 - piper.organizer - ERROR - []
2025-09-08 06:22:09,637 - 1505172 - piper.organizer - ERROR - []
2025-09-08 06:22:09,643 - 1505172 - piper.organizer - ERROR - []
2025-09-08 06:22:09,643 - 1505172 - piper.organizer - ERROR - []
2025-09-08 06:22:09,644 - 1505172 - piper.organizer - ERROR - []
2025-09-08 06:22:09,644 - 1505172 - piper.organizer - ERROR - []
2025-09-08 06:22:09,645 - 1505172 - piper.organizer - ERROR - []
2025-09-08 06:22:09,645 - 1505172 - piper.organizer - ERROR - []
2025-09-08 06:22:09,651 - 1505172 - piper.organizer - ERROR - []
2025-09-08 06:22:09,652 - 1505172 - piper.organizer - ERROR - []
2025-09-08 06:22:09,652 - 1505172 - piper.organizer - ERROR - []
2025-09-08 06:22:09,652 - 1505172 - piper.organizer - ERROR - []
2025-09-08 06:22:09,655 - 1505172 - piper.organizer - ERROR - []
2025-09-08 06:22:09,656 - 1505172 - piper.organizer - ERROR - []
2025-09-08 06:22:09,656 - 1505172 - piper.organizer - ERROR - []
2025-09-08 06:22:09,657 - 1505172 - piper.organizer - ERROR - []
2025-09-08 06:22:09,657 - 1505172 - piper.organizer - ERROR - []
2025-09-08 06:22:09,657 - 1505172 - piper.organizer - ERROR - []
2025-09-08 06:22:09,657 - 1505172 - piper.organizer - ERROR - []
2025-09-08 06:22:09,658 - 1505172 - piper.organizer - ERROR - []
2025-09-08 06:22:09,658 - 1505172 - piper.organizer - ERROR - []
2025-09-08 06:22:09,659 - 1505172 - piper.organizer - ERROR - []
2025-09-08 06:22:09,660 - 1505172 - piper.organizer - ERROR - []
2025-09-08 06:22:09,660 - 1505172 - piper.organizer - ERROR - []
2025-09-08 06:22:09,660 - 1505172 - piper.organizer - ERROR - []
2025-09-08 06:22:09,660 - 1505172 - piper.organizer - ERROR - []
2025-09-08 06:22:09,660 - 1505172 - piper.organizer - ERROR - []
2025-09-08 06:22:09,660 - 1505172 - piper.organizer - ERROR - []
2025-09-08 06:22:09,660 - 1505172 - piper.organizer - ERROR - []
2025-09-08 06:22:09,664 - 1505172 - piper.organizer - ERROR - []
2025-09-08 06:22:09,665 - 1505172 - piper.organizer - ERROR - []
2025-09-08 06:22:09,665 - 1505172 - piper.organizer - ERROR - []
2025-09-08 06:22:09,667 - 1505172 - piper.organizer - ERROR - []
2025-09-08 06:22:09,667 - 1505172 - piper.organizer - ERROR - []
2025-09-08 06:22:09,667 - 1505172 - piper.organizer - ERROR - []
2025-09-08 06:22:09,668 - 1505172 - piper.organizer - ERROR - []
2025-09-08 06:22:09,668 - 1505172 - piper.organizer - ERROR - []
2025-09-08 06:22:09,668 - 1505172 - piper.organizer - ERROR - []
2025-09-08 06:22:09,668 - 1505172 - piper.organizer - ERROR - []
2025-09-08 06:22:09,670 - 1505172 - piper.organizer - ERROR - []
2025-09-08 06:22:09,670 - 1505172 - piper.organizer - ERROR - []
2025-09-08 06:22:09,675 - 1505172 - piper.organizer - ERROR - []
2025-09-08 06:22:09,676 - 1505172 - piper.organizer - ERROR - []
2025-09-08 06:22:09,676 - 1505172 - piper.organizer - ERROR - []
2025-09-08 06:22:09,676 - 1505172 - piper.organizer - ERROR - []
2025-09-08 06:22:09,676 - 1505172 - piper.organizer - ERROR - []
2025-09-08 06:22:09,678 - 1505172 - piper.organizer - ERROR - []
2025-09-08 06:22:09,678 - 1505172 - piper.organizer - ERROR - []
2025-09-08 06:22:09,679 - 1505172 - piper.organizer - ERROR - []
2025-09-08 06:22:09,679 - 1505172 - piper.organizer - ERROR - []
2025-09-08 06:22:09,680 - 1505172 - piper.organizer - ERROR - []
2025-09-08 06:22:09,680 - 1505172 - piper.organizer - ERROR - []
2025-09-08 06:22:09,680 - 1505172 - piper.organizer - ERROR - []
2025-09-08 06:22:09,680 - 1505172 - piper.organizer - ERROR - []
2025-09-08 06:22:09,688 - 1505172 - piper.organizer - ERROR - []
2025-09-08 06:22:09,688 - 1505172 - piper.organizer - ERROR - []
2025-09-08 06:22:09,688 - 1505172 - piper.organizer - ERROR - []
2025-09-08 06:22:09,688 - 1505172 - piper.organizer - ERROR - []
2025-09-08 06:22:09,689 - 1505172 - piper.organizer - ERROR - []
2025-09-08 06:22:09,689 - 1505172 - piper.organizer - ERROR - []
2025-09-08 06:22:09,689 - 1505172 - piper.organizer - ERROR - []
2025-09-08 06:22:09,689 - 1505172 - piper.organizer - ERROR - []
2025-09-08 06:22:09,690 - 1505172 - piper.organizer - ERROR - []
2025-09-08 06:22:09,690 - 1505172 - piper.organizer - ERROR - []
2025-09-08 06:22:09,691 - 1505172 - piper.organizer - ERROR - []
2025-09-08 06:22:09,691 - 1505172 - piper.organizer - ERROR - []
2025-09-08 06:22:09,691 - 1505172 - piper.organizer - ERROR - []
2025-09-08 06:22:09,692 - 1505172 - piper.organizer - ERROR - []
2025-09-08 06:22:09,692 - 1505172 - piper.organizer - ERROR - []
2025-09-08 06:22:09,692 - 1505172 - piper.organizer - ERROR - []
2025-09-08 06:22:09,692 - 1505172 - piper.organizer - ERROR - []
2025-09-08 06:22:09,693 - 1505172 - piper.organizer - ERROR - []
2025-09-08 06:22:09,693 - 1505172 - piper.organizer - ERROR - []
2025-09-08 06:22:09,693 - 1505172 - piper.organizer - ERROR - []
2025-09-08 06:22:09,695 - 1505172 - piper.organizer - ERROR - []
2025-09-08 06:22:09,695 - 1505172 - piper.organizer - ERROR - []
2025-09-08 06:22:09,699 - 1505172 - piper.organizer - ERROR - []
2025-09-08 06:22:09,699 - 1505172 - piper.organizer - ERROR - []
2025-09-08 06:22:09,700 - 1505172 - piper.organizer - ERROR - []
2025-09-08 06:22:09,700 - 1505172 - piper.organizer - ERROR - []
2025-09-08 06:22:09,702 - 1505172 - piper.organizer - ERROR - []
2025-09-08 06:22:09,702 - 1505172 - piper.organizer - ERROR - []
2025-09-08 06:22:09,702 - 1505172 - piper.organizer - ERROR - []
2025-09-08 06:22:09,702 - 1505172 - piper.organizer - ERROR - []
2025-09-08 06:22:09,706 - 1505172 - piper.organizer - ERROR - []
2025-09-08 06:22:09,709 - 1505172 - piper.organizer - ERROR - []
2025-09-08 06:22:09,709 - 1505172 - piper.organizer - ERROR - []
2025-09-08 06:22:09,709 - 1505172 - piper.organizer - ERROR - []
2025-09-08 06:22:09,718 - 1505172 - piper.organizer - ERROR - []
2025-09-08 06:22:09,718 - 1505172 - piper.organizer - ERROR - []
2025-09-08 06:22:09,719 - 1505172 - piper.organizer - ERROR - []
2025-09-08 06:22:09,719 - 1505172 - piper.organizer - ERROR - []
2025-09-08 06:22:09,719 - 1505172 - piper.organizer - ERROR - []
2025-09-08 06:22:09,719 - 1505172 - piper.organizer - ERROR - []
2025-09-08 06:22:09,720 - 1505172 - piper.organizer - ERROR - []
2025-09-08 06:22:09,723 - 1505172 - piper.organizer - ERROR - []
2025-09-08 06:22:09,724 - 1505172 - piper.organizer - ERROR - []
2025-09-08 06:22:09,724 - 1505172 - piper.organizer - ERROR - []
2025-09-08 06:22:09,725 - 1505172 - piper.organizer - ERROR - []
2025-09-08 06:22:09,725 - 1505172 - piper.organizer - ERROR - []
2025-09-08 06:22:09,725 - 1505172 - piper.organizer - ERROR - []
2025-09-08 06:22:09,726 - 1505172 - piper.organizer - ERROR - []
2025-09-08 06:22:09,726 - 1505172 - piper.organizer - ERROR - []
2025-09-08 06:22:09,726 - 1505172 - piper.organizer - ERROR - []
2025-09-08 06:22:09,726 - 1505172 - piper.organizer - ERROR - []
2025-09-08 06:22:09,726 - 1505172 - piper.organizer - ERROR - []
2025-09-08 06:22:09,729 - 1505172 - piper.organizer - ERROR - []
2025-09-08 06:22:09,729 - 1505172 - piper.organizer - ERROR - []
2025-09-08 06:22:09,730 - 1505172 - piper.organizer - ERROR - []
2025-09-08 06:22:09,730 - 1505172 - piper.organizer - ERROR - []
2025-09-08 06:22:09,730 - 1505172 - piper.organizer - ERROR - []
2025-09-08 06:22:09,731 - 1505172 - piper.organizer - ERROR - []
2025-09-08 06:22:09,731 - 1505172 - piper.organizer - ERROR - []
2025-09-08 06:22:09,731 - 1505172 - piper.organizer - ERROR - []
2025-09-08 06:22:09,731 - 1505172 - piper.organizer - ERROR - []
2025-09-08 06:22:09,732 - 1505172 - piper.organizer - ERROR - []
2025-09-08 06:22:09,732 - 1505172 - piper.organizer - ERROR - []
2025-09-08 06:22:09,733 - 1505172 - piper.organizer - ERROR - []
2025-09-08 06:22:09,733 - 1505172 - piper.organizer - ERROR - []
2025-09-08 06:22:09,733 - 1505172 - piper.organizer - ERROR - []
2025-09-08 06:22:09,734 - 1505172 - piper.organizer - ERROR - []
2025-09-08 06:22:09,734 - 1505172 - piper.organizer - ERROR - []
2025-09-08 06:22:09,734 - 1505172 - piper.organizer - ERROR - []
2025-09-08 06:22:09,735 - 1505172 - piper.organizer - ERROR - []
2025-09-08 06:22:09,735 - 1505172 - piper.organizer - ERROR - []
2025-09-08 06:22:09,735 - 1505172 - piper.organizer - ERROR - []
2025-09-08 06:22:09,736 - 1505172 - piper.organizer - ERROR - []
2025-09-08 06:22:09,736 - 1505172 - piper.organizer - ERROR - []
2025-09-08 06:22:09,736 - 1505172 - piper.organizer - ERROR - []
2025-09-08 06:22:09,737 - 1505172 - piper.organizer - ERROR - []
2025-09-08 06:22:09,737 - 1505172 - piper.organizer - ERROR - []
2025-09-08 06:22:09,737 - 1505172 - piper.organizer - ERROR - []
2025-09-08 06:22:09,737 - 1505172 - piper.organizer - ERROR - []
2025-09-08 06:22:09,738 - 1505172 - piper.organizer - ERROR - []
2025-09-08 06:22:09,738 - 1505172 - piper.organizer - ERROR - []
2025-09-08 06:22:09,738 - 1505172 - piper.organizer - ERROR - []
2025-09-08 06:22:09,738 - 1505172 - piper.organizer - ERROR - []
2025-09-08 06:22:09,739 - 1505172 - piper.organizer - ERROR - []
2025-09-08 06:22:09,740 - 1505172 - piper.organizer - ERROR - []
2025-09-08 06:22:09,740 - 1505172 - piper.organizer - ERROR - []
2025-09-08 06:22:09,740 - 1505172 - piper.organizer - ERROR - []
2025-09-08 06:22:09,741 - 1505172 - piper.organizer - ERROR - []
2025-09-08 06:22:09,741 - 1505172 - piper.organizer - ERROR - []
2025-09-08 06:22:09,742 - 1505172 - piper.organizer - ERROR - []
2025-09-08 06:22:09,742 - 1505172 - piper.organizer - ERROR - []
2025-09-08 06:22:09,742 - 1505172 - piper.organizer - ERROR - []
2025-09-08 06:22:09,743 - 1505172 - piper.organizer - ERROR - []
2025-09-08 06:22:09,743 - 1505172 - piper.organizer - ERROR - []
2025-09-08 06:22:09,744 - 1505172 - piper.organizer - ERROR - []
2025-09-08 06:22:09,744 - 1505172 - piper.organizer - ERROR - []
2025-09-08 06:22:09,744 - 1505172 - piper.organizer - ERROR - []
2025-09-08 06:22:09,745 - 1505172 - piper.organizer - ERROR - []
2025-09-08 06:22:09,745 - 1505172 - piper.organizer - ERROR - []
2025-09-08 06:22:09,746 - 1505172 - piper.organizer - ERROR - []
2025-09-08 06:22:09,746 - 1505172 - piper.organizer - ERROR - []
2025-09-08 06:22:09,746 - 1505172 - piper.organizer - ERROR - []
2025-09-08 06:22:09,747 - 1505172 - piper.organizer - ERROR - []
2025-09-08 06:22:09,748 - 1505172 - piper.organizer - ERROR - []
2025-09-08 06:22:09,748 - 1505172 - piper.organizer - ERROR - []
2025-09-08 06:22:09,748 - 1505172 - piper.organizer - ERROR - []
2025-09-08 06:22:09,748 - 1505172 - piper.organizer - ERROR - []
2025-09-08 06:22:09,748 - 1505172 - piper.organizer - ERROR - []
2025-09-08 06:22:09,749 - 1505172 - piper.organizer - ERROR - []
2025-09-08 06:22:09,749 - 1505172 - piper.organizer - ERROR - []
2025-09-08 06:22:09,749 - 1505172 - piper.organizer - ERROR - []
2025-09-08 06:22:09,752 - 1505172 - piper.organizer - ERROR - []
2025-09-08 06:22:09,753 - 1505172 - piper.organizer - ERROR - []
2025-09-08 06:22:09,753 - 1505172 - piper.organizer - ERROR - []
2025-09-08 06:22:09,753 - 1505172 - piper.organizer - ERROR - []
2025-09-08 06:22:09,754 - 1505172 - piper.organizer - ERROR - []
2025-09-08 06:22:09,754 - 1505172 - piper.organizer - ERROR - []
2025-09-08 06:22:09,754 - 1505172 - piper.organizer - ERROR - []
2025-09-08 06:22:09,755 - 1505172 - piper.organizer - ERROR - []
2025-09-08 06:22:09,755 - 1505172 - piper.organizer - ERROR - []
2025-09-08 06:22:09,755 - 1505172 - piper.organizer - ERROR - []
2025-09-08 06:22:09,755 - 1505172 - piper.organizer - ERROR - []
2025-09-08 06:22:09,755 - 1505172 - piper.organizer - ERROR - []
2025-09-08 06:22:09,756 - 1505172 - piper.organizer - ERROR - []
2025-09-08 06:22:09,756 - 1505172 - piper.organizer - ERROR - []
2025-09-08 06:22:09,756 - 1505172 - piper.organizer - ERROR - []
2025-09-08 06:22:09,757 - 1505172 - piper.organizer - ERROR - []
2025-09-08 06:22:09,757 - 1505172 - piper.organizer - ERROR - []
2025-09-08 06:22:09,757 - 1505172 - piper.organizer - ERROR - []
2025-09-08 06:22:09,758 - 1505172 - piper.organizer - ERROR - []
2025-09-08 06:22:09,758 - 1505172 - piper.organizer - ERROR - []
2025-09-08 06:22:09,758 - 1505172 - piper.organizer - ERROR - []
2025-09-08 06:22:09,759 - 1505172 - piper.organizer - ERROR - []
2025-09-08 06:22:09,759 - 1505172 - piper.organizer - ERROR - []
2025-09-08 06:22:09,760 - 1505172 - piper.organizer - ERROR - []
2025-09-08 06:22:09,760 - 1505172 - piper.organizer - ERROR - []
2025-09-08 06:22:09,760 - 1505172 - piper.organizer - ERROR - []
2025-09-08 06:22:09,760 - 1505172 - piper.organizer - ERROR - []
2025-09-08 06:22:09,761 - 1505172 - piper.organizer - ERROR - []
2025-09-08 06:22:09,761 - 1505172 - piper.organizer - ERROR - []
2025-09-08 06:22:09,761 - 1505172 - piper.organizer - ERROR - []
2025-09-08 06:22:09,762 - 1505172 - piper.organizer - ERROR - []
2025-09-08 06:22:09,762 - 1505172 - piper.organizer - ERROR - []
2025-09-08 06:22:09,762 - 1505172 - piper.organizer - ERROR - []
2025-09-08 06:22:09,763 - 1505172 - piper.organizer - ERROR - []
2025-09-08 06:22:09,763 - 1505172 - piper.organizer - ERROR - []
2025-09-08 06:22:09,763 - 1505172 - piper.organizer - ERROR - []
2025-09-08 06:22:09,764 - 1505172 - piper.organizer - ERROR - []
2025-09-08 06:22:09,764 - 1505172 - piper.organizer - ERROR - []
2025-09-08 06:22:09,764 - 1505172 - piper.organizer - ERROR - []
2025-09-08 06:22:09,764 - 1505172 - piper.organizer - ERROR - []
2025-09-08 06:22:09,765 - 1505172 - piper.organizer - ERROR - []
2025-09-08 06:22:09,765 - 1505172 - piper.organizer - ERROR - []
2025-09-08 06:22:09,765 - 1505172 - piper.organizer - ERROR - []
2025-09-08 06:22:09,766 - 1505172 - piper.organizer - ERROR - []
2025-09-08 06:22:09,766 - 1505172 - piper.organizer - ERROR - []
2025-09-08 06:22:09,766 - 1505172 - piper.organizer - ERROR - []
2025-09-08 06:22:09,767 - 1505172 - piper.organizer - ERROR - []
2025-09-08 06:22:09,767 - 1505172 - piper.organizer - ERROR - []
2025-09-08 06:22:09,767 - 1505172 - piper.organizer - ERROR - []
2025-09-08 06:22:09,767 - 1505172 - piper.organizer - ERROR - []
2025-09-08 06:22:09,768 - 1505172 - piper.organizer - ERROR - []
2025-09-08 06:22:09,768 - 1505172 - piper.organizer - ERROR - []
2025-09-08 06:22:09,768 - 1505172 - piper.organizer - ERROR - []
2025-09-08 06:22:09,769 - 1505172 - piper.organizer - ERROR - []
2025-09-08 06:22:09,769 - 1505172 - piper.organizer - ERROR - []
2025-09-08 06:22:09,769 - 1505172 - piper.organizer - ERROR - []
2025-09-08 06:22:09,770 - 1505172 - piper.organizer - ERROR - []
2025-09-08 06:22:09,770 - 1505172 - piper.organizer - ERROR - []
2025-09-08 06:22:09,770 - 1505172 - piper.organizer - ERROR - []
2025-09-08 06:22:09,770 - 1505172 - piper.organizer - ERROR - []
2025-09-08 06:22:09,770 - 1505172 - piper.organizer - ERROR - []
2025-09-08 06:22:09,771 - 1505172 - piper.organizer - ERROR - []
2025-09-08 06:22:09,771 - 1505172 - piper.organizer - ERROR - []
2025-09-08 06:22:09,771 - 1505172 - piper.organizer - ERROR - []
2025-09-08 06:22:09,772 - 1505172 - piper.organizer - ERROR - []
2025-09-08 06:22:09,772 - 1505172 - piper.organizer - ERROR - []
2025-09-08 06:22:09,772 - 1505172 - piper.organizer - ERROR - []
2025-09-08 06:22:09,773 - 1505172 - piper.organizer - ERROR - []
2025-09-08 06:22:09,773 - 1505172 - piper.organizer - ERROR - []
2025-09-08 06:22:09,773 - 1505172 - piper.organizer - ERROR - []
2025-09-08 06:22:09,773 - 1505172 - piper.organizer - ERROR - []
2025-09-08 06:22:09,774 - 1505172 - piper.organizer - ERROR - []
2025-09-08 06:22:09,774 - 1505172 - piper.organizer - ERROR - []
2025-09-08 06:22:09,774 - 1505172 - piper.organizer - ERROR - []
2025-09-08 06:22:09,774 - 1505172 - piper.organizer - ERROR - []
2025-09-08 06:22:09,775 - 1505172 - piper.organizer - ERROR - []
2025-09-08 06:22:09,775 - 1505172 - piper.organizer - ERROR - []
2025-09-08 06:22:09,776 - 1505172 - piper.organizer - ERROR - []
2025-09-08 06:22:09,776 - 1505172 - piper.organizer - ERROR - []
2025-09-08 06:22:09,776 - 1505172 - piper.organizer - ERROR - []
2025-09-08 06:22:09,776 - 1505172 - piper.organizer - ERROR - []
2025-09-08 06:22:09,777 - 1505172 - piper.organizer - ERROR - []
2025-09-08 06:22:09,777 - 1505172 - piper.organizer - ERROR - []
2025-09-08 06:22:09,777 - 1505172 - piper.organizer - ERROR - []
2025-09-08 06:22:09,777 - 1505172 - piper.organizer - ERROR - []
2025-09-08 06:22:09,777 - 1505172 - piper.organizer - ERROR - []
2025-09-08 06:22:09,778 - 1505172 - piper.organizer - ERROR - []
2025-09-08 06:22:09,778 - 1505172 - piper.organizer - ERROR - []
2025-09-08 06:22:09,779 - 1505172 - piper.organizer - ERROR - []
2025-09-08 06:22:09,779 - 1505172 - piper.organizer - ERROR - []
2025-09-08 06:22:09,779 - 1505172 - piper.organizer - ERROR - []
2025-09-08 06:22:09,779 - 1505172 - piper.organizer - ERROR - []
2025-09-08 06:22:09,780 - 1505172 - piper.organizer - ERROR - []
2025-09-08 06:22:09,780 - 1505172 - piper.organizer - ERROR - []
2025-09-08 06:22:09,780 - 1505172 - piper.organizer - ERROR - []
2025-09-08 06:22:09,780 - 1505172 - piper.organizer - ERROR - []
2025-09-08 06:22:09,781 - 1505172 - piper.organizer - ERROR - []
2025-09-08 06:22:09,781 - 1505172 - piper.organizer - ERROR - []
2025-09-08 06:22:09,781 - 1505172 - piper.organizer - ERROR - []
2025-09-08 06:22:09,782 - 1505172 - piper.organizer - ERROR - []
2025-09-08 06:22:09,782 - 1505172 - piper.organizer - ERROR - []
2025-09-08 06:22:09,782 - 1505172 - piper.organizer - ERROR - []
2025-09-08 06:22:09,783 - 1505172 - piper.organizer - ERROR - []
2025-09-08 06:22:09,783 - 1505172 - piper.organizer - ERROR - []
2025-09-08 06:22:09,783 - 1505172 - piper.organizer - ERROR - []
2025-09-08 06:22:09,783 - 1505172 - piper.organizer - ERROR - []
2025-09-08 06:22:09,784 - 1505172 - piper.organizer - ERROR - []
2025-09-08 06:22:09,784 - 1505172 - piper.organizer - ERROR - []
2025-09-08 06:22:09,784 - 1505172 - piper.organizer - ERROR - []
2025-09-08 06:22:09,785 - 1505172 - piper.organizer - ERROR - []
2025-09-08 06:22:09,785 - 1505172 - piper.organizer - ERROR - []
2025-09-08 06:22:09,785 - 1505172 - piper.organizer - ERROR - []
2025-09-08 06:22:09,786 - 1505172 - piper.organizer - ERROR - []
2025-09-08 06:22:09,786 - 1505172 - piper.organizer - ERROR - []
2025-09-08 06:22:09,786 - 1505172 - piper.organizer - ERROR - []
2025-09-08 06:22:09,786 - 1505172 - piper.organizer - ERROR - []
2025-09-08 06:22:09,786 - 1505172 - piper.organizer - ERROR - []
2025-09-08 06:22:09,787 - 1505172 - piper.organizer - ERROR - []
2025-09-08 06:22:09,787 - 1505172 - piper.organizer - ERROR - []
2025-09-08 06:22:09,787 - 1505172 - piper.organizer - ERROR - []
2025-09-08 06:22:09,788 - 1505172 - piper.organizer - ERROR - []
2025-09-08 06:22:09,788 - 1505172 - piper.organizer - ERROR - []
2025-09-08 06:22:09,788 - 1505172 - piper.organizer - ERROR - []
2025-09-08 06:22:09,789 - 1505172 - piper.organizer - ERROR - []
2025-09-08 06:22:09,789 - 1505172 - piper.organizer - ERROR - []
2025-09-08 06:22:09,789 - 1505172 - piper.organizer - ERROR - []
2025-09-08 06:22:09,789 - 1505172 - piper.organizer - ERROR - []
2025-09-08 06:22:09,790 - 1505172 - piper.organizer - ERROR - []
2025-09-08 06:22:09,790 - 1505172 - piper.organizer - ERROR - []
2025-09-08 06:22:09,790 - 1505172 - piper.organizer - ERROR - []
2025-09-08 06:22:09,791 - 1505172 - piper.organizer - ERROR - []
2025-09-08 06:22:09,791 - 1505172 - piper.organizer - ERROR - []
2025-09-08 06:22:09,791 - 1505172 - piper.organizer - ERROR - []
2025-09-08 06:22:09,791 - 1505172 - piper.organizer - ERROR - []
2025-09-08 06:22:09,791 - 1505172 - piper.organizer - ERROR - []
2025-09-08 06:22:09,792 - 1505172 - piper.organizer - ERROR - []
2025-09-08 06:22:09,792 - 1505172 - piper.organizer - ERROR - []
2025-09-08 06:22:09,792 - 1505172 - piper.organizer - ERROR - []
2025-09-08 06:22:09,793 - 1505172 - piper.organizer - ERROR - []
2025-09-08 06:22:09,793 - 1505172 - piper.organizer - ERROR - []
2025-09-08 06:22:09,793 - 1505172 - piper.organizer - ERROR - []
2025-09-08 06:22:09,793 - 1505172 - piper.organizer - ERROR - []
2025-09-08 06:22:09,794 - 1505172 - piper.organizer - ERROR - []
2025-09-08 06:22:09,794 - 1505172 - piper.organizer - ERROR - []
2025-09-08 06:22:09,794 - 1505172 - piper.organizer - ERROR - []
2025-09-08 06:22:09,795 - 1505172 - piper.organizer - ERROR - []
2025-09-08 06:22:09,795 - 1505172 - piper.organizer - ERROR - []
2025-09-08 06:22:09,795 - 1505172 - piper.organizer - ERROR - []
2025-09-08 06:22:09,796 - 1505172 - piper.organizer - ERROR - []
2025-09-08 06:22:09,796 - 1505172 - piper.organizer - ERROR - []
2025-09-08 06:22:09,796 - 1505172 - piper.organizer - ERROR - []
2025-09-08 06:22:09,797 - 1505172 - piper.organizer - ERROR - []
2025-09-08 06:22:09,797 - 1505172 - piper.organizer - ERROR - []
2025-09-08 06:22:09,797 - 1505172 - piper.organizer - ERROR - []
2025-09-08 06:22:09,797 - 1505172 - piper.organizer - ERROR - []
2025-09-08 06:22:09,797 - 1505172 - piper.organizer - ERROR - []
2025-09-08 06:22:09,798 - 1505172 - piper.organizer - ERROR - []
2025-09-08 06:22:09,798 - 1505172 - piper.organizer - ERROR - []
2025-09-08 06:22:09,798 - 1505172 - piper.organizer - ERROR - []
2025-09-08 06:22:09,799 - 1505172 - piper.organizer - ERROR - []
2025-09-08 06:22:09,799 - 1505172 - piper.organizer - ERROR - []
2025-09-08 06:22:09,799 - 1505172 - piper.organizer - ERROR - []
2025-09-08 06:22:09,799 - 1505172 - piper.organizer - ERROR - []
2025-09-08 06:22:09,800 - 1505172 - piper.organizer - ERROR - []
2025-09-08 06:22:09,800 - 1505172 - piper.organizer - ERROR - []
2025-09-08 06:22:09,800 - 1505172 - piper.organizer - ERROR - []
2025-09-08 06:22:09,800 - 1505172 - piper.organizer - ERROR - []
2025-09-08 06:22:09,801 - 1505172 - piper.organizer - ERROR - []
2025-09-08 06:22:09,802 - 1505172 - piper.organizer - ERROR - []
2025-09-08 06:22:09,802 - 1505172 - piper.organizer - ERROR - []
2025-09-08 06:22:09,803 - 1505172 - piper.organizer - ERROR - []
2025-09-08 06:22:09,803 - 1505172 - piper.organizer - ERROR - []
2025-09-08 06:22:09,803 - 1505172 - piper.organizer - ERROR - []
2025-09-08 06:22:09,804 - 1505172 - piper.organizer - ERROR - []
2025-09-08 06:22:09,804 - 1505172 - piper.organizer - ERROR - []
2025-09-08 06:22:09,806 - 1505172 - piper.organizer - ERROR - []
2025-09-08 06:22:09,807 - 1505172 - piper.organizer - ERROR - []
2025-09-08 06:22:09,807 - 1505172 - piper.organizer - ERROR - []
2025-09-08 06:22:09,808 - 1505172 - piper.organizer - ERROR - []
2025-09-08 06:22:09,808 - 1505172 - piper.organizer - ERROR - []
2025-09-08 06:22:09,808 - 1505172 - piper.organizer - ERROR - []
2025-09-08 06:22:09,808 - 1505172 - piper.organizer - ERROR - []
2025-09-08 06:22:09,810 - 1505172 - piper.organizer - ERROR - []
2025-09-08 06:22:09,810 - 1505172 - piper.organizer - ERROR - []
2025-09-08 06:22:09,810 - 1505172 - piper.organizer - ERROR - []
2025-09-08 06:22:09,811 - 1505172 - piper.organizer - ERROR - []
2025-09-08 06:22:09,811 - 1505172 - piper.organizer - ERROR - []
2025-09-08 06:22:09,812 - 1505172 - piper.organizer - ERROR - []
2025-09-08 06:22:09,812 - 1505172 - piper.organizer - ERROR - []
2025-09-08 06:22:09,813 - 1505172 - piper.organizer - ERROR - []
2025-09-08 06:22:09,813 - 1505172 - piper.organizer - ERROR - []
2025-09-08 06:22:09,813 - 1505172 - piper.organizer - ERROR - []
2025-09-08 06:22:09,813 - 1505172 - piper.organizer - ERROR - []
2025-09-08 06:22:09,814 - 1505172 - piper.organizer - ERROR - []
2025-09-08 06:22:09,815 - 1505172 - piper.organizer - ERROR - []
2025-09-08 06:22:09,815 - 1505172 - piper.organizer - ERROR - []
2025-09-08 06:22:09,816 - 1505172 - piper.organizer - ERROR - []
2025-09-08 06:22:09,816 - 1505172 - piper.organizer - ERROR - []
2025-09-08 06:22:09,817 - 1505172 - piper.organizer - ERROR - []
2025-09-08 06:22:09,818 - 1505172 - piper.organizer - ERROR - []
2025-09-08 06:22:09,818 - 1505172 - piper.organizer - ERROR - []
2025-09-08 06:22:09,819 - 1505172 - piper.organizer - ERROR - []
2025-09-08 06:22:09,819 - 1505172 - piper.organizer - ERROR - []
2025-09-08 06:22:09,820 - 1505172 - piper.organizer - ERROR - []
2025-09-08 06:22:09,820 - 1505172 - piper.organizer - ERROR - []
2025-09-08 06:22:09,820 - 1505172 - piper.organizer - ERROR - []
2025-09-08 06:22:09,821 - 1505172 - piper.organizer - ERROR - []
2025-09-08 06:22:09,821 - 1505172 - piper.organizer - ERROR - []
2025-09-08 06:22:09,821 - 1505172 - piper.organizer - ERROR - []
2025-09-08 06:22:09,821 - 1505172 - piper.organizer - ERROR - []
2025-09-08 06:22:09,821 - 1505172 - piper.organizer - ERROR - []
2025-09-08 06:22:09,822 - 1505172 - piper.organizer - ERROR - []
2025-09-08 06:22:09,822 - 1505172 - piper.organizer - ERROR - []
2025-09-08 06:22:09,823 - 1505172 - piper.organizer - ERROR - []
2025-09-08 06:22:09,823 - 1505172 - piper.organizer - ERROR - []
2025-09-08 06:22:09,824 - 1505172 - piper.organizer - ERROR - []
2025-09-08 06:22:09,824 - 1505172 - piper.organizer - ERROR - []
2025-09-08 06:22:09,824 - 1505172 - piper.organizer - ERROR - []
2025-09-08 06:22:09,824 - 1505172 - piper.organizer - ERROR - []
2025-09-08 06:22:09,824 - 1505172 - piper.organizer - ERROR - []
2025-09-08 06:22:09,825 - 1505172 - piper.organizer - ERROR - []
2025-09-08 06:22:09,826 - 1505172 - piper.organizer - ERROR - []
2025-09-08 06:22:09,827 - 1505172 - piper.organizer - ERROR - []
2025-09-08 06:22:09,828 - 1505172 - piper.organizer - ERROR - []
2025-09-08 06:22:09,828 - 1505172 - piper.organizer - ERROR - []
2025-09-08 06:22:09,829 - 1505172 - piper.organizer - ERROR - []
2025-09-08 06:22:09,829 - 1505172 - piper.organizer - ERROR - []
2025-09-08 06:22:09,829 - 1505172 - piper.organizer - ERROR - []
2025-09-08 06:22:09,830 - 1505172 - piper.organizer - ERROR - []
2025-09-08 06:22:09,830 - 1505172 - piper.organizer - ERROR - []
2025-09-08 06:22:09,830 - 1505172 - piper.organizer - ERROR - []
2025-09-08 06:22:09,830 - 1505172 - piper.organizer - ERROR - []
2025-09-08 06:22:09,830 - 1505172 - piper.organizer - ERROR - []
2025-09-08 06:22:09,830 - 1505172 - piper.organizer - ERROR - []
2025-09-08 06:22:09,830 - 1505172 - piper.organizer - ERROR - []
2025-09-08 06:22:09,831 - 1505172 - piper.organizer - ERROR - []
2025-09-08 06:22:09,831 - 1505172 - piper.organizer - ERROR - []
2025-09-08 06:22:09,831 - 1505172 - piper.organizer - ERROR - []
2025-09-08 06:22:09,831 - 1505172 - piper.organizer - ERROR - []
2025-09-08 06:22:09,833 - 1505172 - piper.organizer - ERROR - []
2025-09-08 06:22:09,833 - 1505172 - piper.organizer - ERROR - []
2025-09-08 06:22:09,834 - 1505172 - piper.organizer - ERROR - []
2025-09-08 06:22:09,834 - 1505172 - piper.organizer - ERROR - []
2025-09-08 06:22:09,834 - 1505172 - piper.organizer - ERROR - []
2025-09-08 06:22:09,834 - 1505172 - piper.organizer - ERROR - []
2025-09-08 06:22:09,835 - 1505172 - piper.organizer - ERROR - []
2025-09-08 06:22:09,835 - 1505172 - piper.organizer - ERROR - []
2025-09-08 06:22:09,835 - 1505172 - piper.organizer - ERROR - []
2025-09-08 06:22:09,836 - 1505172 - piper.organizer - ERROR - []
2025-09-08 06:22:09,836 - 1505172 - piper.organizer - ERROR - []
2025-09-08 06:22:09,836 - 1505172 - piper.organizer - ERROR - []
2025-09-08 06:22:09,836 - 1505172 - piper.organizer - ERROR - []
2025-09-08 06:22:09,836 - 1505172 - piper.organizer - ERROR - []
2025-09-08 06:22:09,838 - 1505172 - piper.organizer - ERROR - []
2025-09-08 06:22:09,838 - 1505172 - piper.organizer - ERROR - []
2025-09-08 06:22:09,838 - 1505172 - piper.organizer - ERROR - []
2025-09-08 06:22:09,839 - 1505172 - piper.organizer - ERROR - []
2025-09-08 06:22:09,840 - 1505172 - piper.organizer - ERROR - []
2025-09-08 06:22:09,840 - 1505172 - piper.organizer - ERROR - []
2025-09-08 06:22:09,840 - 1505172 - piper.organizer - ERROR - []
2025-09-08 06:22:09,842 - 1505172 - piper.organizer - ERROR - []
2025-09-08 06:22:09,842 - 1505172 - piper.organizer - ERROR - []
2025-09-08 06:22:09,842 - 1505172 - piper.organizer - ERROR - []
2025-09-08 06:22:09,842 - 1505172 - piper.organizer - ERROR - []
2025-09-08 06:22:09,843 - 1505172 - piper.organizer - ERROR - []
2025-09-08 06:22:09,843 - 1505172 - piper.organizer - ERROR - []
2025-09-08 06:22:09,843 - 1505172 - piper.organizer - ERROR - []
2025-09-08 06:22:09,844 - 1505172 - piper.organizer - ERROR - []
2025-09-08 06:22:09,844 - 1505172 - piper.organizer - ERROR - []
2025-09-08 06:22:09,844 - 1505172 - piper.organizer - ERROR - []
2025-09-08 06:22:09,844 - 1505172 - piper.organizer - ERROR - []
2025-09-08 06:22:09,844 - 1505172 - piper.organizer - ERROR - []
2025-09-08 06:22:09,845 - 1505172 - piper.organizer - ERROR - []
2025-09-08 06:22:09,845 - 1505172 - piper.organizer - ERROR - []
2025-09-08 06:22:09,846 - 1505172 - piper.organizer - ERROR - []
2025-09-08 06:22:09,847 - 1505172 - piper.organizer - ERROR - []
2025-09-08 06:22:09,847 - 1505172 - piper.organizer - ERROR - []
2025-09-08 06:22:09,848 - 1505172 - piper.organizer - ERROR - []
2025-09-08 06:22:09,848 - 1505172 - piper.organizer - ERROR - []
2025-09-08 06:22:09,848 - 1505172 - piper.organizer - ERROR - []
2025-09-08 06:22:09,849 - 1505172 - piper.organizer - ERROR - []
2025-09-08 06:22:09,851 - 1505172 - piper.organizer - ERROR - []
2025-09-08 06:22:09,851 - 1505172 - piper.organizer - ERROR - []
2025-09-08 06:22:09,851 - 1505172 - piper.organizer - ERROR - []
2025-09-08 06:22:09,852 - 1505172 - piper.organizer - ERROR - []
2025-09-08 06:22:09,852 - 1505172 - piper.organizer - ERROR - []
2025-09-08 06:22:09,852 - 1505172 - piper.organizer - ERROR - []
2025-09-08 06:22:09,852 - 1505172 - piper.organizer - ERROR - []
2025-09-08 06:22:09,852 - 1505172 - piper.organizer - ERROR - []
2025-09-08 06:22:09,852 - 1505172 - piper.organizer - ERROR - []
2025-09-08 06:22:09,853 - 1505172 - piper.organizer - ERROR - []
2025-09-08 06:22:09,853 - 1505172 - piper.organizer - ERROR - []
2025-09-08 06:22:09,853 - 1505172 - piper.organizer - ERROR - []
2025-09-08 06:22:09,854 - 1505172 - piper.organizer - ERROR - []
2025-09-08 06:22:09,854 - 1505172 - piper.organizer - ERROR - []
2025-09-08 06:22:09,854 - 1505172 - piper.organizer - ERROR - []
2025-09-08 06:22:09,854 - 1505172 - piper.organizer - ERROR - []
2025-09-08 06:22:09,855 - 1505172 - piper.organizer - ERROR - []
2025-09-08 06:22:09,856 - 1505172 - piper.organizer - ERROR - []
2025-09-08 06:22:09,856 - 1505172 - piper.organizer - ERROR - []
2025-09-08 06:22:09,856 - 1505172 - piper.organizer - ERROR - []
2025-09-08 06:22:09,856 - 1505172 - piper.organizer - ERROR - []
2025-09-08 06:22:09,857 - 1505172 - piper.organizer - ERROR - []
2025-09-08 06:22:09,858 - 1505172 - piper.organizer - ERROR - []
2025-09-08 06:22:09,858 - 1505172 - piper.organizer - ERROR - []
2025-09-08 06:22:09,858 - 1505172 - piper.organizer - ERROR - []
2025-09-08 06:22:09,858 - 1505172 - piper.organizer - ERROR - []
2025-09-08 06:22:09,859 - 1505172 - piper.organizer - ERROR - []
2025-09-08 06:22:09,859 - 1505172 - piper.organizer - ERROR - []
2025-09-08 06:22:09,860 - 1505172 - piper.organizer - ERROR - []
2025-09-08 06:22:09,860 - 1505172 - piper.organizer - ERROR - []
2025-09-08 06:22:09,860 - 1505172 - piper.organizer - ERROR - []
2025-09-08 06:22:09,861 - 1505172 - piper.organizer - ERROR - []
2025-09-08 06:22:09,861 - 1505172 - piper.organizer - ERROR - []
2025-09-08 06:22:09,861 - 1505172 - piper.organizer - ERROR - []
2025-09-08 06:22:09,862 - 1505172 - piper.organizer - ERROR - []
2025-09-08 06:22:09,862 - 1505172 - piper.organizer - ERROR - []
2025-09-08 06:22:09,864 - 1505172 - piper.organizer - ERROR - []
2025-09-08 06:22:09,864 - 1505172 - piper.organizer - ERROR - []
2025-09-08 06:22:09,865 - 1505172 - piper.organizer - ERROR - []
2025-09-08 06:22:09,866 - 1505172 - piper.organizer - ERROR - []
2025-09-08 06:22:09,866 - 1505172 - piper.organizer - ERROR - []
2025-09-08 06:22:09,866 - 1505172 - piper.organizer - ERROR - []
2025-09-08 06:22:09,866 - 1505172 - piper.organizer - ERROR - []
2025-09-08 06:22:09,866 - 1505172 - piper.organizer - ERROR - []
2025-09-08 06:22:09,866 - 1505172 - piper.organizer - ERROR - []
2025-09-08 06:22:09,866 - 1505172 - piper.organizer - ERROR - []
2025-09-08 06:22:09,867 - 1505172 - piper.organizer - ERROR - []
2025-09-08 06:22:09,869 - 1505172 - piper.organizer - ERROR - []
2025-09-08 06:22:09,870 - 1505172 - piper.organizer - ERROR - []
2025-09-08 06:22:09,871 - 1505172 - piper.organizer - ERROR - []
2025-09-08 06:22:09,871 - 1505172 - piper.organizer - ERROR - []
2025-09-08 06:22:09,872 - 1505172 - piper.organizer - ERROR - []
2025-09-08 06:22:09,872 - 1505172 - piper.organizer - ERROR - []
2025-09-08 06:22:09,874 - 1505172 - piper.organizer - ERROR - []
2025-09-08 06:22:09,874 - 1505172 - piper.organizer - ERROR - []
2025-09-08 06:22:09,874 - 1505172 - piper.organizer - ERROR - []
2025-09-08 06:22:09,875 - 1505172 - piper.organizer - ERROR - []
2025-09-08 06:22:09,875 - 1505172 - piper.organizer - ERROR - []
2025-09-08 06:22:09,875 - 1505172 - piper.organizer - ERROR - []
2025-09-08 06:22:09,875 - 1505172 - piper.organizer - ERROR - []
2025-09-08 06:22:09,876 - 1505172 - piper.organizer - ERROR - []
2025-09-08 06:22:09,876 - 1505172 - piper.organizer - ERROR - []
2025-09-08 06:22:09,876 - 1505172 - piper.organizer - ERROR - []
2025-09-08 06:22:09,877 - 1505172 - piper.organizer - ERROR - []
2025-09-08 06:22:09,877 - 1505172 - piper.organizer - ERROR - []
2025-09-08 06:22:09,877 - 1505172 - piper.organizer - ERROR - []
2025-09-08 06:22:09,878 - 1505172 - piper.organizer - ERROR - []
2025-09-08 06:22:09,878 - 1505172 - piper.organizer - ERROR - []
2025-09-08 06:22:09,878 - 1505172 - piper.organizer - ERROR - []
2025-09-08 06:22:09,879 - 1505172 - piper.organizer - ERROR - []
2025-09-08 06:22:09,879 - 1505172 - piper.organizer - ERROR - []
2025-09-08 06:22:09,879 - 1505172 - piper.organizer - ERROR - []
2025-09-08 06:22:09,880 - 1505172 - piper.organizer - ERROR - []
2025-09-08 06:22:09,880 - 1505172 - piper.organizer - ERROR - []
2025-09-08 06:22:09,880 - 1505172 - piper.organizer - ERROR - []
2025-09-08 06:22:09,881 - 1505172 - piper.organizer - ERROR - []
2025-09-08 06:22:09,881 - 1505172 - piper.organizer - ERROR - []
2025-09-08 06:22:09,881 - 1505172 - piper.organizer - ERROR - []
2025-09-08 06:22:09,882 - 1505172 - piper.organizer - ERROR - []
2025-09-08 06:22:09,882 - 1505172 - piper.organizer - ERROR - []
2025-09-08 06:22:09,882 - 1505172 - piper.organizer - ERROR - []
2025-09-08 06:22:09,882 - 1505172 - piper.organizer - ERROR - []
2025-09-08 06:22:09,882 - 1505172 - piper.organizer - ERROR - []
2025-09-08 06:22:09,884 - 1505172 - piper.organizer - ERROR - []
2025-09-08 06:22:09,885 - 1505172 - piper.organizer - ERROR - []
2025-09-08 06:22:09,885 - 1505172 - piper.organizer - ERROR - []
2025-09-08 06:22:09,885 - 1505172 - piper.organizer - ERROR - []
2025-09-08 06:22:09,885 - 1505172 - piper.organizer - ERROR - []
2025-09-08 06:22:09,886 - 1505172 - piper.organizer - ERROR - []
2025-09-08 06:22:09,886 - 1505172 - piper.organizer - ERROR - []
2025-09-08 06:22:09,886 - 1505172 - piper.organizer - ERROR - []
2025-09-08 06:22:09,886 - 1505172 - piper.organizer - ERROR - []
2025-09-08 06:22:09,887 - 1505172 - piper.organizer - ERROR - []
2025-09-08 06:22:09,887 - 1505172 - piper.organizer - ERROR - []
2025-09-08 06:22:09,887 - 1505172 - piper.organizer - ERROR - []
2025-09-08 06:22:09,888 - 1505172 - piper.organizer - ERROR - []
2025-09-08 06:22:09,888 - 1505172 - piper.organizer - ERROR - []
2025-09-08 06:22:09,888 - 1505172 - piper.organizer - ERROR - []
2025-09-08 06:22:09,889 - 1505172 - piper.organizer - ERROR - []
2025-09-08 06:22:09,889 - 1505172 - piper.organizer - ERROR - []
2025-09-08 06:22:09,889 - 1505172 - piper.organizer - ERROR - []
2025-09-08 06:22:09,889 - 1505172 - piper.organizer - ERROR - []
2025-09-08 06:22:09,890 - 1505172 - piper.organizer - ERROR - []
2025-09-08 06:22:09,890 - 1505172 - piper.organizer - ERROR - []
2025-09-08 06:22:09,890 - 1505172 - piper.organizer - ERROR - []
2025-09-08 06:22:09,891 - 1505172 - piper.organizer - ERROR - []
2025-09-08 06:22:09,891 - 1505172 - piper.organizer - ERROR - []
2025-09-08 06:22:09,891 - 1505172 - piper.organizer - ERROR - []
2025-09-08 06:22:09,891 - 1505172 - piper.organizer - ERROR - []
2025-09-08 06:22:09,892 - 1505172 - piper.organizer - ERROR - []
2025-09-08 06:22:09,892 - 1505172 - piper.organizer - ERROR - []
2025-09-08 06:22:09,892 - 1505172 - piper.organizer - ERROR - []
2025-09-08 06:22:09,892 - 1505172 - piper.organizer - ERROR - []
2025-09-08 06:22:09,893 - 1505172 - piper.organizer - ERROR - []
2025-09-08 06:22:09,893 - 1505172 - piper.organizer - ERROR - []
2025-09-08 06:22:09,893 - 1505172 - piper.organizer - ERROR - []
2025-09-08 06:22:09,894 - 1505172 - piper.organizer - ERROR - []
2025-09-08 06:22:09,894 - 1505172 - piper.organizer - ERROR - []
2025-09-08 06:22:09,894 - 1505172 - piper.organizer - ERROR - []
2025-09-08 06:22:09,895 - 1505172 - piper.organizer - ERROR - []
2025-09-08 06:22:09,895 - 1505172 - piper.organizer - ERROR - []
2025-09-08 06:22:09,895 - 1505172 - piper.organizer - ERROR - []
2025-09-08 06:22:09,896 - 1505172 - piper.organizer - ERROR - []
2025-09-08 06:22:09,896 - 1505172 - piper.organizer - ERROR - []
2025-09-08 06:22:09,896 - 1505172 - piper.organizer - ERROR - []
2025-09-08 06:22:09,897 - 1505172 - piper.organizer - ERROR - []
2025-09-08 06:22:09,897 - 1505172 - piper.organizer - ERROR - []
2025-09-08 06:22:09,897 - 1505172 - piper.organizer - ERROR - []
2025-09-08 06:22:09,898 - 1505172 - piper.organizer - ERROR - []
2025-09-08 06:22:09,898 - 1505172 - piper.organizer - ERROR - []
2025-09-08 06:22:09,898 - 1505172 - piper.organizer - ERROR - []
2025-09-08 06:22:09,899 - 1505172 - piper.organizer - ERROR - []
2025-09-08 06:22:09,899 - 1505172 - piper.organizer - ERROR - []
2025-09-08 06:22:09,899 - 1505172 - piper.organizer - ERROR - []
2025-09-08 06:22:09,900 - 1505172 - piper.organizer - ERROR - []
2025-09-08 06:22:09,900 - 1505172 - piper.organizer - ERROR - []
2025-09-08 06:22:09,900 - 1505172 - piper.organizer - ERROR - []
2025-09-08 06:22:09,900 - 1505172 - piper.organizer - ERROR - []
2025-09-08 06:22:09,901 - 1505172 - piper.organizer - ERROR - []
2025-09-08 06:22:09,901 - 1505172 - piper.organizer - ERROR - []
2025-09-08 06:22:09,901 - 1505172 - piper.organizer - ERROR - []
2025-09-08 06:22:09,901 - 1505172 - piper.organizer - ERROR - []
2025-09-08 06:22:09,902 - 1505172 - piper.organizer - ERROR - []
2025-09-08 06:22:09,902 - 1505172 - piper.organizer - ERROR - []
2025-09-08 06:22:09,902 - 1505172 - piper.organizer - ERROR - []
2025-09-08 06:22:09,903 - 1505172 - piper.organizer - ERROR - []
2025-09-08 06:22:09,903 - 1505172 - piper.organizer - ERROR - []
2025-09-08 06:22:09,903 - 1505172 - piper.organizer - ERROR - []
2025-09-08 06:22:09,903 - 1505172 - piper.organizer - ERROR - []
2025-09-08 06:22:09,903 - 1505172 - piper.organizer - ERROR - []
2025-09-08 06:22:09,904 - 1505172 - piper.organizer - ERROR - []
2025-09-08 06:22:09,904 - 1505172 - piper.organizer - ERROR - []
2025-09-08 06:22:09,905 - 1505172 - piper.organizer - ERROR - []
2025-09-08 06:22:09,906 - 1505172 - piper.organizer - ERROR - []
2025-09-08 06:22:09,906 - 1505172 - piper.organizer - ERROR - []
2025-09-08 06:22:09,906 - 1505172 - piper.organizer - ERROR - []
2025-09-08 06:22:09,906 - 1505172 - piper.organizer - ERROR - []
2025-09-08 06:22:09,907 - 1505172 - piper.organizer - ERROR - []
2025-09-08 06:22:09,907 - 1505172 - piper.organizer - ERROR - []
2025-09-08 06:22:09,908 - 1505172 - piper.organizer - ERROR - []
2025-09-08 06:22:09,908 - 1505172 - piper.organizer - ERROR - []
2025-09-08 06:22:09,908 - 1505172 - piper.organizer - ERROR - []
2025-09-08 06:22:09,909 - 1505172 - piper.organizer - ERROR - []
2025-09-08 06:22:09,909 - 1505172 - piper.organizer - ERROR - []
2025-09-08 06:22:09,909 - 1505172 - piper.organizer - ERROR - []
2025-09-08 06:22:09,910 - 1505172 - piper.organizer - ERROR - []
2025-09-08 06:22:09,911 - 1505172 - piper.organizer - ERROR - []
2025-09-08 06:22:09,911 - 1505172 - piper.organizer - ERROR - []
2025-09-08 06:22:09,912 - 1505172 - piper.organizer - ERROR - []
2025-09-08 06:22:09,912 - 1505172 - piper.organizer - ERROR - []
2025-09-08 06:22:09,913 - 1505172 - piper.organizer - ERROR - []
2025-09-08 06:22:09,913 - 1505172 - piper.organizer - ERROR - []
2025-09-08 06:22:09,913 - 1505172 - piper.organizer - ERROR - []
2025-09-08 06:22:09,913 - 1505172 - piper.organizer - ERROR - []
2025-09-08 06:22:09,914 - 1505172 - piper.organizer - ERROR - []
2025-09-08 06:22:09,914 - 1505172 - piper.organizer - ERROR - []
2025-09-08 06:22:09,915 - 1505172 - piper.organizer - ERROR - []
2025-09-08 06:22:09,915 - 1505172 - piper.organizer - ERROR - []
2025-09-08 06:22:09,915 - 1505172 - piper.organizer - ERROR - []
2025-09-08 06:22:09,915 - 1505172 - piper.organizer - ERROR - []
2025-09-08 06:22:09,916 - 1505172 - piper.organizer - ERROR - []
2025-09-08 06:22:09,916 - 1505172 - piper.organizer - ERROR - []
2025-09-08 06:22:09,916 - 1505172 - piper.organizer - ERROR - []
2025-09-08 06:22:09,916 - 1505172 - piper.organizer - ERROR - []
2025-09-08 06:22:09,917 - 1505172 - piper.organizer - ERROR - []
2025-09-08 06:22:09,917 - 1505172 - piper.organizer - ERROR - []
2025-09-08 06:22:09,918 - 1505172 - piper.organizer - ERROR - []
2025-09-08 06:22:09,918 - 1505172 - piper.organizer - ERROR - []
2025-09-08 06:22:09,918 - 1505172 - piper.organizer - ERROR - []
2025-09-08 06:22:09,919 - 1505172 - piper.organizer - ERROR - []
2025-09-08 06:22:09,920 - 1505172 - piper.organizer - ERROR - []
2025-09-08 06:22:09,921 - 1505172 - piper.organizer - ERROR - []
2025-09-08 06:22:09,921 - 1505172 - piper.organizer - ERROR - []
2025-09-08 06:22:09,921 - 1505172 - piper.organizer - ERROR - []
2025-09-08 06:22:09,921 - 1505172 - piper.organizer - ERROR - []
2025-09-08 06:22:09,922 - 1505172 - piper.organizer - ERROR - []
2025-09-08 06:22:09,923 - 1505172 - piper.organizer - ERROR - []
2025-09-08 06:22:09,923 - 1505172 - piper.organizer - ERROR - []
2025-09-08 06:22:09,923 - 1505172 - piper.organizer - ERROR - []
2025-09-08 06:22:09,924 - 1505172 - piper.organizer - ERROR - []
2025-09-08 06:22:09,924 - 1505172 - piper.organizer - ERROR - []
2025-09-08 06:22:09,924 - 1505172 - piper.organizer - ERROR - []
2025-09-08 06:22:09,925 - 1505172 - piper.organizer - ERROR - []
2025-09-08 06:22:09,925 - 1505172 - piper.organizer - ERROR - []
2025-09-08 06:22:09,925 - 1505172 - piper.organizer - ERROR - []
2025-09-08 06:22:09,925 - 1505172 - piper.organizer - ERROR - []
2025-09-08 06:22:09,926 - 1505172 - piper.organizer - ERROR - []
2025-09-08 06:22:09,926 - 1505172 - piper.organizer - ERROR - []
2025-09-08 06:22:09,926 - 1505172 - piper.organizer - ERROR - []
2025-09-08 06:22:09,927 - 1505172 - piper.organizer - ERROR - []
2025-09-08 06:22:09,927 - 1505172 - piper.organizer - ERROR - []
2025-09-08 06:22:09,927 - 1505172 - piper.organizer - ERROR - []
2025-09-08 06:22:09,928 - 1505172 - piper.organizer - ERROR - []
2025-09-08 06:22:09,929 - 1505172 - piper.organizer - ERROR - []
2025-09-08 06:22:09,929 - 1505172 - piper.organizer - ERROR - []
2025-09-08 06:22:09,929 - 1505172 - piper.organizer - ERROR - []
2025-09-08 06:22:09,929 - 1505172 - piper.organizer - ERROR - []
2025-09-08 06:22:09,930 - 1505172 - piper.organizer - ERROR - []
2025-09-08 06:22:09,930 - 1505172 - piper.organizer - ERROR - []
2025-09-08 06:22:09,931 - 1505172 - piper.organizer - ERROR - []
2025-09-08 06:22:09,931 - 1505172 - piper.organizer - ERROR - []
2025-09-08 06:22:09,931 - 1505172 - piper.organizer - ERROR - []
2025-09-08 06:22:09,931 - 1505172 - piper.organizer - ERROR - []
2025-09-08 06:22:09,932 - 1505172 - piper.organizer - ERROR - []
2025-09-08 06:22:09,932 - 1505172 - piper.organizer - ERROR - []
2025-09-08 06:22:09,932 - 1505172 - piper.organizer - ERROR - []
2025-09-08 06:22:09,932 - 1505172 - piper.organizer - ERROR - []
2025-09-08 06:22:09,933 - 1505172 - piper.organizer - ERROR - []
2025-09-08 06:22:09,933 - 1505172 - piper.organizer - ERROR - []
2025-09-08 06:22:09,933 - 1505172 - piper.organizer - ERROR - []
2025-09-08 06:22:09,934 - 1505172 - piper.organizer - ERROR - []
2025-09-08 06:22:09,935 - 1505172 - piper.organizer - ERROR - []
2025-09-08 06:22:09,935 - 1505172 - piper.organizer - ERROR - []
2025-09-08 06:22:09,935 - 1505172 - piper.organizer - ERROR - []
2025-09-08 06:22:09,936 - 1505172 - piper.organizer - ERROR - []
2025-09-08 06:22:09,936 - 1505172 - piper.organizer - ERROR - []
2025-09-08 06:22:09,936 - 1505172 - piper.organizer - ERROR - []
2025-09-08 06:22:09,936 - 1505172 - piper.organizer - ERROR - []
2025-09-08 06:22:09,936 - 1505172 - piper.organizer - ERROR - []
2025-09-08 06:22:09,936 - 1505172 - piper.organizer - ERROR - []
2025-09-08 06:22:09,937 - 1505172 - piper.organizer - ERROR - []
2025-09-08 06:22:09,938 - 1505172 - piper.organizer - ERROR - []
2025-09-08 06:22:09,938 - 1505172 - piper.organizer - ERROR - []
2025-09-08 06:22:09,939 - 1505172 - piper.organizer - ERROR - []
2025-09-08 06:22:09,940 - 1505172 - piper.organizer - ERROR - []
2025-09-08 06:22:09,940 - 1505172 - piper.organizer - ERROR - []
2025-09-08 06:22:09,940 - 1505172 - piper.organizer - ERROR - []
2025-09-08 06:22:09,940 - 1505172 - piper.organizer - ERROR - []
2025-09-08 06:22:09,940 - 1505172 - piper.organizer - ERROR - []
2025-09-08 06:22:09,940 - 1505172 - piper.organizer - ERROR - []
2025-09-08 06:22:09,940 - 1505172 - piper.organizer - ERROR - []
2025-09-08 06:22:09,941 - 1505172 - piper.organizer - ERROR - []
2025-09-08 06:22:09,942 - 1505172 - piper.organizer - ERROR - []
2025-09-08 06:22:09,942 - 1505172 - piper.organizer - ERROR - []
2025-09-08 06:22:09,943 - 1505172 - piper.organizer - ERROR - []
2025-09-08 06:22:09,943 - 1505172 - piper.organizer - ERROR - []
2025-09-08 06:22:09,946 - 1505172 - piper.organizer - ERROR - []
2025-09-08 06:22:09,946 - 1505172 - piper.organizer - ERROR - []
2025-09-08 06:22:09,946 - 1505172 - piper.organizer - ERROR - []
2025-09-08 06:22:09,947 - 1505172 - piper.organizer - ERROR - []
2025-09-08 06:22:09,947 - 1505172 - piper.organizer - ERROR - []
2025-09-08 06:22:09,947 - 1505172 - piper.organizer - ERROR - []
2025-09-08 06:22:09,947 - 1505172 - piper.organizer - ERROR - []
2025-09-08 06:22:09,949 - 1505172 - piper.organizer - ERROR - []
2025-09-08 06:22:09,949 - 1505172 - piper.organizer - ERROR - []
2025-09-08 06:22:09,949 - 1505172 - piper.organizer - ERROR - []
2025-09-08 06:22:09,949 - 1505172 - piper.organizer - ERROR - []
2025-09-08 06:22:09,950 - 1505172 - piper.organizer - ERROR - []
2025-09-08 06:22:09,950 - 1505172 - piper.organizer - ERROR - []
2025-09-08 06:22:09,950 - 1505172 - piper.organizer - ERROR - []
2025-09-08 06:22:09,951 - 1505172 - piper.organizer - ERROR - []
2025-09-08 06:22:09,951 - 1505172 - piper.organizer - ERROR - []
2025-09-08 06:22:09,951 - 1505172 - piper.organizer - ERROR - []
2025-09-08 06:22:09,951 - 1505172 - piper.organizer - ERROR - []
2025-09-08 06:22:09,952 - 1505172 - piper.organizer - ERROR - []
2025-09-08 06:22:09,952 - 1505172 - piper.organizer - ERROR - []
2025-09-08 06:22:09,952 - 1505172 - piper.organizer - ERROR - []
2025-09-08 06:22:09,953 - 1505172 - piper.organizer - ERROR - []
2025-09-08 06:22:09,953 - 1505172 - piper.organizer - ERROR - []
2025-09-08 06:22:09,953 - 1505172 - piper.organizer - ERROR - []
2025-09-08 06:22:09,954 - 1505172 - piper.organizer - ERROR - []
2025-09-08 06:22:09,954 - 1505172 - piper.organizer - ERROR - []
2025-09-08 06:22:09,954 - 1505172 - piper.organizer - ERROR - []
2025-09-08 06:22:09,954 - 1505172 - piper.organizer - ERROR - []
2025-09-08 06:22:09,955 - 1505172 - piper.organizer - ERROR - []
2025-09-08 06:22:09,955 - 1505172 - piper.organizer - ERROR - []
2025-09-08 06:22:09,955 - 1505172 - piper.organizer - ERROR - []
2025-09-08 06:22:09,955 - 1505172 - piper.organizer - ERROR - []
2025-09-08 06:22:09,955 - 1505172 - piper.organizer - ERROR - []
2025-09-08 06:22:09,956 - 1505172 - piper.organizer - ERROR - []
2025-09-08 06:22:09,956 - 1505172 - piper.organizer - ERROR - []
2025-09-08 06:22:09,957 - 1505172 - piper.organizer - ERROR - []
2025-09-08 06:22:09,957 - 1505172 - piper.organizer - ERROR - []
2025-09-08 06:22:09,957 - 1505172 - piper.organizer - ERROR - []
2025-09-08 06:22:09,957 - 1505172 - piper.organizer - ERROR - []
2025-09-08 06:22:09,958 - 1505172 - piper.organizer - ERROR - []
2025-09-08 06:22:09,958 - 1505172 - piper.organizer - ERROR - []
2025-09-08 06:22:09,959 - 1505172 - piper.organizer - ERROR - []
2025-09-08 06:22:09,959 - 1505172 - piper.organizer - ERROR - []
2025-09-08 06:22:09,959 - 1505172 - piper.organizer - ERROR - []
2025-09-08 06:22:09,959 - 1505172 - piper.organizer - ERROR - []
2025-09-08 06:22:09,960 - 1505172 - piper.organizer - ERROR - []
2025-09-08 06:22:09,960 - 1505172 - piper.organizer - ERROR - []
2025-09-08 06:22:09,960 - 1505172 - piper.organizer - ERROR - []
2025-09-08 06:22:09,960 - 1505172 - piper.organizer - ERROR - []
2025-09-08 06:22:09,961 - 1505172 - piper.organizer - ERROR - []
2025-09-08 06:22:09,961 - 1505172 - piper.organizer - ERROR - []
2025-09-08 06:22:09,961 - 1505172 - piper.organizer - ERROR - []
2025-09-08 06:22:09,961 - 1505172 - piper.organizer - ERROR - []
2025-09-08 06:22:09,962 - 1505172 - piper.organizer - ERROR - Traversal encounters a non-existing file at /home/user/uber-one/data_piper_core_pipelines/adtech/automation/hive_etl/ddl
2025-09-08 06:22:09,962 - 1505172 - piper.organizer - ERROR - Traversal encounters a non-existing file at /home/user/uber-one/data_piper_core_pipelines/adtech/channel_optimization/hive_etl/ddl
2025-09-08 06:22:09,962 - 1505172 - piper.organizer - ERROR - Traversal encounters a non-existing file at /home/user/uber-one/data_piper_core_pipelines/adtech/targeting/hive_etl/ddl
2025-09-08 06:22:09,963 - 1505172 - piper.organizer - ERROR - []
2025-09-08 06:22:09,963 - 1505172 - piper.organizer - ERROR - []
2025-09-08 06:22:09,963 - 1505172 - piper.organizer - ERROR - Traversal encounters a non-existing file at /home/user/uber-one/data_piper_core_pipelines/adtech/automation/hive_etl/jobs
2025-09-08 06:22:09,963 - 1505172 - piper.organizer - ERROR - Traversal encounters a non-existing file at /home/user/uber-one/data_piper_core_pipelines/adtech/channel_optimization/hive_etl/jobs
2025-09-08 06:22:09,964 - 1505172 - piper.organizer - ERROR - Traversal encounters a non-existing file at /home/user/uber-one/data_piper_core_pipelines/adtech/targeting/hive_etl/jobs
2025-09-08 06:22:09,964 - 1505172 - piper.organizer - ERROR - []
2025-09-08 06:22:09,964 - 1505172 - piper.organizer - ERROR - []
2025-09-08 06:22:09,965 - 1505172 - piper.organizer - ERROR - Traversal encounters a non-existing file at /home/user/uber-one/data_piper_core_pipelines/adtech/automation/hive_etl/sql
2025-09-08 06:22:09,965 - 1505172 - piper.organizer - ERROR - Traversal encounters a non-existing file at /home/user/uber-one/data_piper_core_pipelines/adtech/channel_optimization/hive_etl/sql
2025-09-08 06:22:09,965 - 1505172 - piper.organizer - ERROR - Traversal encounters a non-existing file at /home/user/uber-one/data_piper_core_pipelines/adtech/targeting/hive_etl/sql
2025-09-08 06:22:09,966 - 1505172 - piper.organizer - ERROR - []
2025-09-08 06:22:09,966 - 1505172 - piper.organizer - ERROR - []
2025-09-08 06:22:09,966 - 1505172 - piper.organizer - ERROR - []
2025-09-08 06:22:09,966 - 1505172 - piper.organizer - ERROR - []
2025-09-08 06:22:09,968 - 1505172 - piper.organizer - ERROR - []
2025-09-08 06:22:09,969 - 1505172 - piper.organizer - ERROR - []
2025-09-08 06:22:09,969 - 1505172 - piper.organizer - ERROR - []
2025-09-08 06:22:09,969 - 1505172 - piper.organizer - ERROR - []
2025-09-08 06:22:09,970 - 1505172 - piper.organizer - ERROR - []
2025-09-08 06:22:09,970 - 1505172 - piper.organizer - ERROR - []
2025-09-08 06:22:09,970 - 1505172 - piper.organizer - ERROR - []
2025-09-08 06:22:09,971 - 1505172 - piper.organizer - ERROR - []
2025-09-08 06:22:09,971 - 1505172 - piper.organizer - ERROR - []
2025-09-08 06:22:09,971 - 1505172 - piper.organizer - ERROR - []
2025-09-08 06:22:09,971 - 1505172 - piper.organizer - ERROR - []
2025-09-08 06:22:09,972 - 1505172 - piper.organizer - ERROR - []
2025-09-08 06:22:09,972 - 1505172 - piper.organizer - ERROR - []
2025-09-08 06:22:09,972 - 1505172 - piper.organizer - ERROR - []
2025-09-08 06:22:09,972 - 1505172 - piper.organizer - ERROR - []
2025-09-08 06:22:09,973 - 1505172 - piper.organizer - ERROR - []
2025-09-08 06:22:09,974 - 1505172 - piper.organizer - ERROR - []
2025-09-08 06:22:09,975 - 1505172 - piper.organizer - ERROR - []
2025-09-08 06:22:09,975 - 1505172 - piper.organizer - ERROR - []
2025-09-08 06:22:09,975 - 1505172 - piper.organizer - ERROR - []
2025-09-08 06:22:09,975 - 1505172 - piper.organizer - ERROR - []
2025-09-08 06:22:09,978 - 1505172 - piper.organizer - ERROR - []
2025-09-08 06:22:09,978 - 1505172 - piper.organizer - ERROR - []
2025-09-08 06:22:09,979 - 1505172 - piper.organizer - ERROR - []
2025-09-08 06:22:09,979 - 1505172 - piper.organizer - ERROR - []
2025-09-08 06:22:09,979 - 1505172 - piper.organizer - ERROR - []
2025-09-08 06:22:09,980 - 1505172 - piper.organizer - ERROR - []
2025-09-08 06:22:09,980 - 1505172 - piper.organizer - ERROR - []
2025-09-08 06:22:09,980 - 1505172 - piper.organizer - ERROR - []
2025-09-08 06:22:09,981 - 1505172 - piper.organizer - ERROR - []
2025-09-08 06:22:09,981 - 1505172 - piper.organizer - ERROR - []
2025-09-08 06:22:09,981 - 1505172 - piper.organizer - ERROR - []
2025-09-08 06:22:09,983 - 1505172 - piper.organizer - ERROR - []
2025-09-08 06:22:09,983 - 1505172 - piper.organizer - ERROR - []
2025-09-08 06:22:09,984 - 1505172 - piper.organizer - ERROR - []
2025-09-08 06:22:09,984 - 1505172 - piper.organizer - ERROR - []
2025-09-08 06:22:09,984 - 1505172 - piper.organizer - ERROR - []
2025-09-08 06:22:09,985 - 1505172 - piper.organizer - ERROR - []
2025-09-08 06:22:09,985 - 1505172 - piper.organizer - ERROR - []
2025-09-08 06:22:09,985 - 1505172 - piper.organizer - ERROR - []
2025-09-08 06:22:09,986 - 1505172 - piper.organizer - ERROR - []
2025-09-08 06:22:09,986 - 1505172 - piper.organizer - ERROR - []
2025-09-08 06:22:09,986 - 1505172 - piper.organizer - ERROR - []
2025-09-08 06:22:09,986 - 1505172 - piper.organizer - ERROR - []
2025-09-08 06:22:09,987 - 1505172 - piper.organizer - ERROR - []
2025-09-08 06:22:09,987 - 1505172 - piper.organizer - ERROR - []
2025-09-08 06:22:09,987 - 1505172 - piper.organizer - ERROR - []
2025-09-08 06:22:09,989 - 1505172 - piper.organizer - ERROR - []
2025-09-08 06:22:09,989 - 1505172 - piper.organizer - ERROR - []
2025-09-08 06:22:09,989 - 1505172 - piper.organizer - ERROR - []
2025-09-08 06:22:09,990 - 1505172 - piper.organizer - ERROR - []
2025-09-08 06:22:09,990 - 1505172 - piper.organizer - ERROR - []
2025-09-08 06:22:09,990 - 1505172 - piper.organizer - ERROR - []
2025-09-08 06:22:09,991 - 1505172 - piper.organizer - ERROR - []
2025-09-08 06:22:09,991 - 1505172 - piper.organizer - ERROR - []
2025-09-08 06:22:09,991 - 1505172 - piper.organizer - ERROR - []
2025-09-08 06:22:09,992 - 1505172 - piper.organizer - ERROR - []
2025-09-08 06:22:09,992 - 1505172 - piper.organizer - ERROR - []
2025-09-08 06:22:09,993 - 1505172 - piper.organizer - ERROR - []
2025-09-08 06:22:09,994 - 1505172 - piper.organizer - ERROR - []
2025-09-08 06:22:09,994 - 1505172 - piper.organizer - ERROR - []
2025-09-08 06:22:09,994 - 1505172 - piper.organizer - ERROR - []
2025-09-08 06:22:09,995 - 1505172 - piper.organizer - ERROR - []
2025-09-08 06:22:09,995 - 1505172 - piper.organizer - ERROR - []
2025-09-08 06:22:09,995 - 1505172 - piper.organizer - ERROR - []
2025-09-08 06:22:09,995 - 1505172 - piper.organizer - ERROR - []
2025-09-08 06:22:09,996 - 1505172 - piper.organizer - ERROR - []
2025-09-08 06:22:09,997 - 1505172 - piper.organizer - ERROR - []
2025-09-08 06:22:09,998 - 1505172 - piper.organizer - ERROR - []
2025-09-08 06:22:09,998 - 1505172 - piper.organizer - ERROR - []
2025-09-08 06:22:09,998 - 1505172 - piper.organizer - ERROR - []
2025-09-08 06:22:09,998 - 1505172 - piper.organizer - ERROR - []
2025-09-08 06:22:09,998 - 1505172 - piper.organizer - ERROR - []
2025-09-08 06:22:09,999 - 1505172 - piper.organizer - ERROR - []
2025-09-08 06:22:09,999 - 1505172 - piper.organizer - ERROR - []
2025-09-08 06:22:10,000 - 1505172 - piper.organizer - ERROR - []
2025-09-08 06:22:10,001 - 1505172 - piper.organizer - ERROR - []
2025-09-08 06:22:10,001 - 1505172 - piper.organizer - ERROR - []
2025-09-08 06:22:10,002 - 1505172 - piper.organizer - ERROR - []
2025-09-08 06:22:10,002 - 1505172 - piper.organizer - ERROR - []
2025-09-08 06:22:10,002 - 1505172 - piper.organizer - ERROR - []
2025-09-08 06:22:10,002 - 1505172 - piper.organizer - ERROR - []
2025-09-08 06:22:10,002 - 1505172 - piper.organizer - ERROR - []
2025-09-08 06:22:10,003 - 1505172 - piper.organizer - ERROR - []
2025-09-08 06:22:10,003 - 1505172 - piper.organizer - ERROR - []
2025-09-08 06:22:10,003 - 1505172 - piper.organizer - ERROR - []
2025-09-08 06:22:10,004 - 1505172 - piper.organizer - ERROR - []
2025-09-08 06:22:10,004 - 1505172 - piper.organizer - ERROR - []
2025-09-08 06:22:10,004 - 1505172 - piper.organizer - ERROR - []
2025-09-08 06:22:10,006 - 1505172 - piper.organizer - ERROR - []
2025-09-08 06:22:10,006 - 1505172 - piper.organizer - ERROR - []
2025-09-08 06:22:10,006 - 1505172 - piper.organizer - ERROR - []
2025-09-08 06:22:10,006 - 1505172 - piper.organizer - ERROR - []
2025-09-08 06:22:10,007 - 1505172 - piper.organizer - ERROR - []
2025-09-08 06:22:10,007 - 1505172 - piper.organizer - ERROR - []
2025-09-08 06:22:10,007 - 1505172 - piper.organizer - ERROR - []
2025-09-08 06:22:10,009 - 1505172 - piper.organizer - ERROR - []
2025-09-08 06:22:10,009 - 1505172 - piper.organizer - ERROR - []
2025-09-08 06:22:10,009 - 1505172 - piper.organizer - ERROR - []
2025-09-08 06:22:10,010 - 1505172 - piper.organizer - ERROR - []
2025-09-08 06:22:10,011 - 1505172 - piper.organizer - ERROR - []
2025-09-08 06:22:10,011 - 1505172 - piper.organizer - ERROR - []
2025-09-08 06:22:10,011 - 1505172 - piper.organizer - ERROR - []
2025-09-08 06:22:10,011 - 1505172 - piper.organizer - ERROR - []
2025-09-08 06:22:10,012 - 1505172 - piper.organizer - ERROR - []
2025-09-08 06:22:10,012 - 1505172 - piper.organizer - ERROR - []
2025-09-08 06:22:10,013 - 1505172 - piper.organizer - ERROR - []
2025-09-08 06:22:10,014 - 1505172 - piper.organizer - ERROR - []
2025-09-08 06:22:10,014 - 1505172 - piper.organizer - ERROR - []
2025-09-08 06:22:10,014 - 1505172 - piper.organizer - ERROR - []
2025-09-08 06:22:10,014 - 1505172 - piper.organizer - ERROR - []
2025-09-08 06:22:10,014 - 1505172 - piper.organizer - ERROR - []
2025-09-08 06:22:10,015 - 1505172 - piper.organizer - ERROR - []
2025-09-08 06:22:10,016 - 1505172 - piper.organizer - ERROR - []
2025-09-08 06:22:10,016 - 1505172 - piper.organizer - ERROR - []
2025-09-08 06:22:10,016 - 1505172 - piper.organizer - ERROR - []
2025-09-08 06:22:10,016 - 1505172 - piper.organizer - ERROR - []
2025-09-08 06:22:10,016 - 1505172 - piper.organizer - ERROR - []
2025-09-08 06:22:10,017 - 1505172 - piper.organizer - ERROR - []
2025-09-08 06:22:10,017 - 1505172 - piper.organizer - ERROR - []
2025-09-08 06:22:10,018 - 1505172 - piper.organizer - ERROR - []
2025-09-08 06:22:10,018 - 1505172 - piper.organizer - ERROR - []
2025-09-08 06:22:10,018 - 1505172 - piper.organizer - ERROR - []
2025-09-08 06:22:10,019 - 1505172 - piper.organizer - ERROR - []
2025-09-08 06:22:10,019 - 1505172 - piper.organizer - ERROR - []
2025-09-08 06:22:10,019 - 1505172 - piper.organizer - ERROR - []
2025-09-08 06:22:10,020 - 1505172 - piper.organizer - ERROR - []
2025-09-08 06:22:10,022 - 1505172 - piper.organizer - ERROR - []
2025-09-08 06:22:10,022 - 1505172 - piper.organizer - ERROR - []
2025-09-08 06:22:10,022 - 1505172 - piper.organizer - ERROR - []
2025-09-08 06:22:10,022 - 1505172 - piper.organizer - ERROR - []
2025-09-08 06:22:10,023 - 1505172 - piper.organizer - ERROR - []
2025-09-08 06:22:10,024 - 1505172 - piper.organizer - ERROR - []
2025-09-08 06:22:10,024 - 1505172 - piper.organizer - ERROR - []
2025-09-08 06:22:10,024 - 1505172 - piper.organizer - ERROR - []
2025-09-08 06:22:10,025 - 1505172 - piper.organizer - ERROR - []
2025-09-08 06:22:10,025 - 1505172 - piper.organizer - ERROR - []
2025-09-08 06:22:10,025 - 1505172 - piper.organizer - ERROR - []
2025-09-08 06:22:10,026 - 1505172 - piper.organizer - ERROR - []
2025-09-08 06:22:10,026 - 1505172 - piper.organizer - ERROR - []
2025-09-08 06:22:10,026 - 1505172 - piper.organizer - ERROR - []
2025-09-08 06:22:10,026 - 1505172 - piper.organizer - ERROR - []
2025-09-08 06:22:10,027 - 1505172 - piper.organizer - ERROR - []
2025-09-08 06:22:10,027 - 1505172 - piper.organizer - ERROR - []
2025-09-08 06:22:10,027 - 1505172 - piper.organizer - ERROR - []
2025-09-08 06:22:10,027 - 1505172 - piper.organizer - ERROR - []
2025-09-08 06:22:10,028 - 1505172 - piper.organizer - ERROR - []
2025-09-08 06:22:10,028 - 1505172 - piper.organizer - ERROR - []
2025-09-08 06:22:10,028 - 1505172 - piper.organizer - ERROR - []
2025-09-08 06:22:10,029 - 1505172 - piper.organizer - ERROR - []
2025-09-08 06:22:10,029 - 1505172 - piper.organizer - ERROR - []
2025-09-08 06:22:10,029 - 1505172 - piper.organizer - ERROR - []
2025-09-08 06:22:10,031 - 1505172 - piper.organizer - ERROR - []
2025-09-08 06:22:10,032 - 1505172 - piper.organizer - ERROR - []
2025-09-08 06:22:10,032 - 1505172 - piper.organizer - ERROR - []
2025-09-08 06:22:10,032 - 1505172 - piper.organizer - ERROR - []
2025-09-08 06:22:10,033 - 1505172 - piper.organizer - ERROR - []
2025-09-08 06:22:10,033 - 1505172 - piper.organizer - ERROR - []
2025-09-08 06:22:10,033 - 1505172 - piper.organizer - ERROR - []
2025-09-08 06:22:10,033 - 1505172 - piper.organizer - ERROR - []
2025-09-08 06:22:10,033 - 1505172 - piper.organizer - ERROR - []
2025-09-08 06:22:10,034 - 1505172 - piper.organizer - ERROR - []
2025-09-08 06:22:10,034 - 1505172 - piper.organizer - ERROR - []
2025-09-08 06:22:10,035 - 1505172 - piper.organizer - ERROR - []
2025-09-08 06:22:10,035 - 1505172 - piper.organizer - ERROR - []
2025-09-08 06:22:10,035 - 1505172 - piper.organizer - ERROR - []
2025-09-08 06:22:10,035 - 1505172 - piper.organizer - ERROR - []
2025-09-08 06:22:10,036 - 1505172 - piper.organizer - ERROR - []
2025-09-08 06:22:10,036 - 1505172 - piper.organizer - ERROR - []
2025-09-08 06:22:10,036 - 1505172 - piper.organizer - ERROR - []
2025-09-08 06:22:10,038 - 1505172 - piper.organizer - ERROR - []
2025-09-08 06:22:10,038 - 1505172 - piper.organizer - ERROR - []
2025-09-08 06:22:10,038 - 1505172 - piper.organizer - ERROR - []
2025-09-08 06:22:10,038 - 1505172 - piper.organizer - ERROR - []
2025-09-08 06:22:10,038 - 1505172 - piper.organizer - ERROR - []
2025-09-08 06:22:10,039 - 1505172 - piper.organizer - ERROR - []
2025-09-08 06:22:10,039 - 1505172 - piper.organizer - ERROR - []
2025-09-08 06:22:10,040 - 1505172 - piper.organizer - ERROR - []
2025-09-08 06:22:10,040 - 1505172 - piper.organizer - ERROR - []
2025-09-08 06:22:10,040 - 1505172 - piper.organizer - ERROR - []
2025-09-08 06:22:10,041 - 1505172 - piper.organizer - ERROR - []
2025-09-08 06:22:10,042 - 1505172 - piper.organizer - ERROR - []
2025-09-08 06:22:10,042 - 1505172 - piper.organizer - ERROR - []
2025-09-08 06:22:10,042 - 1505172 - piper.organizer - ERROR - []
2025-09-08 06:22:10,043 - 1505172 - piper.organizer - ERROR - []
2025-09-08 06:22:10,044 - 1505172 - piper.organizer - ERROR - []
2025-09-08 06:22:10,044 - 1505172 - piper.organizer - ERROR - []
2025-09-08 06:22:10,044 - 1505172 - piper.organizer - ERROR - []
2025-09-08 06:22:10,046 - 1505172 - piper.organizer - ERROR - []
2025-09-08 06:22:10,046 - 1505172 - piper.organizer - ERROR - []
2025-09-08 06:22:10,047 - 1505172 - piper.organizer - ERROR - []
2025-09-08 06:22:10,047 - 1505172 - piper.organizer - ERROR - []
2025-09-08 06:22:10,048 - 1505172 - piper.organizer - ERROR - []
2025-09-08 06:22:10,048 - 1505172 - piper.organizer - ERROR - []
2025-09-08 06:22:10,048 - 1505172 - piper.organizer - ERROR - []
2025-09-08 06:22:10,049 - 1505172 - piper.organizer - ERROR - []
2025-09-08 06:22:10,049 - 1505172 - piper.organizer - ERROR - []
2025-09-08 06:22:10,050 - 1505172 - piper.organizer - ERROR - []
2025-09-08 06:22:10,051 - 1505172 - piper.organizer - ERROR - []
2025-09-08 06:22:10,051 - 1505172 - piper.organizer - ERROR - []
2025-09-08 06:22:10,052 - 1505172 - piper.organizer - ERROR - []
2025-09-08 06:22:10,052 - 1505172 - piper.organizer - ERROR - []
2025-09-08 06:22:10,052 - 1505172 - piper.organizer - ERROR - []
2025-09-08 06:22:10,053 - 1505172 - piper.organizer - ERROR - []
2025-09-08 06:22:10,054 - 1505172 - piper.organizer - ERROR - []
2025-09-08 06:22:10,054 - 1505172 - piper.organizer - ERROR - []
2025-09-08 06:22:10,054 - 1505172 - piper.organizer - ERROR - []
2025-09-08 06:22:10,054 - 1505172 - piper.organizer - ERROR - []
2025-09-08 06:22:10,054 - 1505172 - piper.organizer - ERROR - []
2025-09-08 06:22:10,055 - 1505172 - piper.organizer - ERROR - []
2025-09-08 06:22:10,055 - 1505172 - piper.organizer - ERROR - []
2025-09-08 06:22:10,055 - 1505172 - piper.organizer - ERROR - []
2025-09-08 06:22:10,055 - 1505172 - piper.organizer - ERROR - []
2025-09-08 06:22:10,057 - 1505172 - piper.organizer - ERROR - []
2025-09-08 06:22:10,058 - 1505172 - piper.organizer - ERROR - []
2025-09-08 06:22:10,058 - 1505172 - piper.organizer - ERROR - []
2025-09-08 06:22:10,058 - 1505172 - piper.organizer - ERROR - []
2025-09-08 06:22:10,059 - 1505172 - piper.organizer - ERROR - []
2025-09-08 06:22:10,059 - 1505172 - piper.organizer - ERROR - []
2025-09-08 06:22:10,059 - 1505172 - piper.organizer - ERROR - []
2025-09-08 06:22:10,060 - 1505172 - piper.organizer - ERROR - []
2025-09-08 06:22:10,060 - 1505172 - piper.organizer - ERROR - []
2025-09-08 06:22:10,060 - 1505172 - piper.organizer - ERROR - []
2025-09-08 06:22:10,061 - 1505172 - piper.organizer - ERROR - []
2025-09-08 06:22:10,062 - 1505172 - piper.organizer - ERROR - []
2025-09-08 06:22:10,062 - 1505172 - piper.organizer - ERROR - []
2025-09-08 06:22:10,063 - 1505172 - piper.organizer - ERROR - []
2025-09-08 06:22:10,063 - 1505172 - piper.organizer - ERROR - []
2025-09-08 06:22:10,063 - 1505172 - piper.organizer - ERROR - []
2025-09-08 06:22:10,063 - 1505172 - piper.organizer - ERROR - []
2025-09-08 06:22:10,063 - 1505172 - piper.organizer - ERROR - []
2025-09-08 06:22:10,063 - 1505172 - piper.organizer - ERROR - []
2025-09-08 06:22:10,064 - 1505172 - piper.organizer - ERROR - []
2025-09-08 06:22:10,064 - 1505172 - piper.organizer - ERROR - []
2025-09-08 06:22:10,064 - 1505172 - piper.organizer - ERROR - []
2025-09-08 06:22:10,065 - 1505172 - piper.organizer - ERROR - []
2025-09-08 06:22:10,065 - 1505172 - piper.organizer - ERROR - []
2025-09-08 06:22:10,065 - 1505172 - piper.organizer - ERROR - []
2025-09-08 06:22:10,065 - 1505172 - piper.organizer - ERROR - []
2025-09-08 06:22:10,066 - 1505172 - piper.organizer - ERROR - []
2025-09-08 06:22:10,066 - 1505172 - piper.organizer - ERROR - []
2025-09-08 06:22:10,068 - 1505172 - piper.organizer - ERROR - []
2025-09-08 06:22:10,068 - 1505172 - piper.organizer - ERROR - []
2025-09-08 06:22:10,068 - 1505172 - piper.organizer - ERROR - []
2025-09-08 06:22:10,069 - 1505172 - piper.organizer - ERROR - []
2025-09-08 06:22:10,070 - 1505172 - piper.organizer - ERROR - []
2025-09-08 06:22:10,070 - 1505172 - piper.organizer - ERROR - []
2025-09-08 06:22:10,070 - 1505172 - piper.organizer - ERROR - []
2025-09-08 06:22:10,070 - 1505172 - piper.organizer - ERROR - []
2025-09-08 06:22:10,071 - 1505172 - piper.organizer - ERROR - []
2025-09-08 06:22:10,071 - 1505172 - piper.organizer - ERROR - []
2025-09-08 06:22:10,071 - 1505172 - piper.organizer - ERROR - []
2025-09-08 06:22:10,072 - 1505172 - piper.organizer - ERROR - []
2025-09-08 06:22:10,074 - 1505172 - piper.organizer - ERROR - []
2025-09-08 06:22:10,074 - 1505172 - piper.organizer - ERROR - []
2025-09-08 06:22:10,074 - 1505172 - piper.organizer - ERROR - []
2025-09-08 06:22:10,075 - 1505172 - piper.organizer - ERROR - []
2025-09-08 06:22:10,075 - 1505172 - piper.organizer - ERROR - []
2025-09-08 06:22:10,076 - 1505172 - piper.organizer - ERROR - []
2025-09-08 06:22:10,076 - 1505172 - piper.organizer - ERROR - []
2025-09-08 06:22:10,077 - 1505172 - piper.organizer - ERROR - []
2025-09-08 06:22:10,077 - 1505172 - piper.organizer - ERROR - []
2025-09-08 06:22:10,077 - 1505172 - piper.organizer - ERROR - []
2025-09-08 06:22:10,078 - 1505172 - piper.organizer - ERROR - []
2025-09-08 06:22:10,078 - 1505172 - piper.organizer - ERROR - []
2025-09-08 06:22:10,078 - 1505172 - piper.organizer - ERROR - []
2025-09-08 06:22:10,079 - 1505172 - piper.organizer - ERROR - []
2025-09-08 06:22:10,081 - 1505172 - piper.organizer - ERROR - []
2025-09-08 06:22:10,082 - 1505172 - piper.organizer - ERROR - []
2025-09-08 06:22:10,082 - 1505172 - piper.organizer - ERROR - []
2025-09-08 06:22:10,083 - 1505172 - piper.organizer - ERROR - []
2025-09-08 06:22:10,083 - 1505172 - piper.organizer - ERROR - []
2025-09-08 06:22:10,083 - 1505172 - piper.organizer - ERROR - []
2025-09-08 06:22:10,084 - 1505172 - piper.organizer - ERROR - []
2025-09-08 06:22:10,084 - 1505172 - piper.organizer - ERROR - []
2025-09-08 06:22:10,084 - 1505172 - piper.organizer - ERROR - []
2025-09-08 06:22:10,085 - 1505172 - piper.organizer - ERROR - []
2025-09-08 06:22:10,085 - 1505172 - piper.organizer - ERROR - []
2025-09-08 06:22:10,085 - 1505172 - piper.organizer - ERROR - []
2025-09-08 06:22:10,086 - 1505172 - piper.organizer - ERROR - []
2025-09-08 06:22:10,086 - 1505172 - piper.organizer - ERROR - []
2025-09-08 06:22:10,087 - 1505172 - piper.organizer - ERROR - []
2025-09-08 06:22:10,087 - 1505172 - piper.organizer - ERROR - []
2025-09-08 06:22:10,087 - 1505172 - piper.organizer - ERROR - []
2025-09-08 06:22:10,088 - 1505172 - piper.organizer - ERROR - []
2025-09-08 06:22:10,088 - 1505172 - piper.organizer - ERROR - []
2025-09-08 06:22:10,088 - 1505172 - piper.organizer - ERROR - []
2025-09-08 06:22:10,089 - 1505172 - piper.organizer - ERROR - []
2025-09-08 06:22:10,089 - 1505172 - piper.organizer - ERROR - []
2025-09-08 06:22:10,089 - 1505172 - piper.organizer - ERROR - []
2025-09-08 06:22:10,089 - 1505172 - piper.organizer - ERROR - []
2025-09-08 06:22:10,090 - 1505172 - piper.organizer - ERROR - []
2025-09-08 06:22:10,090 - 1505172 - piper.organizer - ERROR - []
2025-09-08 06:22:10,091 - 1505172 - piper.organizer - ERROR - []
2025-09-08 06:22:10,091 - 1505172 - piper.organizer - ERROR - []
2025-09-08 06:22:10,091 - 1505172 - piper.organizer - ERROR - []
2025-09-08 06:22:10,092 - 1505172 - piper.organizer - ERROR - []
2025-09-08 06:22:10,092 - 1505172 - piper.organizer - ERROR - []
2025-09-08 06:22:10,092 - 1505172 - piper.organizer - ERROR - []
2025-09-08 06:22:10,092 - 1505172 - piper.organizer - ERROR - []
2025-09-08 06:22:10,093 - 1505172 - piper.organizer - ERROR - []
2025-09-08 06:22:10,093 - 1505172 - piper.organizer - ERROR - []
2025-09-08 06:22:10,094 - 1505172 - piper.organizer - ERROR - []
2025-09-08 06:22:10,094 - 1505172 - piper.organizer - ERROR - []
2025-09-08 06:22:10,094 - 1505172 - piper.organizer - ERROR - []
2025-09-08 06:22:10,095 - 1505172 - piper.organizer - ERROR - []
2025-09-08 06:22:10,095 - 1505172 - piper.organizer - ERROR - []
2025-09-08 06:22:10,096 - 1505172 - piper.organizer - ERROR - []
2025-09-08 06:22:10,096 - 1505172 - piper.organizer - ERROR - []
2025-09-08 06:22:10,097 - 1505172 - piper.organizer - ERROR - []
2025-09-08 06:22:10,097 - 1505172 - piper.organizer - ERROR - []
2025-09-08 06:22:10,097 - 1505172 - piper.organizer - ERROR - []
2025-09-08 06:22:10,097 - 1505172 - piper.organizer - ERROR - []
2025-09-08 06:22:10,098 - 1505172 - piper.organizer - ERROR - []
2025-09-08 06:22:10,098 - 1505172 - piper.organizer - ERROR - []
2025-09-08 06:22:10,099 - 1505172 - piper.organizer - ERROR - []
2025-09-08 06:22:10,099 - 1505172 - piper.organizer - ERROR - []
2025-09-08 06:22:10,099 - 1505172 - piper.organizer - ERROR - []
2025-09-08 06:22:10,099 - 1505172 - piper.organizer - ERROR - []
2025-09-08 06:22:10,099 - 1505172 - piper.organizer - ERROR - []
2025-09-08 06:22:10,099 - 1505172 - piper.organizer - ERROR - []
2025-09-08 06:22:10,100 - 1505172 - piper.organizer - ERROR - []
2025-09-08 06:22:10,101 - 1505172 - piper.organizer - ERROR - []
2025-09-08 06:22:10,101 - 1505172 - piper.organizer - ERROR - []
2025-09-08 06:22:10,101 - 1505172 - piper.organizer - ERROR - []
2025-09-08 06:22:10,101 - 1505172 - piper.organizer - ERROR - []
2025-09-08 06:22:10,102 - 1505172 - piper.organizer - ERROR - []
2025-09-08 06:22:10,102 - 1505172 - piper.organizer - ERROR - []
2025-09-08 06:22:10,102 - 1505172 - piper.organizer - ERROR - []
2025-09-08 06:22:10,103 - 1505172 - piper.organizer - ERROR - []
2025-09-08 06:22:10,103 - 1505172 - piper.organizer - ERROR - []
2025-09-08 06:22:10,103 - 1505172 - piper.organizer - ERROR - []
2025-09-08 06:22:10,104 - 1505172 - piper.organizer - ERROR - []
2025-09-08 06:22:10,104 - 1505172 - piper.organizer - ERROR - []
2025-09-08 06:22:10,105 - 1505172 - piper.organizer - ERROR - []
2025-09-08 06:22:10,105 - 1505172 - piper.organizer - ERROR - []
2025-09-08 06:22:10,105 - 1505172 - piper.organizer - ERROR - []
2025-09-08 06:22:10,106 - 1505172 - piper.organizer - ERROR - []
2025-09-08 06:22:10,106 - 1505172 - piper.organizer - ERROR - []
2025-09-08 06:22:10,106 - 1505172 - piper.organizer - ERROR - []
2025-09-08 06:22:10,107 - 1505172 - piper.organizer - ERROR - []
2025-09-08 06:22:10,107 - 1505172 - piper.organizer - ERROR - []
2025-09-08 06:22:10,107 - 1505172 - piper.organizer - ERROR - []
2025-09-08 06:22:10,108 - 1505172 - piper.organizer - ERROR - []
2025-09-08 06:22:10,109 - 1505172 - piper.organizer - ERROR - []
2025-09-08 06:22:10,109 - 1505172 - piper.organizer - ERROR - []
2025-09-08 06:22:10,110 - 1505172 - piper.organizer - ERROR - []
2025-09-08 06:22:10,110 - 1505172 - piper.organizer - ERROR - []
2025-09-08 06:22:10,111 - 1505172 - piper.organizer - ERROR - []
2025-09-08 06:22:10,112 - 1505172 - piper.organizer - ERROR - []
2025-09-08 06:22:10,112 - 1505172 - piper.organizer - ERROR - []
2025-09-08 06:22:10,112 - 1505172 - piper.organizer - ERROR - []
2025-09-08 06:22:10,113 - 1505172 - piper.organizer - ERROR - []
2025-09-08 06:22:10,113 - 1505172 - piper.organizer - ERROR - []
2025-09-08 06:22:10,113 - 1505172 - piper.organizer - ERROR - []
2025-09-08 06:22:10,113 - 1505172 - piper.organizer - ERROR - []
2025-09-08 06:22:10,114 - 1505172 - piper.organizer - ERROR - []
2025-09-08 06:22:10,114 - 1505172 - piper.organizer - ERROR - []
2025-09-08 06:22:10,114 - 1505172 - piper.organizer - ERROR - []
2025-09-08 06:22:10,114 - 1505172 - piper.organizer - ERROR - []
2025-09-08 06:22:10,114 - 1505172 - piper.organizer - ERROR - []
2025-09-08 06:22:10,115 - 1505172 - piper.organizer - ERROR - []
2025-09-08 06:22:10,115 - 1505172 - piper.organizer - ERROR - []
2025-09-08 06:22:10,116 - 1505172 - piper.organizer - ERROR - []
2025-09-08 06:22:10,116 - 1505172 - piper.organizer - ERROR - []
2025-09-08 06:22:10,116 - 1505172 - piper.organizer - ERROR - []
2025-09-08 06:22:10,117 - 1505172 - piper.organizer - ERROR - []
2025-09-08 06:22:10,117 - 1505172 - piper.organizer - ERROR - []
2025-09-08 06:22:10,118 - 1505172 - piper.organizer - ERROR - []
2025-09-08 06:22:10,118 - 1505172 - piper.organizer - ERROR - []
2025-09-08 06:22:10,119 - 1505172 - piper.organizer - ERROR - []
2025-09-08 06:22:10,120 - 1505172 - piper.organizer - ERROR - []
2025-09-08 06:22:10,120 - 1505172 - piper.organizer - ERROR - []
2025-09-08 06:22:10,120 - 1505172 - piper.organizer - ERROR - []
2025-09-08 06:22:10,121 - 1505172 - piper.organizer - ERROR - []
2025-09-08 06:22:10,121 - 1505172 - piper.organizer - ERROR - []
2025-09-08 06:22:10,121 - 1505172 - piper.organizer - ERROR - []
2025-09-08 06:22:10,122 - 1505172 - piper.organizer - ERROR - []
2025-09-08 06:22:10,122 - 1505172 - piper.organizer - ERROR - []
2025-09-08 06:22:10,122 - 1505172 - piper.organizer - ERROR - []
2025-09-08 06:22:10,123 - 1505172 - piper.organizer - ERROR - []
2025-09-08 06:22:10,123 - 1505172 - piper.organizer - ERROR - []
2025-09-08 06:22:10,123 - 1505172 - piper.organizer - ERROR - []
2025-09-08 06:22:10,124 - 1505172 - piper.organizer - ERROR - []
2025-09-08 06:22:10,124 - 1505172 - piper.organizer - ERROR - []
2025-09-08 06:22:10,124 - 1505172 - piper.organizer - ERROR - []
2025-09-08 06:22:10,124 - 1505172 - piper.organizer - ERROR - []
2025-09-08 06:22:10,125 - 1505172 - piper.organizer - ERROR - []
2025-09-08 06:22:10,126 - 1505172 - piper.organizer - ERROR - []
2025-09-08 06:22:10,126 - 1505172 - piper.organizer - ERROR - []
2025-09-08 06:22:10,126 - 1505172 - piper.organizer - ERROR - []
2025-09-08 06:22:10,127 - 1505172 - piper.organizer - ERROR - []
2025-09-08 06:22:10,127 - 1505172 - piper.organizer - ERROR - []
2025-09-08 06:22:10,127 - 1505172 - piper.organizer - ERROR - []
2025-09-08 06:22:10,128 - 1505172 - piper.organizer - ERROR - []
2025-09-08 06:22:10,128 - 1505172 - piper.organizer - ERROR - []
2025-09-08 06:22:10,128 - 1505172 - piper.organizer - ERROR - []
2025-09-08 06:22:10,128 - 1505172 - piper.organizer - ERROR - []
2025-09-08 06:22:10,129 - 1505172 - piper.organizer - ERROR - []
2025-09-08 06:22:10,129 - 1505172 - piper.organizer - ERROR - []
2025-09-08 06:22:10,130 - 1505172 - piper.organizer - ERROR - []
2025-09-08 06:22:10,130 - 1505172 - piper.organizer - ERROR - []
2025-09-08 06:22:10,130 - 1505172 - piper.organizer - ERROR - []
2025-09-08 06:22:10,132 - 1505172 - piper.organizer - ERROR - []
2025-09-08 06:22:10,132 - 1505172 - piper.organizer - ERROR - []
2025-09-08 06:22:10,132 - 1505172 - piper.organizer - ERROR - []
2025-09-08 06:22:10,133 - 1505172 - piper.organizer - ERROR - []
2025-09-08 06:22:10,133 - 1505172 - piper.organizer - ERROR - []
2025-09-08 06:22:10,133 - 1505172 - piper.organizer - ERROR - []
2025-09-08 06:22:10,134 - 1505172 - piper.organizer - ERROR - []
2025-09-08 06:22:10,134 - 1505172 - piper.organizer - ERROR - []
2025-09-08 06:22:10,134 - 1505172 - piper.organizer - ERROR - []
2025-09-08 06:22:10,135 - 1505172 - piper.organizer - ERROR - []
2025-09-08 06:22:10,135 - 1505172 - piper.organizer - ERROR - []
2025-09-08 06:22:10,136 - 1505172 - piper.organizer - ERROR - []
2025-09-08 06:22:10,136 - 1505172 - piper.organizer - ERROR - []
2025-09-08 06:22:10,136 - 1505172 - piper.organizer - ERROR - []
2025-09-08 06:22:10,137 - 1505172 - piper.organizer - ERROR - []
2025-09-08 06:22:10,137 - 1505172 - piper.organizer - ERROR - []
2025-09-08 06:22:10,137 - 1505172 - piper.organizer - ERROR - []
2025-09-08 06:22:10,137 - 1505172 - piper.organizer - ERROR - []
2025-09-08 06:22:10,138 - 1505172 - piper.organizer - ERROR - []
2025-09-08 06:22:10,138 - 1505172 - piper.organizer - ERROR - []
2025-09-08 06:22:10,138 - 1505172 - piper.organizer - ERROR - []
2025-09-08 06:22:10,139 - 1505172 - piper.organizer - ERROR - []
2025-09-08 06:22:10,139 - 1505172 - piper.organizer - ERROR - []
2025-09-08 06:22:10,140 - 1505172 - piper.organizer - ERROR - []
2025-09-08 06:22:10,140 - 1505172 - piper.organizer - ERROR - []
2025-09-08 06:22:10,140 - 1505172 - piper.organizer - ERROR - []
2025-09-08 06:22:10,140 - 1505172 - piper.organizer - ERROR - []
2025-09-08 06:22:10,140 - 1505172 - piper.organizer - ERROR - []
2025-09-08 06:22:10,140 - 1505172 - piper.organizer - ERROR - []
2025-09-08 06:22:10,141 - 1505172 - piper.organizer - ERROR - []
2025-09-08 06:22:10,141 - 1505172 - piper.organizer - ERROR - []
2025-09-08 06:22:10,141 - 1505172 - piper.organizer - ERROR - []
2025-09-08 06:22:10,143 - 1505172 - piper.organizer - ERROR - []
2025-09-08 06:22:10,144 - 1505172 - piper.organizer - ERROR - []
2025-09-08 06:22:10,144 - 1505172 - piper.organizer - ERROR - []
2025-09-08 06:22:10,144 - 1505172 - piper.organizer - ERROR - []
2025-09-08 06:22:10,144 - 1505172 - piper.organizer - ERROR - []
2025-09-08 06:22:10,144 - 1505172 - piper.organizer - ERROR - []
2025-09-08 06:22:10,146 - 1505172 - piper.organizer - ERROR - []
2025-09-08 06:22:10,147 - 1505172 - piper.organizer - ERROR - []
2025-09-08 06:22:10,147 - 1505172 - piper.organizer - ERROR - []
2025-09-08 06:22:10,147 - 1505172 - piper.organizer - ERROR - []
2025-09-08 06:22:10,148 - 1505172 - piper.organizer - ERROR - []
2025-09-08 06:22:10,148 - 1505172 - piper.organizer - ERROR - []
2025-09-08 06:22:10,149 - 1505172 - piper.organizer - ERROR - []
2025-09-08 06:22:10,149 - 1505172 - piper.organizer - ERROR - []
2025-09-08 06:22:10,149 - 1505172 - piper.organizer - ERROR - []
2025-09-08 06:22:10,150 - 1505172 - piper.organizer - ERROR - []
2025-09-08 06:22:10,150 - 1505172 - piper.organizer - ERROR - []
2025-09-08 06:22:10,151 - 1505172 - piper.organizer - ERROR - []
2025-09-08 06:22:10,151 - 1505172 - piper.organizer - ERROR - []
2025-09-08 06:22:10,152 - 1505172 - piper.organizer - ERROR - []
2025-09-08 06:22:10,152 - 1505172 - piper.organizer - ERROR - []
2025-09-08 06:22:10,153 - 1505172 - piper.organizer - ERROR - []
2025-09-08 06:22:10,153 - 1505172 - piper.organizer - ERROR - []
2025-09-08 06:22:10,154 - 1505172 - piper.organizer - ERROR - []
2025-09-08 06:22:10,154 - 1505172 - piper.organizer - ERROR - []
2025-09-08 06:22:10,155 - 1505172 - piper.organizer - ERROR - []
2025-09-08 06:22:10,155 - 1505172 - piper.organizer - ERROR - []
2025-09-08 06:22:10,155 - 1505172 - piper.organizer - ERROR - []
2025-09-08 06:22:10,156 - 1505172 - piper.organizer - ERROR - []
2025-09-08 06:22:10,156 - 1505172 - piper.organizer - ERROR - []
2025-09-08 06:22:10,157 - 1505172 - piper.organizer - ERROR - []
2025-09-08 06:22:10,157 - 1505172 - piper.organizer - ERROR - []
2025-09-08 06:22:10,157 - 1505172 - piper.organizer - ERROR - []
2025-09-08 06:22:10,159 - 1505172 - piper.organizer - ERROR - []
2025-09-08 06:22:10,159 - 1505172 - piper.organizer - ERROR - []
2025-09-08 06:22:10,159 - 1505172 - piper.organizer - ERROR - []
2025-09-08 06:22:10,159 - 1505172 - piper.organizer - ERROR - []
2025-09-08 06:22:10,160 - 1505172 - piper.organizer - ERROR - []
2025-09-08 06:22:10,161 - 1505172 - piper.organizer - ERROR - []
2025-09-08 06:22:10,162 - 1505172 - piper.organizer - ERROR - []
2025-09-08 06:22:10,162 - 1505172 - piper.organizer - ERROR - []
2025-09-08 06:22:10,163 - 1505172 - piper.organizer - ERROR - []
2025-09-08 06:22:10,163 - 1505172 - piper.organizer - ERROR - []
2025-09-08 06:22:10,164 - 1505172 - piper.organizer - ERROR - []
2025-09-08 06:22:10,164 - 1505172 - piper.organizer - ERROR - []
2025-09-08 06:22:10,164 - 1505172 - piper.organizer - ERROR - []
2025-09-08 06:22:10,165 - 1505172 - piper.organizer - ERROR - []
2025-09-08 06:22:10,165 - 1505172 - piper.organizer - ERROR - []
2025-09-08 06:22:10,166 - 1505172 - piper.organizer - ERROR - []
2025-09-08 06:22:10,166 - 1505172 - piper.organizer - ERROR - []
2025-09-08 06:22:10,167 - 1505172 - piper.organizer - ERROR - []
2025-09-08 06:22:10,167 - 1505172 - piper.organizer - ERROR - []
2025-09-08 06:22:10,168 - 1505172 - piper.organizer - ERROR - []
2025-09-08 06:22:10,168 - 1505172 - piper.organizer - ERROR - []
2025-09-08 06:22:10,168 - 1505172 - piper.organizer - ERROR - []
2025-09-08 06:22:10,168 - 1505172 - piper.organizer - ERROR - []
2025-09-08 06:22:10,169 - 1505172 - piper.organizer - ERROR - []
2025-09-08 06:22:10,169 - 1505172 - piper.organizer - ERROR - []
2025-09-08 06:22:10,169 - 1505172 - piper.organizer - ERROR - []
2025-09-08 06:22:10,170 - 1505172 - piper.organizer - ERROR - []
2025-09-08 06:22:10,171 - 1505172 - piper.organizer - ERROR - []
2025-09-08 06:22:10,171 - 1505172 - piper.organizer - ERROR - []
2025-09-08 06:22:10,171 - 1505172 - piper.organizer - ERROR - []
2025-09-08 06:22:10,172 - 1505172 - piper.organizer - ERROR - []
2025-09-08 06:22:10,172 - 1505172 - piper.organizer - ERROR - []
2025-09-08 06:22:10,172 - 1505172 - piper.organizer - ERROR - []
2025-09-08 06:22:10,173 - 1505172 - piper.organizer - ERROR - []
2025-09-08 06:22:10,173 - 1505172 - piper.organizer - ERROR - []
2025-09-08 06:22:10,173 - 1505172 - piper.organizer - ERROR - []
2025-09-08 06:22:10,174 - 1505172 - piper.organizer - ERROR - []
2025-09-08 06:22:10,174 - 1505172 - piper.organizer - ERROR - []
2025-09-08 06:22:10,175 - 1505172 - piper.organizer - ERROR - []
2025-09-08 06:22:10,175 - 1505172 - piper.organizer - ERROR - []
2025-09-08 06:22:10,175 - 1505172 - piper.organizer - ERROR - []
2025-09-08 06:22:10,175 - 1505172 - piper.organizer - ERROR - []
2025-09-08 06:22:10,176 - 1505172 - piper.organizer - ERROR - []
2025-09-08 06:22:10,176 - 1505172 - piper.organizer - ERROR - []
2025-09-08 06:22:10,176 - 1505172 - piper.organizer - ERROR - []
2025-09-08 06:22:10,176 - 1505172 - piper.organizer - ERROR - []
2025-09-08 06:22:10,177 - 1505172 - piper.organizer - ERROR - []
2025-09-08 06:22:10,177 - 1505172 - piper.organizer - ERROR - []
2025-09-08 06:22:10,177 - 1505172 - piper.organizer - ERROR - []
2025-09-08 06:22:10,178 - 1505172 - piper.organizer - ERROR - []
2025-09-08 06:22:10,178 - 1505172 - piper.organizer - ERROR - []
2025-09-08 06:22:10,178 - 1505172 - piper.organizer - ERROR - []
2025-09-08 06:22:10,179 - 1505172 - piper.organizer - ERROR - []
2025-09-08 06:22:10,179 - 1505172 - piper.organizer - ERROR - []
2025-09-08 06:22:10,180 - 1505172 - piper.organizer - ERROR - Traversal encounters a non-existing file at /home/user/uber-one/data_piper_core_pipelines/adtech/automation/one_etl/ddl
2025-09-08 06:22:10,180 - 1505172 - piper.organizer - ERROR - Traversal encounters a non-existing file at /home/user/uber-one/data_piper_core_pipelines/adtech/targeting/one_etl/ddl
2025-09-08 06:22:10,181 - 1505172 - piper.organizer - ERROR - []
2025-09-08 06:22:10,181 - 1505172 - piper.organizer - ERROR - []
2025-09-08 06:22:10,182 - 1505172 - piper.organizer - ERROR - []
2025-09-08 06:22:10,182 - 1505172 - piper.organizer - ERROR - []
2025-09-08 06:22:10,182 - 1505172 - piper.organizer - ERROR - []
2025-09-08 06:22:10,183 - 1505172 - piper.organizer - ERROR - []
2025-09-08 06:22:10,183 - 1505172 - piper.organizer - ERROR - []
2025-09-08 06:22:10,183 - 1505172 - piper.organizer - ERROR - Traversal encounters a non-existing file at /home/user/uber-one/data_piper_core_pipelines/adtech/automation/one_etl/jobs
2025-09-08 06:22:10,183 - 1505172 - piper.organizer - ERROR - Traversal encounters a non-existing file at /home/user/uber-one/data_piper_core_pipelines/adtech/targeting/one_etl/jobs
2025-09-08 06:22:10,185 - 1505172 - piper.organizer - ERROR - []
2025-09-08 06:22:10,185 - 1505172 - piper.organizer - ERROR - []
2025-09-08 06:22:10,185 - 1505172 - piper.organizer - ERROR - []
2025-09-08 06:22:10,185 - 1505172 - piper.organizer - ERROR - []
2025-09-08 06:22:10,186 - 1505172 - piper.organizer - ERROR - []
2025-09-08 06:22:10,186 - 1505172 - piper.organizer - ERROR - []
2025-09-08 06:22:10,186 - 1505172 - piper.organizer - ERROR - []
2025-09-08 06:22:10,186 - 1505172 - piper.organizer - ERROR - []
2025-09-08 06:22:10,186 - 1505172 - piper.organizer - ERROR - Traversal encounters a non-existing file at /home/user/uber-one/data_piper_core_pipelines/adtech/automation/one_etl/spark
2025-09-08 06:22:10,186 - 1505172 - piper.organizer - ERROR - []
2025-09-08 06:22:10,187 - 1505172 - piper.organizer - ERROR - []
2025-09-08 06:22:10,188 - 1505172 - piper.organizer - ERROR - []
2025-09-08 06:22:10,188 - 1505172 - piper.organizer - ERROR - []
2025-09-08 06:22:10,188 - 1505172 - piper.organizer - ERROR - []
2025-09-08 06:22:10,188 - 1505172 - piper.organizer - ERROR - []
2025-09-08 06:22:10,188 - 1505172 - piper.organizer - ERROR - Traversal encounters a non-existing file at /home/user/uber-one/data_piper_core_pipelines/adtech/automation/one_etl/sql
2025-09-08 06:22:10,189 - 1505172 - piper.organizer - ERROR - Traversal encounters a non-existing file at /home/user/uber-one/data_piper_core_pipelines/adtech/targeting/one_etl/sql
2025-09-08 06:22:10,190 - 1505172 - piper.organizer - ERROR - []
2025-09-08 06:22:10,190 - 1505172 - piper.organizer - ERROR - []
2025-09-08 06:22:10,190 - 1505172 - piper.organizer - ERROR - []
2025-09-08 06:22:10,190 - 1505172 - piper.organizer - ERROR - []
2025-09-08 06:22:10,190 - 1505172 - piper.organizer - ERROR - []
2025-09-08 06:22:10,191 - 1505172 - piper.organizer - ERROR - []
2025-09-08 06:22:10,191 - 1505172 - piper.organizer - ERROR - []
2025-09-08 06:22:10,191 - 1505172 - piper.organizer - ERROR - []
2025-09-08 06:22:10,191 - 1505172 - piper.organizer - ERROR - []
2025-09-08 06:22:10,192 - 1505172 - piper.organizer - ERROR - []
2025-09-08 06:22:10,192 - 1505172 - piper.organizer - ERROR - []
2025-09-08 06:22:10,192 - 1505172 - piper.organizer - ERROR - []
2025-09-08 06:22:10,193 - 1505172 - piper.organizer - ERROR - []
2025-09-08 06:22:10,194 - 1505172 - piper.organizer - ERROR - []
2025-09-08 06:22:10,194 - 1505172 - piper.organizer - ERROR - []
2025-09-08 06:22:10,195 - 1505172 - piper.organizer - ERROR - []
2025-09-08 06:22:10,195 - 1505172 - piper.organizer - ERROR - []
2025-09-08 06:22:10,195 - 1505172 - piper.organizer - ERROR - []
2025-09-08 06:22:10,196 - 1505172 - piper.organizer - ERROR - []
2025-09-08 06:22:10,196 - 1505172 - piper.organizer - ERROR - []
2025-09-08 06:22:10,196 - 1505172 - piper.organizer - ERROR - []
2025-09-08 06:22:10,196 - 1505172 - piper.organizer - ERROR - []
2025-09-08 06:22:10,198 - 1505172 - piper.organizer - ERROR - []
2025-09-08 06:22:10,198 - 1505172 - piper.organizer - ERROR - []
2025-09-08 06:22:10,198 - 1505172 - piper.organizer - ERROR - []
2025-09-08 06:22:10,199 - 1505172 - piper.organizer - ERROR - []
2025-09-08 06:22:10,199 - 1505172 - piper.organizer - ERROR - []
2025-09-08 06:22:10,199 - 1505172 - piper.organizer - ERROR - []
2025-09-08 06:22:10,200 - 1505172 - piper.organizer - ERROR - []
2025-09-08 06:22:10,200 - 1505172 - piper.organizer - ERROR - []
2025-09-08 06:22:10,201 - 1505172 - piper.organizer - ERROR - []
2025-09-08 06:22:10,201 - 1505172 - piper.organizer - ERROR - []
2025-09-08 06:22:10,202 - 1505172 - piper.organizer - ERROR - []
2025-09-08 06:22:10,202 - 1505172 - piper.organizer - ERROR - []
2025-09-08 06:22:10,202 - 1505172 - piper.organizer - ERROR - []
2025-09-08 06:22:10,203 - 1505172 - piper.organizer - ERROR - []
2025-09-08 06:22:10,203 - 1505172 - piper.organizer - ERROR - []
2025-09-08 06:22:10,203 - 1505172 - piper.organizer - ERROR - []
2025-09-08 06:22:10,204 - 1505172 - piper.organizer - ERROR - []
2025-09-08 06:22:10,204 - 1505172 - piper.organizer - ERROR - []
2025-09-08 06:22:10,204 - 1505172 - piper.organizer - ERROR - []
2025-09-08 06:22:10,205 - 1505172 - piper.organizer - ERROR - []
2025-09-08 06:22:10,205 - 1505172 - piper.organizer - ERROR - []
2025-09-08 06:22:10,205 - 1505172 - piper.organizer - ERROR - []
2025-09-08 06:22:10,205 - 1505172 - piper.organizer - ERROR - []
2025-09-08 06:22:10,205 - 1505172 - piper.organizer - ERROR - []
2025-09-08 06:22:10,205 - 1505172 - piper.organizer - ERROR - []
2025-09-08 06:22:10,206 - 1505172 - piper.organizer - ERROR - []
2025-09-08 06:22:10,206 - 1505172 - piper.organizer - ERROR - []
2025-09-08 06:22:10,206 - 1505172 - piper.organizer - ERROR - []
2025-09-08 06:22:10,207 - 1505172 - piper.organizer - ERROR - []
2025-09-08 06:22:10,207 - 1505172 - piper.organizer - ERROR - []
2025-09-08 06:22:10,207 - 1505172 - piper.organizer - ERROR - []
2025-09-08 06:22:10,208 - 1505172 - piper.organizer - ERROR - []
2025-09-08 06:22:10,208 - 1505172 - piper.organizer - ERROR - []
2025-09-08 06:22:10,208 - 1505172 - piper.organizer - ERROR - []
2025-09-08 06:22:10,208 - 1505172 - piper.organizer - ERROR - []
2025-09-08 06:22:10,208 - 1505172 - piper.organizer - ERROR - []
2025-09-08 06:22:10,208 - 1505172 - piper.organizer - ERROR - []
2025-09-08 06:22:10,209 - 1505172 - piper.organizer - ERROR - []
2025-09-08 06:22:10,209 - 1505172 - piper.organizer - ERROR - []
2025-09-08 06:22:10,210 - 1505172 - piper.organizer - ERROR - []
2025-09-08 06:22:10,210 - 1505172 - piper.organizer - ERROR - []
2025-09-08 06:22:10,211 - 1505172 - piper.organizer - ERROR - []
2025-09-08 06:22:10,211 - 1505172 - piper.organizer - ERROR - []
2025-09-08 06:22:10,211 - 1505172 - piper.organizer - ERROR - []
2025-09-08 06:22:10,212 - 1505172 - piper.organizer - ERROR - []
2025-09-08 06:22:10,212 - 1505172 - piper.organizer - ERROR - []
2025-09-08 06:22:10,212 - 1505172 - piper.organizer - ERROR - []
2025-09-08 06:22:10,214 - 1505172 - piper.organizer - ERROR - []
2025-09-08 06:22:10,215 - 1505172 - piper.organizer - ERROR - []
2025-09-08 06:22:10,215 - 1505172 - piper.organizer - ERROR - []
2025-09-08 06:22:10,215 - 1505172 - piper.organizer - ERROR - []
2025-09-08 06:22:10,215 - 1505172 - piper.organizer - ERROR - []
2025-09-08 06:22:10,216 - 1505172 - piper.organizer - ERROR - []
2025-09-08 06:22:10,216 - 1505172 - piper.organizer - ERROR - []
2025-09-08 06:22:10,216 - 1505172 - piper.organizer - ERROR - []
2025-09-08 06:22:10,216 - 1505172 - piper.organizer - ERROR - []
2025-09-08 06:22:10,217 - 1505172 - piper.organizer - ERROR - []
2025-09-08 06:22:10,218 - 1505172 - piper.organizer - ERROR - []
2025-09-08 06:22:10,218 - 1505172 - piper.organizer - ERROR - []
2025-09-08 06:22:10,219 - 1505172 - piper.organizer - ERROR - []
2025-09-08 06:22:10,219 - 1505172 - piper.organizer - ERROR - []
2025-09-08 06:22:10,219 - 1505172 - piper.organizer - ERROR - []
2025-09-08 06:22:10,220 - 1505172 - piper.organizer - ERROR - []
2025-09-08 06:22:10,220 - 1505172 - piper.organizer - ERROR - []
2025-09-08 06:22:10,220 - 1505172 - piper.organizer - ERROR - []
2025-09-08 06:22:10,221 - 1505172 - piper.organizer - ERROR - []
2025-09-08 06:22:10,221 - 1505172 - piper.organizer - ERROR - []
2025-09-08 06:22:10,221 - 1505172 - piper.organizer - ERROR - []
2025-09-08 06:22:10,221 - 1505172 - piper.organizer - ERROR - []
2025-09-08 06:22:10,222 - 1505172 - piper.organizer - ERROR - []
2025-09-08 06:22:10,222 - 1505172 - piper.organizer - ERROR - []
2025-09-08 06:22:10,222 - 1505172 - piper.organizer - ERROR - []
2025-09-08 06:22:10,223 - 1505172 - piper.organizer - ERROR - []
2025-09-08 06:22:10,223 - 1505172 - piper.organizer - ERROR - []
2025-09-08 06:22:10,225 - 1505172 - piper.organizer - ERROR - []
2025-09-08 06:22:10,225 - 1505172 - piper.organizer - ERROR - []
2025-09-08 06:22:10,225 - 1505172 - piper.organizer - ERROR - []
2025-09-08 06:22:10,226 - 1505172 - piper.organizer - ERROR - []
2025-09-08 06:22:10,226 - 1505172 - piper.organizer - ERROR - []
2025-09-08 06:22:10,226 - 1505172 - piper.organizer - ERROR - []
2025-09-08 06:22:10,227 - 1505172 - piper.organizer - ERROR - []
2025-09-08 06:22:10,228 - 1505172 - piper.organizer - ERROR - []
2025-09-08 06:22:10,228 - 1505172 - piper.organizer - ERROR - []
2025-09-08 06:22:10,229 - 1505172 - piper.organizer - ERROR - []
2025-09-08 06:22:10,229 - 1505172 - piper.organizer - ERROR - []
2025-09-08 06:22:10,229 - 1505172 - piper.organizer - ERROR - []
2025-09-08 06:22:10,229 - 1505172 - piper.organizer - ERROR - []
2025-09-08 06:22:10,230 - 1505172 - piper.organizer - ERROR - []
2025-09-08 06:22:10,231 - 1505172 - piper.organizer - ERROR - []
2025-09-08 06:22:10,231 - 1505172 - piper.organizer - ERROR - []
2025-09-08 06:22:10,232 - 1505172 - piper.organizer - ERROR - []
2025-09-08 06:22:10,232 - 1505172 - piper.organizer - ERROR - []
2025-09-08 06:22:10,232 - 1505172 - piper.organizer - ERROR - []
2025-09-08 06:22:10,233 - 1505172 - piper.organizer - ERROR - []
2025-09-08 06:22:10,233 - 1505172 - piper.organizer - ERROR - []
2025-09-08 06:22:10,234 - 1505172 - piper.organizer - ERROR - []
2025-09-08 06:22:10,234 - 1505172 - piper.organizer - ERROR - []
2025-09-08 06:22:10,234 - 1505172 - piper.organizer - ERROR - []
2025-09-08 06:22:10,235 - 1505172 - piper.organizer - ERROR - []
2025-09-08 06:22:10,235 - 1505172 - piper.organizer - ERROR - []
2025-09-08 06:22:10,235 - 1505172 - piper.organizer - ERROR - []
2025-09-08 06:22:10,235 - 1505172 - piper.organizer - ERROR - []
2025-09-08 06:22:10,236 - 1505172 - piper.organizer - ERROR - []
2025-09-08 06:22:10,236 - 1505172 - piper.organizer - ERROR - []
2025-09-08 06:22:10,236 - 1505172 - piper.organizer - ERROR - []
2025-09-08 06:22:10,237 - 1505172 - piper.organizer - ERROR - []
2025-09-08 06:22:10,237 - 1505172 - piper.organizer - ERROR - []
2025-09-08 06:22:10,237 - 1505172 - piper.organizer - ERROR - []
2025-09-08 06:22:10,237 - 1505172 - piper.organizer - ERROR - []
2025-09-08 06:22:10,238 - 1505172 - piper.organizer - ERROR - []
2025-09-08 06:22:10,239 - 1505172 - piper.organizer - ERROR - []
2025-09-08 06:22:10,239 - 1505172 - piper.organizer - ERROR - []
2025-09-08 06:22:10,240 - 1505172 - piper.organizer - ERROR - []
2025-09-08 06:22:10,241 - 1505172 - piper.organizer - ERROR - []
2025-09-08 06:22:10,241 - 1505172 - piper.organizer - ERROR - []
2025-09-08 06:22:10,242 - 1505172 - piper.organizer - ERROR - []
2025-09-08 06:22:10,242 - 1505172 - piper.organizer - ERROR - []
2025-09-08 06:22:10,243 - 1505172 - piper.organizer - ERROR - []
2025-09-08 06:22:10,243 - 1505172 - piper.organizer - ERROR - []
2025-09-08 06:22:10,243 - 1505172 - piper.organizer - ERROR - []
2025-09-08 06:22:10,244 - 1505172 - piper.organizer - ERROR - []
2025-09-08 06:22:10,244 - 1505172 - piper.organizer - ERROR - []
2025-09-08 06:22:10,245 - 1505172 - piper.organizer - ERROR - []
2025-09-08 06:22:10,245 - 1505172 - piper.organizer - ERROR - []
2025-09-08 06:22:10,245 - 1505172 - piper.organizer - ERROR - []
2025-09-08 06:22:10,245 - 1505172 - piper.organizer - ERROR - []
2025-09-08 06:22:10,246 - 1505172 - piper.organizer - ERROR - []
2025-09-08 06:22:10,246 - 1505172 - piper.organizer - ERROR - []
2025-09-08 06:22:10,246 - 1505172 - piper.organizer - ERROR - []
2025-09-08 06:22:10,247 - 1505172 - piper.organizer - ERROR - []
2025-09-08 06:22:10,247 - 1505172 - piper.organizer - ERROR - []
2025-09-08 06:22:10,248 - 1505172 - piper.organizer - ERROR - []
2025-09-08 06:22:10,248 - 1505172 - piper.organizer - ERROR - []
2025-09-08 06:22:10,249 - 1505172 - piper.organizer - ERROR - []
2025-09-08 06:22:10,249 - 1505172 - piper.organizer - ERROR - []
2025-09-08 06:22:10,249 - 1505172 - piper.organizer - ERROR - []
2025-09-08 06:22:10,250 - 1505172 - piper.organizer - ERROR - []
2025-09-08 06:22:10,250 - 1505172 - piper.organizer - ERROR - []
2025-09-08 06:22:10,250 - 1505172 - piper.organizer - ERROR - []
2025-09-08 06:22:10,251 - 1505172 - piper.organizer - ERROR - []
2025-09-08 06:22:10,251 - 1505172 - piper.organizer - ERROR - []
2025-09-08 06:22:10,251 - 1505172 - piper.organizer - ERROR - []
2025-09-08 06:22:10,252 - 1505172 - piper.organizer - ERROR - []
2025-09-08 06:22:10,252 - 1505172 - piper.organizer - ERROR - []
2025-09-08 06:22:10,255 - 1505172 - piper.organizer - ERROR - []
2025-09-08 06:22:10,255 - 1505172 - piper.organizer - ERROR - []
2025-09-08 06:22:10,256 - 1505172 - piper.organizer - ERROR - []
2025-09-08 06:22:10,256 - 1505172 - piper.organizer - ERROR - []
2025-09-08 06:22:10,257 - 1505172 - piper.organizer - ERROR - []
2025-09-08 06:22:10,257 - 1505172 - piper.organizer - ERROR - []
2025-09-08 06:22:10,257 - 1505172 - piper.organizer - ERROR - []
2025-09-08 06:22:10,257 - 1505172 - piper.organizer - ERROR - []
2025-09-08 06:22:10,258 - 1505172 - piper.organizer - ERROR - []
2025-09-08 06:22:10,258 - 1505172 - piper.organizer - ERROR - []
2025-09-08 06:22:10,258 - 1505172 - piper.organizer - ERROR - []
2025-09-08 06:22:10,259 - 1505172 - piper.organizer - ERROR - []
2025-09-08 06:22:10,259 - 1505172 - piper.organizer - ERROR - []
2025-09-08 06:22:10,260 - 1505172 - piper.organizer - ERROR - []
2025-09-08 06:22:10,260 - 1505172 - piper.organizer - ERROR - []
2025-09-08 06:22:10,260 - 1505172 - piper.organizer - ERROR - []
2025-09-08 06:22:10,261 - 1505172 - piper.organizer - ERROR - []
2025-09-08 06:22:10,261 - 1505172 - piper.organizer - ERROR - []
2025-09-08 06:22:10,262 - 1505172 - piper.organizer - ERROR - []
2025-09-08 06:22:10,262 - 1505172 - piper.organizer - ERROR - []
2025-09-08 06:22:10,263 - 1505172 - piper.organizer - ERROR - []
2025-09-08 06:22:10,263 - 1505172 - piper.organizer - ERROR - []
2025-09-08 06:22:10,263 - 1505172 - piper.organizer - ERROR - []
2025-09-08 06:22:10,264 - 1505172 - piper.organizer - ERROR - []
2025-09-08 06:22:10,264 - 1505172 - piper.organizer - ERROR - []
2025-09-08 06:22:10,264 - 1505172 - piper.organizer - ERROR - []
2025-09-08 06:22:10,264 - 1505172 - piper.organizer - ERROR - []
2025-09-08 06:22:10,265 - 1505172 - piper.organizer - ERROR - []
2025-09-08 06:22:10,265 - 1505172 - piper.organizer - ERROR - []
2025-09-08 06:22:10,266 - 1505172 - piper.organizer - ERROR - []
2025-09-08 06:22:10,266 - 1505172 - piper.organizer - ERROR - []
2025-09-08 06:22:10,266 - 1505172 - piper.organizer - ERROR - []
2025-09-08 06:22:10,267 - 1505172 - piper.organizer - ERROR - []
2025-09-08 06:22:10,267 - 1505172 - piper.organizer - ERROR - []
2025-09-08 06:22:10,267 - 1505172 - piper.organizer - ERROR - []
2025-09-08 06:22:10,268 - 1505172 - piper.organizer - ERROR - []
2025-09-08 06:22:10,268 - 1505172 - piper.organizer - ERROR - []
2025-09-08 06:22:10,268 - 1505172 - piper.organizer - ERROR - []
2025-09-08 06:22:10,268 - 1505172 - piper.organizer - ERROR - []
2025-09-08 06:22:10,268 - 1505172 - piper.organizer - ERROR - []
2025-09-08 06:22:10,270 - 1505172 - piper.organizer - ERROR - []
2025-09-08 06:22:10,270 - 1505172 - piper.organizer - ERROR - []
2025-09-08 06:22:10,270 - 1505172 - piper.organizer - ERROR - []
2025-09-08 06:22:10,271 - 1505172 - piper.organizer - ERROR - []
2025-09-08 06:22:10,271 - 1505172 - piper.organizer - ERROR - []
2025-09-08 06:22:10,272 - 1505172 - piper.organizer - ERROR - []
2025-09-08 06:22:10,272 - 1505172 - piper.organizer - ERROR - []
2025-09-08 06:22:10,272 - 1505172 - piper.organizer - ERROR - []
2025-09-08 06:22:10,273 - 1505172 - piper.organizer - ERROR - []
2025-09-08 06:22:10,273 - 1505172 - piper.organizer - ERROR - []
2025-09-08 06:22:10,273 - 1505172 - piper.organizer - ERROR - []
2025-09-08 06:22:10,274 - 1505172 - piper.organizer - ERROR - []
2025-09-08 06:22:10,275 - 1505172 - piper.organizer - ERROR - []
2025-09-08 06:22:10,275 - 1505172 - piper.organizer - ERROR - []
2025-09-08 06:22:10,275 - 1505172 - piper.organizer - ERROR - []
2025-09-08 06:22:10,276 - 1505172 - piper.organizer - ERROR - []
2025-09-08 06:22:10,276 - 1505172 - piper.organizer - ERROR - []
2025-09-08 06:22:10,276 - 1505172 - piper.organizer - ERROR - []
2025-09-08 06:22:10,276 - 1505172 - piper.organizer - ERROR - []
2025-09-08 06:22:10,276 - 1505172 - piper.organizer - ERROR - []
2025-09-08 06:22:10,277 - 1505172 - piper.organizer - ERROR - []
2025-09-08 06:22:10,277 - 1505172 - piper.organizer - ERROR - []
2025-09-08 06:22:10,277 - 1505172 - piper.organizer - ERROR - []
2025-09-08 06:22:10,278 - 1505172 - piper.organizer - ERROR - []
2025-09-08 06:22:10,278 - 1505172 - piper.organizer - ERROR - []
2025-09-08 06:22:10,279 - 1505172 - piper.organizer - ERROR - []
2025-09-08 06:22:10,279 - 1505172 - piper.organizer - ERROR - []
2025-09-08 06:22:10,279 - 1505172 - piper.organizer - ERROR - []
2025-09-08 06:22:10,279 - 1505172 - piper.organizer - ERROR - []
2025-09-08 06:22:10,280 - 1505172 - piper.organizer - ERROR - []
2025-09-08 06:22:10,280 - 1505172 - piper.organizer - ERROR - []
2025-09-08 06:22:10,280 - 1505172 - piper.organizer - ERROR - []
2025-09-08 06:22:10,280 - 1505172 - piper.organizer - ERROR - []
2025-09-08 06:22:10,281 - 1505172 - piper.organizer - ERROR - []
2025-09-08 06:22:10,281 - 1505172 - piper.organizer - ERROR - []
2025-09-08 06:22:10,281 - 1505172 - piper.organizer - ERROR - []
2025-09-08 06:22:10,282 - 1505172 - piper.organizer - ERROR - []
2025-09-08 06:22:10,283 - 1505172 - piper.organizer - ERROR - []
2025-09-08 06:22:10,283 - 1505172 - piper.organizer - ERROR - []
2025-09-08 06:22:10,283 - 1505172 - piper.organizer - ERROR - []
2025-09-08 06:22:10,284 - 1505172 - piper.organizer - ERROR - []
2025-09-08 06:22:10,284 - 1505172 - piper.organizer - ERROR - []
2025-09-08 06:22:10,284 - 1505172 - piper.organizer - ERROR - []
2025-09-08 06:22:10,285 - 1505172 - piper.organizer - ERROR - []
2025-09-08 06:22:10,285 - 1505172 - piper.organizer - ERROR - []
2025-09-08 06:22:10,285 - 1505172 - piper.organizer - ERROR - []
2025-09-08 06:22:10,286 - 1505172 - piper.organizer - ERROR - []
2025-09-08 06:22:10,286 - 1505172 - piper.organizer - ERROR - []
2025-09-08 06:22:10,286 - 1505172 - piper.organizer - ERROR - []
2025-09-08 06:22:10,287 - 1505172 - piper.organizer - ERROR - []
2025-09-08 06:22:10,287 - 1505172 - piper.organizer - ERROR - []
2025-09-08 06:22:10,288 - 1505172 - piper.organizer - ERROR - []
2025-09-08 06:22:10,289 - 1505172 - piper.organizer - ERROR - []
2025-09-08 06:22:10,290 - 1505172 - piper.organizer - ERROR - []
2025-09-08 06:22:10,290 - 1505172 - piper.organizer - ERROR - []
2025-09-08 06:22:10,291 - 1505172 - piper.organizer - ERROR - []
2025-09-08 06:22:10,291 - 1505172 - piper.organizer - ERROR - []
2025-09-08 06:22:10,292 - 1505172 - piper.organizer - ERROR - []
2025-09-08 06:22:10,292 - 1505172 - piper.organizer - ERROR - []
2025-09-08 06:22:10,293 - 1505172 - piper.organizer - ERROR - []
2025-09-08 06:22:10,293 - 1505172 - piper.organizer - ERROR - []
2025-09-08 06:22:10,293 - 1505172 - piper.organizer - ERROR - []
2025-09-08 06:22:10,293 - 1505172 - piper.organizer - ERROR - []
2025-09-08 06:22:10,293 - 1505172 - piper.organizer - ERROR - []
2025-09-08 06:22:10,293 - 1505172 - piper.organizer - ERROR - []
2025-09-08 06:22:10,294 - 1505172 - piper.organizer - ERROR - []
2025-09-08 06:22:10,294 - 1505172 - piper.organizer - ERROR - []
2025-09-08 06:22:10,294 - 1505172 - piper.organizer - ERROR - []
2025-09-08 06:22:10,295 - 1505172 - piper.organizer - ERROR - []
2025-09-08 06:22:10,295 - 1505172 - piper.organizer - ERROR - []
2025-09-08 06:22:10,296 - 1505172 - piper.organizer - ERROR - []
2025-09-08 06:22:10,296 - 1505172 - piper.organizer - ERROR - []
2025-09-08 06:22:10,297 - 1505172 - piper.organizer - ERROR - []
2025-09-08 06:22:10,297 - 1505172 - piper.organizer - ERROR - []
2025-09-08 06:22:10,297 - 1505172 - piper.organizer - ERROR - []
2025-09-08 06:22:10,298 - 1505172 - piper.organizer - ERROR - []
2025-09-08 06:22:10,298 - 1505172 - piper.organizer - ERROR - []
2025-09-08 06:22:10,298 - 1505172 - piper.organizer - ERROR - []
2025-09-08 06:22:10,298 - 1505172 - piper.organizer - ERROR - []
2025-09-08 06:22:10,299 - 1505172 - piper.organizer - ERROR - []
2025-09-08 06:22:10,299 - 1505172 - piper.organizer - ERROR - []
2025-09-08 06:22:10,300 - 1505172 - piper.organizer - ERROR - []
2025-09-08 06:22:10,300 - 1505172 - piper.organizer - ERROR - []
2025-09-08 06:22:10,300 - 1505172 - piper.organizer - ERROR - []
2025-09-08 06:22:10,301 - 1505172 - piper.organizer - ERROR - []
2025-09-08 06:22:10,301 - 1505172 - piper.organizer - ERROR - []
2025-09-08 06:22:10,301 - 1505172 - piper.organizer - ERROR - []
2025-09-08 06:22:10,301 - 1505172 - piper.organizer - ERROR - []
2025-09-08 06:22:10,301 - 1505172 - piper.organizer - ERROR - []
2025-09-08 06:22:10,304 - 1505172 - piper.organizer - ERROR - []
2025-09-08 06:22:10,305 - 1505172 - piper.organizer - ERROR - []
2025-09-08 06:22:10,305 - 1505172 - piper.organizer - ERROR - []
2025-09-08 06:22:10,306 - 1505172 - piper.organizer - ERROR - []
2025-09-08 06:22:10,306 - 1505172 - piper.organizer - ERROR - []
2025-09-08 06:22:10,306 - 1505172 - piper.organizer - ERROR - []
2025-09-08 06:22:10,307 - 1505172 - piper.organizer - ERROR - []
2025-09-08 06:22:10,307 - 1505172 - piper.organizer - ERROR - []
2025-09-08 06:22:10,307 - 1505172 - piper.organizer - ERROR - []
2025-09-08 06:22:10,308 - 1505172 - piper.organizer - ERROR - []
2025-09-08 06:22:10,308 - 1505172 - piper.organizer - ERROR - []
2025-09-08 06:22:10,309 - 1505172 - piper.organizer - ERROR - []
2025-09-08 06:22:10,309 - 1505172 - piper.organizer - ERROR - []
2025-09-08 06:22:10,309 - 1505172 - piper.organizer - ERROR - []
2025-09-08 06:22:10,310 - 1505172 - piper.organizer - ERROR - []
2025-09-08 06:22:10,310 - 1505172 - piper.organizer - ERROR - []
2025-09-08 06:22:10,310 - 1505172 - piper.organizer - ERROR - []
2025-09-08 06:22:10,311 - 1505172 - piper.organizer - ERROR - []
2025-09-08 06:22:10,311 - 1505172 - piper.organizer - ERROR - []
2025-09-08 06:22:10,312 - 1505172 - piper.organizer - ERROR - []
2025-09-08 06:22:10,312 - 1505172 - piper.organizer - ERROR - []
2025-09-08 06:22:10,313 - 1505172 - piper.organizer - ERROR - []
2025-09-08 06:22:10,313 - 1505172 - piper.organizer - ERROR - []
2025-09-08 06:22:10,313 - 1505172 - piper.organizer - ERROR - []
2025-09-08 06:22:10,314 - 1505172 - piper.organizer - ERROR - []
2025-09-08 06:22:10,314 - 1505172 - piper.organizer - ERROR - []
2025-09-08 06:22:10,314 - 1505172 - piper.organizer - ERROR - []
2025-09-08 06:22:10,314 - 1505172 - piper.organizer - ERROR - []
2025-09-08 06:22:10,315 - 1505172 - piper.organizer - ERROR - []
2025-09-08 06:22:10,316 - 1505172 - piper.organizer - ERROR - []
2025-09-08 06:22:10,316 - 1505172 - piper.organizer - ERROR - []
2025-09-08 06:22:10,317 - 1505172 - piper.organizer - ERROR - []
2025-09-08 06:22:10,317 - 1505172 - piper.organizer - ERROR - []
2025-09-08 06:22:10,317 - 1505172 - piper.organizer - ERROR - []
2025-09-08 06:22:10,318 - 1505172 - piper.organizer - ERROR - []
2025-09-08 06:22:10,318 - 1505172 - piper.organizer - ERROR - []
2025-09-08 06:22:10,318 - 1505172 - piper.organizer - ERROR - []
2025-09-08 06:22:10,318 - 1505172 - piper.organizer - ERROR - []
2025-09-08 06:22:10,318 - 1505172 - piper.organizer - ERROR - []
2025-09-08 06:22:10,318 - 1505172 - piper.organizer - ERROR - []
2025-09-08 06:22:10,322 - 1505172 - piper.organizer - ERROR - []
2025-09-08 06:22:10,322 - 1505172 - piper.organizer - ERROR - []
2025-09-08 06:22:10,323 - 1505172 - piper.organizer - ERROR - []
2025-09-08 06:22:10,323 - 1505172 - piper.organizer - ERROR - []
2025-09-08 06:22:10,324 - 1505172 - piper.organizer - ERROR - []
2025-09-08 06:22:10,324 - 1505172 - piper.organizer - ERROR - []
2025-09-08 06:22:10,325 - 1505172 - piper.organizer - ERROR - []
2025-09-08 06:22:10,325 - 1505172 - piper.organizer - ERROR - []
2025-09-08 06:22:10,325 - 1505172 - piper.organizer - ERROR - []
2025-09-08 06:22:10,326 - 1505172 - piper.organizer - ERROR - []
2025-09-08 06:22:10,326 - 1505172 - piper.organizer - ERROR - []
2025-09-08 06:22:10,326 - 1505172 - piper.organizer - ERROR - []
2025-09-08 06:22:10,327 - 1505172 - piper.organizer - ERROR - []
2025-09-08 06:22:10,327 - 1505172 - piper.organizer - ERROR - []
2025-09-08 06:22:10,327 - 1505172 - piper.organizer - ERROR - []
2025-09-08 06:22:10,327 - 1505172 - piper.organizer - ERROR - []
2025-09-08 06:22:10,328 - 1505172 - piper.organizer - ERROR - []
2025-09-08 06:22:10,328 - 1505172 - piper.organizer - ERROR - []
2025-09-08 06:22:10,328 - 1505172 - piper.organizer - ERROR - []
2025-09-08 06:22:10,329 - 1505172 - piper.organizer - ERROR - []
2025-09-08 06:22:10,329 - 1505172 - piper.organizer - ERROR - []
2025-09-08 06:22:10,329 - 1505172 - piper.organizer - ERROR - []
2025-09-08 06:22:10,330 - 1505172 - piper.organizer - ERROR - []
2025-09-08 06:22:10,330 - 1505172 - piper.organizer - ERROR - []
2025-09-08 06:22:10,330 - 1505172 - piper.organizer - ERROR - []
2025-09-08 06:22:10,331 - 1505172 - piper.organizer - ERROR - []
2025-09-08 06:22:10,332 - 1505172 - piper.organizer - ERROR - []
2025-09-08 06:22:10,332 - 1505172 - piper.organizer - ERROR - []
2025-09-08 06:22:10,332 - 1505172 - piper.organizer - ERROR - []
2025-09-08 06:22:10,333 - 1505172 - piper.organizer - ERROR - []
2025-09-08 06:22:10,333 - 1505172 - piper.organizer - ERROR - []
2025-09-08 06:22:10,333 - 1505172 - piper.organizer - ERROR - []
2025-09-08 06:22:10,333 - 1505172 - piper.organizer - ERROR - []
2025-09-08 06:22:10,334 - 1505172 - piper.organizer - ERROR - []
2025-09-08 06:22:10,334 - 1505172 - piper.organizer - ERROR - []
2025-09-08 06:22:10,334 - 1505172 - piper.organizer - ERROR - []
2025-09-08 06:22:10,335 - 1505172 - piper.organizer - ERROR - []
2025-09-08 06:22:10,335 - 1505172 - piper.organizer - ERROR - []
2025-09-08 06:22:10,335 - 1505172 - piper.organizer - ERROR - []
2025-09-08 06:22:10,335 - 1505172 - piper.organizer - ERROR - []
2025-09-08 06:22:10,336 - 1505172 - piper.organizer - ERROR - []
2025-09-08 06:22:10,337 - 1505172 - piper.organizer - ERROR - []
2025-09-08 06:22:10,337 - 1505172 - piper.organizer - ERROR - []
2025-09-08 06:22:10,337 - 1505172 - piper.organizer - ERROR - []
2025-09-08 06:22:10,337 - 1505172 - piper.organizer - ERROR - []
2025-09-08 06:22:10,338 - 1505172 - piper.organizer - ERROR - []
2025-09-08 06:22:10,338 - 1505172 - piper.organizer - ERROR - []
2025-09-08 06:22:10,338 - 1505172 - piper.organizer - ERROR - []
2025-09-08 06:22:10,338 - 1505172 - piper.organizer - ERROR - []
2025-09-08 06:22:10,338 - 1505172 - piper.organizer - ERROR - []
2025-09-08 06:22:10,339 - 1505172 - piper.organizer - ERROR - []
2025-09-08 06:22:10,339 - 1505172 - piper.organizer - ERROR - []
2025-09-08 06:22:10,339 - 1505172 - piper.organizer - ERROR - []
2025-09-08 06:22:10,340 - 1505172 - piper.organizer - ERROR - []
2025-09-08 06:22:10,340 - 1505172 - piper.organizer - ERROR - []
2025-09-08 06:22:10,340 - 1505172 - piper.organizer - ERROR - []
2025-09-08 06:22:10,340 - 1505172 - piper.organizer - ERROR - []
2025-09-08 06:22:10,341 - 1505172 - piper.organizer - ERROR - []
2025-09-08 06:22:10,341 - 1505172 - piper.organizer - ERROR - []
2025-09-08 06:22:10,341 - 1505172 - piper.organizer - ERROR - []
2025-09-08 06:22:10,342 - 1505172 - piper.organizer - ERROR - []
2025-09-08 06:22:10,342 - 1505172 - piper.organizer - ERROR - []
2025-09-08 06:22:10,343 - 1505172 - piper.organizer - ERROR - []
2025-09-08 06:22:10,343 - 1505172 - piper.organizer - ERROR - []
2025-09-08 06:22:10,343 - 1505172 - piper.organizer - ERROR - []
2025-09-08 06:22:10,343 - 1505172 - piper.organizer - ERROR - []
2025-09-08 06:22:10,344 - 1505172 - piper.organizer - ERROR - []
2025-09-08 06:22:10,344 - 1505172 - piper.organizer - ERROR - []
2025-09-08 06:22:10,344 - 1505172 - piper.organizer - ERROR - []
2025-09-08 06:22:10,344 - 1505172 - piper.organizer - ERROR - []
2025-09-08 06:22:10,345 - 1505172 - piper.organizer - ERROR - []
2025-09-08 06:22:10,345 - 1505172 - piper.organizer - ERROR - []
2025-09-08 06:22:10,346 - 1505172 - piper.organizer - ERROR - []
2025-09-08 06:22:10,346 - 1505172 - piper.organizer - ERROR - []
2025-09-08 06:22:10,349 - 1505172 - piper.organizer - ERROR - []
2025-09-08 06:22:10,349 - 1505172 - piper.organizer - ERROR - []
2025-09-08 06:22:10,351 - 1505172 - piper.organizer - ERROR - []
2025-09-08 06:22:10,352 - 1505172 - piper.organizer - ERROR - []
2025-09-08 06:22:10,352 - 1505172 - piper.organizer - ERROR - []
2025-09-08 06:22:10,359 - 1505172 - piper.organizer - ERROR - []
2025-09-08 06:22:10,359 - 1505172 - piper.organizer - ERROR - []
2025-09-08 06:22:10,361 - 1505172 - piper.organizer - ERROR - []
2025-09-08 06:22:10,361 - 1505172 - piper.organizer - ERROR - []
2025-09-08 06:22:10,361 - 1505172 - piper.organizer - ERROR - []
2025-09-08 06:22:10,362 - 1505172 - piper.organizer - ERROR - []
2025-09-08 06:22:10,362 - 1505172 - piper.organizer - ERROR - []
2025-09-08 06:22:10,363 - 1505172 - piper.organizer - ERROR - []
2025-09-08 06:22:10,364 - 1505172 - piper.organizer - ERROR - []
2025-09-08 06:22:10,364 - 1505172 - piper.organizer - ERROR - []
2025-09-08 06:22:10,365 - 1505172 - piper.organizer - ERROR - []
2025-09-08 06:22:10,366 - 1505172 - piper.organizer - ERROR - []
2025-09-08 06:22:10,369 - 1505172 - piper.organizer - ERROR - []
2025-09-08 06:22:10,369 - 1505172 - piper.organizer - ERROR - []
2025-09-08 06:22:10,370 - 1505172 - piper.organizer - ERROR - []
2025-09-08 06:22:10,370 - 1505172 - piper.organizer - ERROR - []
2025-09-08 06:22:10,371 - 1505172 - piper.organizer - ERROR - []
2025-09-08 06:22:10,371 - 1505172 - piper.organizer - ERROR - []
2025-09-08 06:22:10,371 - 1505172 - piper.organizer - ERROR - []
2025-09-08 06:22:10,371 - 1505172 - piper.organizer - ERROR - []
2025-09-08 06:22:10,372 - 1505172 - piper.organizer - ERROR - []
2025-09-08 06:22:10,372 - 1505172 - piper.organizer - ERROR - []
2025-09-08 06:22:10,372 - 1505172 - piper.organizer - ERROR - []
2025-09-08 06:22:10,375 - 1505172 - piper.organizer - ERROR - []
2025-09-08 06:22:10,375 - 1505172 - piper.organizer - ERROR - []
2025-09-08 06:22:10,375 - 1505172 - piper.organizer - ERROR - []
2025-09-08 06:22:10,375 - 1505172 - piper.organizer - ERROR - []
2025-09-08 06:22:10,376 - 1505172 - piper.organizer - ERROR - []
2025-09-08 06:22:10,376 - 1505172 - piper.organizer - ERROR - []
2025-09-08 06:22:10,377 - 1505172 - piper.organizer - ERROR - []
2025-09-08 06:22:10,377 - 1505172 - piper.organizer - ERROR - []
2025-09-08 06:22:10,377 - 1505172 - piper.organizer - ERROR - []
2025-09-08 06:22:10,377 - 1505172 - piper.organizer - ERROR - []
2025-09-08 06:22:10,378 - 1505172 - piper.organizer - ERROR - []
2025-09-08 06:22:10,378 - 1505172 - piper.organizer - ERROR - []
2025-09-08 06:22:10,380 - 1505172 - piper.organizer - ERROR - []
2025-09-08 06:22:10,381 - 1505172 - piper.organizer - ERROR - []
2025-09-08 06:22:10,382 - 1505172 - piper.organizer - ERROR - []
2025-09-08 06:22:10,383 - 1505172 - piper.organizer - ERROR - []
2025-09-08 06:22:10,383 - 1505172 - piper.organizer - ERROR - []
2025-09-08 06:22:10,383 - 1505172 - piper.organizer - ERROR - []
2025-09-08 06:22:10,383 - 1505172 - piper.organizer - ERROR - []
2025-09-08 06:22:10,383 - 1505172 - piper.organizer - ERROR - []
2025-09-08 06:22:10,384 - 1505172 - piper.organizer - ERROR - []
2025-09-08 06:22:10,384 - 1505172 - piper.organizer - ERROR - []
2025-09-08 06:22:10,384 - 1505172 - piper.organizer - ERROR - []
2025-09-08 06:22:10,386 - 1505172 - piper.organizer - ERROR - []
2025-09-08 06:22:10,386 - 1505172 - piper.organizer - ERROR - []
2025-09-08 06:22:10,389 - 1505172 - piper.organizer - ERROR - []
2025-09-08 06:22:10,389 - 1505172 - piper.organizer - ERROR - []
2025-09-08 06:22:10,389 - 1505172 - piper.organizer - ERROR - []
2025-09-08 06:22:10,390 - 1505172 - piper.organizer - ERROR - []
2025-09-08 06:22:10,390 - 1505172 - piper.organizer - ERROR - []
2025-09-08 06:22:10,390 - 1505172 - piper.organizer - ERROR - []
2025-09-08 06:22:10,391 - 1505172 - piper.organizer - ERROR - []
2025-09-08 06:22:10,393 - 1505172 - piper.organizer - ERROR - []
2025-09-08 06:22:10,395 - 1505172 - piper.organizer - ERROR - []
2025-09-08 06:22:10,395 - 1505172 - piper.organizer - ERROR - []
2025-09-08 06:22:10,396 - 1505172 - piper.organizer - ERROR - []
2025-09-08 06:22:10,397 - 1505172 - piper.organizer - ERROR - []
2025-09-08 06:22:10,397 - 1505172 - piper.organizer - ERROR - []
2025-09-08 06:22:10,397 - 1505172 - piper.organizer - ERROR - []
2025-09-08 06:22:10,397 - 1505172 - piper.organizer - ERROR - []
2025-09-08 06:22:10,398 - 1505172 - piper.organizer - ERROR - []
2025-09-08 06:22:10,398 - 1505172 - piper.organizer - ERROR - []
2025-09-08 06:22:10,399 - 1505172 - piper.organizer - ERROR - []
2025-09-08 06:22:10,399 - 1505172 - piper.organizer - ERROR - []
2025-09-08 06:22:10,399 - 1505172 - piper.organizer - ERROR - []
2025-09-08 06:22:10,399 - 1505172 - piper.organizer - ERROR - []
2025-09-08 06:22:10,400 - 1505172 - piper.organizer - ERROR - []
2025-09-08 06:22:10,400 - 1505172 - piper.organizer - ERROR - []
2025-09-08 06:22:10,400 - 1505172 - piper.organizer - ERROR - []
2025-09-08 06:22:10,401 - 1505172 - piper.organizer - ERROR - []
2025-09-08 06:22:10,401 - 1505172 - piper.organizer - ERROR - []
2025-09-08 06:22:10,402 - 1505172 - piper.organizer - ERROR - []
2025-09-08 06:22:10,402 - 1505172 - piper.organizer - ERROR - []
2025-09-08 06:22:10,403 - 1505172 - piper.organizer - ERROR - []
2025-09-08 06:22:10,404 - 1505172 - piper.organizer - ERROR - []
2025-09-08 06:22:10,405 - 1505172 - piper.organizer - ERROR - []
2025-09-08 06:22:10,405 - 1505172 - piper.organizer - ERROR - []
2025-09-08 06:22:10,407 - 1505172 - piper.organizer - ERROR - []
2025-09-08 06:22:10,407 - 1505172 - piper.organizer - ERROR - []
2025-09-08 06:22:10,416 - 1505172 - piper.organizer - ERROR - []
2025-09-08 06:22:10,419 - 1505172 - piper.organizer - ERROR - []
2025-09-08 06:22:10,419 - 1505172 - piper.organizer - ERROR - []
2025-09-08 06:22:10,420 - 1505172 - piper.organizer - ERROR - []
2025-09-08 06:22:10,421 - 1505172 - piper.organizer - ERROR - []
2025-09-08 06:22:10,422 - 1505172 - piper.organizer - ERROR - []
2025-09-08 06:22:10,422 - 1505172 - piper.organizer - ERROR - []
2025-09-08 06:22:10,423 - 1505172 - piper.organizer - ERROR - []
2025-09-08 06:22:10,423 - 1505172 - piper.organizer - ERROR - []
2025-09-08 06:22:10,423 - 1505172 - piper.organizer - ERROR - []
2025-09-08 06:22:10,425 - 1505172 - piper.organizer - ERROR - []
2025-09-08 06:22:10,425 - 1505172 - piper.organizer - ERROR - []
2025-09-08 06:22:10,425 - 1505172 - piper.organizer - ERROR - []
2025-09-08 06:22:10,425 - 1505172 - piper.organizer - ERROR - []
2025-09-08 06:22:10,425 - 1505172 - piper.organizer - ERROR - []
2025-09-08 06:22:10,425 - 1505172 - piper.organizer - ERROR - []
2025-09-08 06:22:10,427 - 1505172 - piper.organizer - ERROR - []
2025-09-08 06:22:10,429 - 1504887 - piper.organizer - INFO - Monitoring process with target PipelineOrganizer.execute and pid 1505172
2025-09-08 06:22:10,459 - 1505172 - piper.organizer - ERROR - []
2025-09-08 06:22:10,459 - 1505172 - piper.organizer - ERROR - []
2025-09-08 06:22:10,460 - 1505172 - piper.organizer - ERROR - []
2025-09-08 06:22:10,460 - 1505172 - piper.organizer - ERROR - []
2025-09-08 06:22:10,461 - 1505172 - piper.organizer - ERROR - []
2025-09-08 06:22:10,461 - 1505172 - piper.organizer - ERROR - []
2025-09-08 06:22:10,461 - 1505172 - piper.organizer - ERROR - []
2025-09-08 06:22:10,461 - 1505172 - piper.organizer - ERROR - []
2025-09-08 06:22:10,462 - 1505172 - piper.organizer - ERROR - []
2025-09-08 06:22:10,462 - 1505172 - piper.organizer - ERROR - []
2025-09-08 06:22:10,462 - 1505172 - piper.organizer - ERROR - []
2025-09-08 06:22:10,462 - 1505172 - piper.organizer - ERROR - []
2025-09-08 06:22:10,463 - 1505172 - piper.organizer - ERROR - []
2025-09-08 06:22:10,464 - 1505172 - piper.organizer - ERROR - []
2025-09-08 06:22:10,464 - 1505172 - piper.organizer - ERROR - []
2025-09-08 06:22:10,464 - 1505172 - piper.organizer - ERROR - []
2025-09-08 06:22:10,464 - 1505172 - piper.organizer - ERROR - []
2025-09-08 06:22:10,465 - 1505172 - piper.organizer - ERROR - []
2025-09-08 06:22:10,465 - 1505172 - piper.organizer - ERROR - []
2025-09-08 06:22:10,465 - 1505172 - piper.organizer - ERROR - []
2025-09-08 06:22:10,466 - 1505172 - piper.organizer - ERROR - []
2025-09-08 06:22:10,466 - 1505172 - piper.organizer - ERROR - []
2025-09-08 06:22:10,466 - 1505172 - piper.organizer - ERROR - []
2025-09-08 06:22:10,466 - 1505172 - piper.organizer - ERROR - []
2025-09-08 06:22:10,467 - 1505172 - piper.organizer - ERROR - []
2025-09-08 06:22:10,467 - 1505172 - piper.organizer - ERROR - []
2025-09-08 06:22:10,467 - 1505172 - piper.organizer - ERROR - []
2025-09-08 06:22:10,467 - 1505172 - piper.organizer - ERROR - []
2025-09-08 06:22:10,467 - 1505172 - piper.organizer - ERROR - []
2025-09-08 06:22:10,468 - 1505172 - piper.organizer - ERROR - []
2025-09-08 06:22:10,468 - 1505172 - piper.organizer - ERROR - []
2025-09-08 06:22:10,469 - 1505172 - piper.organizer - ERROR - []
2025-09-08 06:22:10,469 - 1505172 - piper.organizer - ERROR - []
2025-09-08 06:22:10,469 - 1505172 - piper.organizer - ERROR - []
2025-09-08 06:22:10,469 - 1505172 - piper.organizer - ERROR - []
2025-09-08 06:22:10,471 - 1505172 - piper.organizer - ERROR - []
2025-09-08 06:22:10,471 - 1505172 - piper.organizer - ERROR - []
2025-09-08 06:22:10,472 - 1505172 - piper.organizer - ERROR - []
2025-09-08 06:22:10,472 - 1505172 - piper.organizer - ERROR - []
2025-09-08 06:22:10,473 - 1505172 - piper.organizer - ERROR - []
2025-09-08 06:22:10,473 - 1505172 - piper.organizer - ERROR - []
2025-09-08 06:22:10,473 - 1505172 - piper.organizer - ERROR - []
2025-09-08 06:22:10,473 - 1505172 - piper.organizer - ERROR - []
2025-09-08 06:22:10,473 - 1505172 - piper.organizer - ERROR - []
2025-09-08 06:22:10,473 - 1505172 - piper.organizer - ERROR - []
2025-09-08 06:22:10,473 - 1505172 - piper.organizer - ERROR - []
2025-09-08 06:22:10,474 - 1505172 - piper.organizer - ERROR - []
2025-09-08 06:22:10,474 - 1505172 - piper.organizer - ERROR - []
2025-09-08 06:22:10,475 - 1505172 - piper.organizer - ERROR - []
2025-09-08 06:22:10,475 - 1505172 - piper.organizer - ERROR - []
2025-09-08 06:22:10,475 - 1505172 - piper.organizer - ERROR - []
2025-09-08 06:22:10,476 - 1505172 - piper.organizer - ERROR - []
2025-09-08 06:22:10,476 - 1505172 - piper.organizer - ERROR - []
2025-09-08 06:22:10,476 - 1505172 - piper.organizer - ERROR - []
2025-09-08 06:22:10,477 - 1505172 - piper.organizer - ERROR - []
2025-09-08 06:22:10,477 - 1505172 - piper.organizer - ERROR - []
2025-09-08 06:22:10,477 - 1505172 - piper.organizer - ERROR - []
2025-09-08 06:22:10,478 - 1505172 - piper.organizer - ERROR - []
2025-09-08 06:22:10,479 - 1505172 - piper.organizer - ERROR - []
2025-09-08 06:22:10,480 - 1505172 - piper.organizer - ERROR - []
2025-09-08 06:22:10,480 - 1505172 - piper.organizer - ERROR - []
2025-09-08 06:22:10,480 - 1505172 - piper.organizer - ERROR - []
2025-09-08 06:22:10,485 - 1505172 - piper.organizer - ERROR - []
2025-09-08 06:22:10,486 - 1505172 - piper.organizer - ERROR - []
2025-09-08 06:22:10,487 - 1505172 - piper.organizer - ERROR - []
2025-09-08 06:22:10,487 - 1505172 - piper.organizer - ERROR - []
2025-09-08 06:22:10,487 - 1505172 - piper.organizer - ERROR - []
2025-09-08 06:22:10,488 - 1505172 - piper.organizer - ERROR - []
2025-09-08 06:22:10,489 - 1505172 - piper.organizer - ERROR - []
2025-09-08 06:22:10,489 - 1505172 - piper.organizer - ERROR - []
2025-09-08 06:22:10,489 - 1505172 - piper.organizer - ERROR - []
2025-09-08 06:22:10,489 - 1505172 - piper.organizer - ERROR - []
2025-09-08 06:22:10,489 - 1505172 - piper.organizer - ERROR - []
2025-09-08 06:22:10,491 - 1505172 - piper.organizer - ERROR - []
2025-09-08 06:22:10,492 - 1505172 - piper.organizer - ERROR - []
2025-09-08 06:22:10,492 - 1505172 - piper.organizer - ERROR - []
2025-09-08 06:22:10,492 - 1505172 - piper.organizer - ERROR - []
2025-09-08 06:22:10,493 - 1505172 - piper.organizer - ERROR - []
2025-09-08 06:22:10,493 - 1505172 - piper.organizer - ERROR - []
2025-09-08 06:22:10,493 - 1505172 - piper.organizer - ERROR - []
2025-09-08 06:22:10,494 - 1505172 - piper.organizer - ERROR - []
2025-09-08 06:22:10,494 - 1505172 - piper.organizer - ERROR - []
2025-09-08 06:22:10,495 - 1505172 - piper.organizer - ERROR - []
2025-09-08 06:22:10,495 - 1505172 - piper.organizer - ERROR - []
2025-09-08 06:22:10,495 - 1505172 - piper.organizer - ERROR - []
2025-09-08 06:22:10,495 - 1505172 - piper.organizer - ERROR - []
2025-09-08 06:22:10,497 - 1505172 - piper.organizer - ERROR - []
2025-09-08 06:22:10,497 - 1505172 - piper.organizer - ERROR - []
2025-09-08 06:22:10,498 - 1505172 - piper.organizer - ERROR - []
2025-09-08 06:22:10,498 - 1505172 - piper.organizer - ERROR - []
2025-09-08 06:22:10,498 - 1505172 - piper.organizer - ERROR - []
2025-09-08 06:22:10,499 - 1505172 - piper.organizer - ERROR - []
2025-09-08 06:22:10,499 - 1505172 - piper.organizer - ERROR - []
2025-09-08 06:22:10,501 - 1505172 - piper.organizer - ERROR - []
2025-09-08 06:22:10,502 - 1505172 - piper.organizer - ERROR - []
2025-09-08 06:22:10,502 - 1505172 - piper.organizer - ERROR - []
2025-09-08 06:22:10,502 - 1505172 - piper.organizer - ERROR - []
2025-09-08 06:22:10,503 - 1505172 - piper.organizer - ERROR - []
2025-09-08 06:22:10,503 - 1505172 - piper.organizer - ERROR - []
2025-09-08 06:22:10,504 - 1505172 - piper.organizer - ERROR - []
2025-09-08 06:22:10,504 - 1505172 - piper.organizer - ERROR - []
2025-09-08 06:22:10,505 - 1505172 - piper.organizer - ERROR - []
2025-09-08 06:22:10,505 - 1505172 - piper.organizer - ERROR - []
2025-09-08 06:22:10,505 - 1505172 - piper.organizer - ERROR - []
2025-09-08 06:22:10,506 - 1505172 - piper.organizer - ERROR - []
2025-09-08 06:22:10,506 - 1505172 - piper.organizer - ERROR - []
2025-09-08 06:22:10,507 - 1505172 - piper.organizer - ERROR - []
2025-09-08 06:22:10,507 - 1505172 - piper.organizer - ERROR - []
2025-09-08 06:22:10,507 - 1505172 - piper.organizer - ERROR - []
2025-09-08 06:22:10,508 - 1505172 - piper.organizer - ERROR - []
2025-09-08 06:22:10,508 - 1505172 - piper.organizer - ERROR - []
2025-09-08 06:22:10,508 - 1505172 - piper.organizer - ERROR - []
2025-09-08 06:22:10,509 - 1505172 - piper.organizer - ERROR - []
2025-09-08 06:22:10,509 - 1505172 - piper.organizer - ERROR - []
2025-09-08 06:22:10,510 - 1505172 - piper.organizer - ERROR - []
2025-09-08 06:22:10,510 - 1505172 - piper.organizer - ERROR - []
2025-09-08 06:22:10,512 - 1505172 - piper.organizer - ERROR - []
2025-09-08 06:22:10,512 - 1505172 - piper.organizer - ERROR - []
2025-09-08 06:22:10,512 - 1505172 - piper.organizer - ERROR - []
2025-09-08 06:22:10,513 - 1505172 - piper.organizer - ERROR - []
2025-09-08 06:22:10,513 - 1505172 - piper.organizer - ERROR - []
2025-09-08 06:22:10,514 - 1505172 - piper.organizer - ERROR - []
2025-09-08 06:22:10,514 - 1505172 - piper.organizer - ERROR - []
2025-09-08 06:22:10,514 - 1505172 - piper.organizer - ERROR - []
2025-09-08 06:22:10,514 - 1505172 - piper.organizer - ERROR - []
2025-09-08 06:22:10,515 - 1505172 - piper.organizer - ERROR - []
2025-09-08 06:22:10,515 - 1505172 - piper.organizer - ERROR - []
2025-09-08 06:22:10,515 - 1505172 - piper.organizer - ERROR - []
2025-09-08 06:22:10,516 - 1505172 - piper.organizer - ERROR - []
2025-09-08 06:22:10,517 - 1505172 - piper.organizer - ERROR - []
2025-09-08 06:22:10,517 - 1505172 - piper.organizer - ERROR - []
2025-09-08 06:22:10,517 - 1505172 - piper.organizer - ERROR - []
2025-09-08 06:22:10,517 - 1505172 - piper.organizer - ERROR - []
2025-09-08 06:22:10,517 - 1505172 - piper.organizer - ERROR - []
2025-09-08 06:22:10,519 - 1505172 - piper.organizer - ERROR - []
2025-09-08 06:22:10,519 - 1505172 - piper.organizer - ERROR - []
2025-09-08 06:22:10,519 - 1505172 - piper.organizer - ERROR - []
2025-09-08 06:22:10,519 - 1505172 - piper.organizer - ERROR - []
2025-09-08 06:22:10,519 - 1505172 - piper.organizer - ERROR - []
2025-09-08 06:22:10,520 - 1505172 - piper.organizer - ERROR - []
2025-09-08 06:22:10,520 - 1505172 - piper.organizer - ERROR - []
2025-09-08 06:22:10,521 - 1505172 - piper.organizer - ERROR - []
2025-09-08 06:22:10,521 - 1505172 - piper.organizer - ERROR - []
2025-09-08 06:22:10,522 - 1505172 - piper.organizer - ERROR - []
2025-09-08 06:22:10,522 - 1505172 - piper.organizer - ERROR - []
2025-09-08 06:22:10,522 - 1505172 - piper.organizer - ERROR - []
2025-09-08 06:22:10,523 - 1505172 - piper.organizer - ERROR - []
2025-09-08 06:22:10,523 - 1505172 - piper.organizer - ERROR - []
2025-09-08 06:22:10,523 - 1505172 - piper.organizer - ERROR - []
2025-09-08 06:22:10,523 - 1505172 - piper.organizer - ERROR - []
2025-09-08 06:22:10,526 - 1505172 - piper.organizer - ERROR - []
2025-09-08 06:22:10,526 - 1505172 - piper.organizer - ERROR - []
2025-09-08 06:22:10,526 - 1505172 - piper.organizer - ERROR - []
2025-09-08 06:22:10,527 - 1505172 - piper.organizer - ERROR - []
2025-09-08 06:22:10,527 - 1505172 - piper.organizer - ERROR - []
2025-09-08 06:22:10,527 - 1505172 - piper.organizer - ERROR - []
2025-09-08 06:22:10,527 - 1505172 - piper.organizer - ERROR - []
2025-09-08 06:22:10,528 - 1505172 - piper.organizer - ERROR - []
2025-09-08 06:22:10,528 - 1505172 - piper.organizer - ERROR - []
2025-09-08 06:22:10,529 - 1505172 - piper.organizer - ERROR - []
2025-09-08 06:22:10,529 - 1505172 - piper.organizer - ERROR - []
2025-09-08 06:22:10,529 - 1505172 - piper.organizer - ERROR - []
2025-09-08 06:22:10,529 - 1505172 - piper.organizer - ERROR - []
2025-09-08 06:22:10,530 - 1505172 - piper.organizer - ERROR - []
2025-09-08 06:22:10,530 - 1505172 - piper.organizer - ERROR - []
2025-09-08 06:22:10,531 - 1505172 - piper.organizer - ERROR - []
2025-09-08 06:22:10,531 - 1505172 - piper.organizer - ERROR - []
2025-09-08 06:22:10,532 - 1505172 - piper.organizer - ERROR - []
2025-09-08 06:22:10,532 - 1505172 - piper.organizer - ERROR - []
2025-09-08 06:22:10,532 - 1505172 - piper.organizer - ERROR - []
2025-09-08 06:22:10,533 - 1505172 - piper.organizer - ERROR - []
2025-09-08 06:22:10,533 - 1505172 - piper.organizer - ERROR - []
2025-09-08 06:22:10,534 - 1505172 - piper.organizer - ERROR - []
2025-09-08 06:22:10,536 - 1505172 - piper.organizer - ERROR - []
2025-09-08 06:22:10,536 - 1505172 - piper.organizer - ERROR - []
2025-09-08 06:22:10,536 - 1505172 - piper.organizer - ERROR - []
2025-09-08 06:22:10,536 - 1505172 - piper.organizer - ERROR - []
2025-09-08 06:22:10,537 - 1505172 - piper.organizer - ERROR - []
2025-09-08 06:22:10,537 - 1505172 - piper.organizer - ERROR - []
2025-09-08 06:22:10,538 - 1505172 - piper.organizer - ERROR - []
2025-09-08 06:22:10,538 - 1505172 - piper.organizer - ERROR - []
2025-09-08 06:22:10,539 - 1505172 - piper.organizer - ERROR - []
2025-09-08 06:22:10,540 - 1505172 - piper.organizer - ERROR - []
2025-09-08 06:22:10,540 - 1505172 - piper.organizer - ERROR - []
2025-09-08 06:22:10,540 - 1505172 - piper.organizer - ERROR - []
2025-09-08 06:22:10,542 - 1505172 - piper.organizer - ERROR - []
2025-09-08 06:22:10,542 - 1505172 - piper.organizer - ERROR - []
2025-09-08 06:22:10,543 - 1505172 - piper.organizer - ERROR - []
2025-09-08 06:22:10,543 - 1505172 - piper.organizer - ERROR - []
2025-09-08 06:22:10,544 - 1505172 - piper.organizer - ERROR - []
2025-09-08 06:22:10,544 - 1505172 - piper.organizer - ERROR - []
2025-09-08 06:22:10,544 - 1505172 - piper.organizer - ERROR - []
2025-09-08 06:22:10,545 - 1505172 - piper.organizer - ERROR - []
2025-09-08 06:22:10,545 - 1505172 - piper.organizer - ERROR - []
2025-09-08 06:22:10,545 - 1505172 - piper.organizer - ERROR - []
2025-09-08 06:22:10,545 - 1505172 - piper.organizer - ERROR - []
2025-09-08 06:22:10,547 - 1505172 - piper.organizer - ERROR - []
2025-09-08 06:22:10,547 - 1505172 - piper.organizer - ERROR - []
2025-09-08 06:22:10,547 - 1505172 - piper.organizer - ERROR - []
2025-09-08 06:22:10,547 - 1505172 - piper.organizer - ERROR - []
2025-09-08 06:22:10,547 - 1505172 - piper.organizer - ERROR - []
2025-09-08 06:22:10,548 - 1505172 - piper.organizer - ERROR - []
2025-09-08 06:22:10,549 - 1505172 - piper.organizer - ERROR - []
2025-09-08 06:22:10,549 - 1505172 - piper.organizer - ERROR - []
2025-09-08 06:22:10,550 - 1505172 - piper.organizer - ERROR - []
2025-09-08 06:22:10,550 - 1505172 - piper.organizer - ERROR - []
2025-09-08 06:22:10,550 - 1505172 - piper.organizer - ERROR - []
2025-09-08 06:22:10,550 - 1505172 - piper.organizer - ERROR - []
2025-09-08 06:22:10,551 - 1505172 - piper.organizer - ERROR - []
2025-09-08 06:22:10,551 - 1505172 - piper.organizer - ERROR - []
2025-09-08 06:22:10,553 - 1505172 - piper.organizer - ERROR - []
2025-09-08 06:22:10,554 - 1505172 - piper.organizer - ERROR - []
2025-09-08 06:22:10,554 - 1505172 - piper.organizer - ERROR - []
2025-09-08 06:22:10,555 - 1505172 - piper.organizer - ERROR - []
2025-09-08 06:22:10,556 - 1505172 - piper.organizer - ERROR - []
2025-09-08 06:22:10,557 - 1505172 - piper.organizer - ERROR - []
2025-09-08 06:22:10,557 - 1505172 - piper.organizer - ERROR - []
2025-09-08 06:22:10,557 - 1505172 - piper.organizer - ERROR - []
2025-09-08 06:22:10,558 - 1505172 - piper.organizer - ERROR - []
2025-09-08 06:22:10,559 - 1505172 - piper.organizer - ERROR - []
2025-09-08 06:22:10,559 - 1505172 - piper.organizer - ERROR - []
2025-09-08 06:22:10,560 - 1505172 - piper.organizer - ERROR - []
2025-09-08 06:22:10,560 - 1505172 - piper.organizer - ERROR - []
2025-09-08 06:22:10,561 - 1505172 - piper.organizer - ERROR - []
2025-09-08 06:22:10,563 - 1505172 - piper.organizer - ERROR - []
2025-09-08 06:22:10,563 - 1505172 - piper.organizer - ERROR - []
2025-09-08 06:22:10,564 - 1505172 - piper.organizer - ERROR - []
2025-09-08 06:22:10,565 - 1505172 - piper.organizer - ERROR - []
2025-09-08 06:22:10,565 - 1505172 - piper.organizer - ERROR - []
2025-09-08 06:22:10,567 - 1505172 - piper.organizer - ERROR - []
2025-09-08 06:22:10,567 - 1505172 - piper.organizer - ERROR - []
2025-09-08 06:22:10,567 - 1505172 - piper.organizer - ERROR - []
2025-09-08 06:22:10,568 - 1505172 - piper.organizer - ERROR - []
2025-09-08 06:22:10,568 - 1505172 - piper.organizer - ERROR - []
2025-09-08 06:22:10,568 - 1505172 - piper.organizer - ERROR - []
2025-09-08 06:22:10,569 - 1505172 - piper.organizer - ERROR - []
2025-09-08 06:22:10,570 - 1505172 - piper.organizer - ERROR - []
2025-09-08 06:22:10,571 - 1505172 - piper.organizer - ERROR - []
2025-09-08 06:22:10,571 - 1505172 - piper.organizer - ERROR - []
2025-09-08 06:22:10,571 - 1505172 - piper.organizer - ERROR - []
2025-09-08 06:22:10,571 - 1505172 - piper.organizer - ERROR - []
2025-09-08 06:22:10,572 - 1505172 - piper.organizer - ERROR - []
2025-09-08 06:22:10,572 - 1505172 - piper.organizer - ERROR - []
2025-09-08 06:22:10,572 - 1505172 - piper.organizer - ERROR - []
2025-09-08 06:22:10,574 - 1505172 - piper.organizer - ERROR - []
2025-09-08 06:22:10,574 - 1505172 - piper.organizer - ERROR - []
2025-09-08 06:22:10,574 - 1505172 - piper.organizer - ERROR - []
2025-09-08 06:22:10,574 - 1505172 - piper.organizer - ERROR - []
2025-09-08 06:22:10,574 - 1505172 - piper.organizer - ERROR - []
2025-09-08 06:22:10,575 - 1505172 - piper.organizer - ERROR - []
2025-09-08 06:22:10,575 - 1505172 - piper.organizer - ERROR - []
2025-09-08 06:22:10,575 - 1505172 - piper.organizer - ERROR - []
2025-09-08 06:22:10,575 - 1505172 - piper.organizer - ERROR - []
2025-09-08 06:22:10,576 - 1505172 - piper.organizer - ERROR - []
2025-09-08 06:22:10,576 - 1505172 - piper.organizer - ERROR - []
2025-09-08 06:22:10,579 - 1505172 - piper.organizer - ERROR - []
2025-09-08 06:22:10,579 - 1505172 - piper.organizer - ERROR - []
2025-09-08 06:22:10,580 - 1505172 - piper.organizer - ERROR - []
2025-09-08 06:22:10,580 - 1505172 - piper.organizer - ERROR - []
2025-09-08 06:22:10,580 - 1505172 - piper.organizer - ERROR - []
2025-09-08 06:22:10,580 - 1505172 - piper.organizer - ERROR - []
2025-09-08 06:22:10,581 - 1505172 - piper.organizer - ERROR - []
2025-09-08 06:22:10,581 - 1505172 - piper.organizer - ERROR - []
2025-09-08 06:22:10,581 - 1505172 - piper.organizer - ERROR - []
2025-09-08 06:22:10,582 - 1505172 - piper.organizer - ERROR - []
2025-09-08 06:22:10,582 - 1505172 - piper.organizer - ERROR - []
2025-09-08 06:22:10,582 - 1505172 - piper.organizer - ERROR - []
2025-09-08 06:22:10,582 - 1505172 - piper.organizer - ERROR - []
2025-09-08 06:22:10,583 - 1505172 - piper.organizer - ERROR - []
2025-09-08 06:22:10,583 - 1505172 - piper.organizer - ERROR - []
2025-09-08 06:22:10,583 - 1505172 - piper.organizer - ERROR - []
2025-09-08 06:22:10,583 - 1505172 - piper.organizer - ERROR - []
2025-09-08 06:22:10,583 - 1505172 - piper.organizer - ERROR - []
2025-09-08 06:22:10,584 - 1505172 - piper.organizer - ERROR - []
2025-09-08 06:22:10,584 - 1505172 - piper.organizer - ERROR - []
2025-09-08 06:22:10,584 - 1505172 - piper.organizer - ERROR - []
2025-09-08 06:22:10,587 - 1505172 - piper.organizer - ERROR - []
2025-09-08 06:22:10,587 - 1505172 - piper.organizer - ERROR - []
2025-09-08 06:22:10,588 - 1505172 - piper.organizer - ERROR - []
2025-09-08 06:22:10,588 - 1505172 - piper.organizer - ERROR - []
2025-09-08 06:22:10,588 - 1505172 - piper.organizer - ERROR - []
2025-09-08 06:22:10,588 - 1505172 - piper.organizer - ERROR - []
2025-09-08 06:22:10,589 - 1505172 - piper.organizer - ERROR - []
2025-09-08 06:22:10,589 - 1505172 - piper.organizer - ERROR - []
2025-09-08 06:22:10,589 - 1505172 - piper.organizer - ERROR - []
2025-09-08 06:22:10,589 - 1505172 - piper.organizer - ERROR - []
2025-09-08 06:22:10,590 - 1505172 - piper.organizer - ERROR - []
2025-09-08 06:22:10,590 - 1505172 - piper.organizer - ERROR - []
2025-09-08 06:22:10,590 - 1505172 - piper.organizer - ERROR - []
2025-09-08 06:22:10,591 - 1505172 - piper.organizer - ERROR - []
2025-09-08 06:22:10,591 - 1505172 - piper.organizer - ERROR - []
2025-09-08 06:22:10,591 - 1505172 - piper.organizer - ERROR - []
2025-09-08 06:22:10,591 - 1505172 - piper.organizer - ERROR - []
2025-09-08 06:22:10,591 - 1505172 - piper.organizer - ERROR - []
2025-09-08 06:22:10,592 - 1505172 - piper.organizer - ERROR - []
2025-09-08 06:22:10,593 - 1505172 - piper.organizer - ERROR - []
2025-09-08 06:22:10,593 - 1505172 - piper.organizer - ERROR - []
2025-09-08 06:22:10,594 - 1505172 - piper.organizer - ERROR - []
2025-09-08 06:22:10,595 - 1505172 - piper.organizer - ERROR - []
2025-09-08 06:22:10,596 - 1505172 - piper.organizer - ERROR - []
2025-09-08 06:22:10,596 - 1505172 - piper.organizer - ERROR - []
2025-09-08 06:22:10,596 - 1505172 - piper.organizer - ERROR - []
2025-09-08 06:22:10,596 - 1505172 - piper.organizer - ERROR - []
2025-09-08 06:22:10,597 - 1505172 - piper.organizer - ERROR - []
2025-09-08 06:22:10,600 - 1505172 - piper.organizer - ERROR - []
2025-09-08 06:22:10,600 - 1505172 - piper.organizer - ERROR - []
2025-09-08 06:22:10,601 - 1505172 - piper.organizer - ERROR - []
2025-09-08 06:22:10,601 - 1505172 - piper.organizer - ERROR - []
2025-09-08 06:22:10,601 - 1505172 - piper.organizer - ERROR - []
2025-09-08 06:22:10,601 - 1505172 - piper.organizer - ERROR - []
2025-09-08 06:22:10,606 - 1505172 - piper.organizer - ERROR - []
2025-09-08 06:22:10,606 - 1505172 - piper.organizer - ERROR - []
2025-09-08 06:22:10,607 - 1505172 - piper.organizer - ERROR - []
2025-09-08 06:22:10,607 - 1505172 - piper.organizer - ERROR - []
2025-09-08 06:22:10,607 - 1505172 - piper.organizer - ERROR - []
2025-09-08 06:22:10,608 - 1505172 - piper.organizer - ERROR - []
2025-09-08 06:22:10,608 - 1505172 - piper.organizer - ERROR - []
2025-09-08 06:22:10,608 - 1505172 - piper.organizer - ERROR - []
2025-09-08 06:22:10,609 - 1505172 - piper.organizer - ERROR - []
2025-09-08 06:22:10,609 - 1505172 - piper.organizer - ERROR - []
2025-09-08 06:22:10,611 - 1505172 - piper.organizer - ERROR - []
2025-09-08 06:22:10,612 - 1505172 - piper.organizer - ERROR - []
2025-09-08 06:22:10,612 - 1505172 - piper.organizer - ERROR - []
2025-09-08 06:22:10,612 - 1505172 - piper.organizer - ERROR - []
2025-09-08 06:22:10,613 - 1505172 - piper.organizer - ERROR - []
2025-09-08 06:22:10,613 - 1505172 - piper.organizer - ERROR - []
2025-09-08 06:22:10,613 - 1505172 - piper.organizer - ERROR - []
2025-09-08 06:22:10,613 - 1505172 - piper.organizer - ERROR - []
2025-09-08 06:22:10,613 - 1505172 - piper.organizer - ERROR - []
2025-09-08 06:22:10,614 - 1505172 - piper.organizer - ERROR - []
2025-09-08 06:22:10,615 - 1505172 - piper.organizer - ERROR - []
2025-09-08 06:22:10,615 - 1505172 - piper.organizer - ERROR - []
2025-09-08 06:22:10,615 - 1505172 - piper.organizer - ERROR - []
2025-09-08 06:22:10,616 - 1505172 - piper.organizer - ERROR - []
2025-09-08 06:22:10,620 - 1505172 - piper.organizer - ERROR - []
2025-09-08 06:22:10,620 - 1505172 - piper.organizer - ERROR - []
2025-09-08 06:22:10,622 - 1505172 - piper.organizer - ERROR - []
2025-09-08 06:22:10,623 - 1505172 - piper.organizer - ERROR - []
2025-09-08 06:22:10,623 - 1505172 - piper.organizer - ERROR - []
2025-09-08 06:22:10,623 - 1505172 - piper.organizer - ERROR - []
2025-09-08 06:22:10,623 - 1505172 - piper.organizer - ERROR - []
2025-09-08 06:22:10,623 - 1505172 - piper.organizer - ERROR - []
2025-09-08 06:22:10,624 - 1505172 - piper.organizer - ERROR - []
2025-09-08 06:22:10,624 - 1505172 - piper.organizer - ERROR - []
2025-09-08 06:22:10,624 - 1505172 - piper.organizer - ERROR - []
2025-09-08 06:22:10,624 - 1505172 - piper.organizer - ERROR - []
2025-09-08 06:22:10,625 - 1505172 - piper.organizer - ERROR - []
2025-09-08 06:22:10,625 - 1505172 - piper.organizer - ERROR - []
2025-09-08 06:22:10,625 - 1505172 - piper.organizer - ERROR - []
2025-09-08 06:22:10,625 - 1505172 - piper.organizer - ERROR - []
2025-09-08 06:22:10,626 - 1505172 - piper.organizer - ERROR - []
2025-09-08 06:22:10,626 - 1505172 - piper.organizer - ERROR - []
2025-09-08 06:22:10,627 - 1505172 - piper.organizer - ERROR - []
2025-09-08 06:22:10,627 - 1505172 - piper.organizer - ERROR - []
2025-09-08 06:22:10,630 - 1505172 - piper.organizer - ERROR - []
2025-09-08 06:22:10,630 - 1505172 - piper.organizer - ERROR - []
2025-09-08 06:22:10,630 - 1505172 - piper.organizer - ERROR - []
2025-09-08 06:22:10,630 - 1505172 - piper.organizer - ERROR - []
2025-09-08 06:22:10,631 - 1505172 - piper.organizer - ERROR - []
2025-09-08 06:22:10,632 - 1505172 - piper.organizer - ERROR - []
2025-09-08 06:22:10,632 - 1505172 - piper.organizer - ERROR - []
2025-09-08 06:22:10,632 - 1505172 - piper.organizer - ERROR - []
2025-09-08 06:22:10,632 - 1505172 - piper.organizer - ERROR - []
2025-09-08 06:22:10,632 - 1505172 - piper.organizer - ERROR - []
2025-09-08 06:22:10,632 - 1505172 - piper.organizer - ERROR - []
2025-09-08 06:22:10,632 - 1505172 - piper.organizer - ERROR - []
2025-09-08 06:22:10,635 - 1505172 - piper.organizer - ERROR - []
2025-09-08 06:22:10,635 - 1505172 - piper.organizer - ERROR - []
2025-09-08 06:22:10,635 - 1505172 - piper.organizer - ERROR - []
2025-09-08 06:22:10,635 - 1505172 - piper.organizer - ERROR - []
2025-09-08 06:22:10,635 - 1505172 - piper.organizer - ERROR - []
2025-09-08 06:22:10,636 - 1505172 - piper.organizer - ERROR - []
2025-09-08 06:22:10,636 - 1505172 - piper.organizer - ERROR - []
2025-09-08 06:22:10,637 - 1505172 - piper.organizer - ERROR - []
2025-09-08 06:22:10,638 - 1505172 - piper.organizer - ERROR - []
2025-09-08 06:22:10,638 - 1505172 - piper.organizer - ERROR - []
2025-09-08 06:22:10,638 - 1505172 - piper.organizer - ERROR - []
2025-09-08 06:22:10,638 - 1505172 - piper.organizer - ERROR - []
2025-09-08 06:22:10,638 - 1505172 - piper.organizer - ERROR - []
2025-09-08 06:22:10,639 - 1505172 - piper.organizer - ERROR - []
2025-09-08 06:22:10,639 - 1505172 - piper.organizer - ERROR - []
2025-09-08 06:22:10,639 - 1505172 - piper.organizer - ERROR - []
2025-09-08 06:22:10,639 - 1505172 - piper.organizer - ERROR - []
2025-09-08 06:22:10,641 - 1505172 - piper.organizer - ERROR - []
2025-09-08 06:22:10,641 - 1505172 - piper.organizer - ERROR - []
2025-09-08 06:22:10,641 - 1505172 - piper.organizer - ERROR - []
2025-09-08 06:22:10,641 - 1505172 - piper.organizer - ERROR - []
2025-09-08 06:22:10,642 - 1505172 - piper.organizer - ERROR - []
2025-09-08 06:22:10,642 - 1505172 - piper.organizer - ERROR - []
2025-09-08 06:22:10,642 - 1505172 - piper.organizer - ERROR - []
2025-09-08 06:22:10,643 - 1505172 - piper.organizer - ERROR - []
2025-09-08 06:22:10,643 - 1505172 - piper.organizer - ERROR - []
2025-09-08 06:22:10,644 - 1505172 - piper.organizer - ERROR - []
2025-09-08 06:22:10,644 - 1505172 - piper.organizer - ERROR - []
2025-09-08 06:22:10,644 - 1505172 - piper.organizer - ERROR - []
2025-09-08 06:22:10,645 - 1505172 - piper.organizer - ERROR - []
2025-09-08 06:22:10,645 - 1505172 - piper.organizer - ERROR - []
2025-09-08 06:22:10,645 - 1505172 - piper.organizer - ERROR - []
2025-09-08 06:22:10,645 - 1505172 - piper.organizer - ERROR - []
2025-09-08 06:22:10,646 - 1505172 - piper.organizer - ERROR - []
2025-09-08 06:22:10,646 - 1505172 - piper.organizer - ERROR - []
2025-09-08 06:22:10,646 - 1505172 - piper.organizer - ERROR - []
2025-09-08 06:22:10,647 - 1505172 - piper.organizer - ERROR - []
2025-09-08 06:22:10,647 - 1505172 - piper.organizer - ERROR - []
2025-09-08 06:22:10,648 - 1505172 - piper.organizer - ERROR - []
2025-09-08 06:22:10,648 - 1505172 - piper.organizer - ERROR - []
2025-09-08 06:22:10,648 - 1505172 - piper.organizer - ERROR - []
2025-09-08 06:22:10,649 - 1505172 - piper.organizer - ERROR - []
2025-09-08 06:22:10,649 - 1505172 - piper.organizer - ERROR - []
2025-09-08 06:22:10,649 - 1505172 - piper.organizer - ERROR - []
2025-09-08 06:22:10,649 - 1505172 - piper.organizer - ERROR - []
2025-09-08 06:22:10,649 - 1505172 - piper.organizer - ERROR - []
2025-09-08 06:22:10,650 - 1505172 - piper.organizer - ERROR - []
2025-09-08 06:22:10,650 - 1505172 - piper.organizer - ERROR - []
2025-09-08 06:22:10,650 - 1505172 - piper.organizer - ERROR - []
2025-09-08 06:22:10,650 - 1505172 - piper.organizer - ERROR - []
2025-09-08 06:22:10,651 - 1505172 - piper.organizer - ERROR - []
2025-09-08 06:22:10,651 - 1505172 - piper.organizer - ERROR - []
2025-09-08 06:22:10,652 - 1505172 - piper.organizer - ERROR - []
2025-09-08 06:22:10,652 - 1505172 - piper.organizer - ERROR - []
2025-09-08 06:22:10,652 - 1505172 - piper.organizer - ERROR - []
2025-09-08 06:22:10,652 - 1505172 - piper.organizer - ERROR - []
2025-09-08 06:22:10,652 - 1505172 - piper.organizer - ERROR - []
2025-09-08 06:22:10,652 - 1505172 - piper.organizer - ERROR - []
2025-09-08 06:22:10,653 - 1505172 - piper.organizer - ERROR - []
2025-09-08 06:22:10,653 - 1505172 - piper.organizer - ERROR - []
2025-09-08 06:22:10,654 - 1505172 - piper.organizer - ERROR - []
2025-09-08 06:22:10,664 - 1505172 - piper.organizer - ERROR - []
2025-09-08 06:22:10,670 - 1505172 - piper.organizer - ERROR - []
2025-09-08 06:22:10,670 - 1505172 - piper.organizer - ERROR - []
2025-09-08 06:22:10,677 - 1505172 - piper.organizer - ERROR - []
2025-09-08 06:22:10,678 - 1505172 - piper.organizer - ERROR - []
2025-09-08 06:22:10,678 - 1505172 - piper.organizer - ERROR - []
2025-09-08 06:22:10,678 - 1505172 - piper.organizer - ERROR - []
2025-09-08 06:22:10,678 - 1505172 - piper.organizer - ERROR - []
2025-09-08 06:22:10,689 - 1505172 - piper.organizer - ERROR - []
2025-09-08 06:22:10,690 - 1505172 - piper.organizer - ERROR - []
2025-09-08 06:22:10,690 - 1505172 - piper.organizer - ERROR - []
2025-09-08 06:22:10,692 - 1505172 - piper.organizer - ERROR - []
2025-09-08 06:22:10,692 - 1505172 - piper.organizer - ERROR - []
2025-09-08 06:22:10,692 - 1505172 - piper.organizer - ERROR - []
2025-09-08 06:22:10,692 - 1505172 - piper.organizer - ERROR - []
2025-09-08 06:22:10,693 - 1505172 - piper.organizer - ERROR - []
2025-09-08 06:22:10,693 - 1505172 - piper.organizer - ERROR - []
2025-09-08 06:22:10,694 - 1505172 - piper.organizer - ERROR - []
2025-09-08 06:22:10,694 - 1505172 - piper.organizer - ERROR - []
2025-09-08 06:22:10,694 - 1505172 - piper.organizer - ERROR - []
2025-09-08 06:22:10,695 - 1505172 - piper.organizer - ERROR - []
2025-09-08 06:22:10,695 - 1505172 - piper.organizer - ERROR - []
2025-09-08 06:22:10,695 - 1505172 - piper.organizer - ERROR - []
2025-09-08 06:22:10,696 - 1505172 - piper.organizer - ERROR - []
2025-09-08 06:22:10,696 - 1505172 - piper.organizer - ERROR - []
2025-09-08 06:22:10,696 - 1505172 - piper.organizer - ERROR - []
2025-09-08 06:22:10,697 - 1505172 - piper.organizer - ERROR - []
2025-09-08 06:22:10,697 - 1505172 - piper.organizer - ERROR - []
2025-09-08 06:22:10,697 - 1505172 - piper.organizer - ERROR - []
2025-09-08 06:22:10,697 - 1505172 - piper.organizer - ERROR - []
2025-09-08 06:22:10,697 - 1505172 - piper.organizer - ERROR - []
2025-09-08 06:22:10,698 - 1505172 - piper.organizer - ERROR - []
2025-09-08 06:22:10,698 - 1505172 - piper.organizer - ERROR - []
2025-09-08 06:22:10,698 - 1505172 - piper.organizer - ERROR - []
2025-09-08 06:22:10,698 - 1505172 - piper.organizer - ERROR - []
2025-09-08 06:22:10,699 - 1505172 - piper.organizer - ERROR - []
2025-09-08 06:22:10,699 - 1505172 - piper.organizer - ERROR - []
2025-09-08 06:22:10,706 - 1505172 - piper.organizer - ERROR - []
2025-09-08 06:22:10,707 - 1505172 - piper.organizer - ERROR - []
2025-09-08 06:22:10,709 - 1505172 - piper.organizer - ERROR - []
2025-09-08 06:22:10,709 - 1505172 - piper.organizer - ERROR - []
2025-09-08 06:22:10,710 - 1505172 - piper.organizer - ERROR - []
2025-09-08 06:22:10,710 - 1505172 - piper.organizer - ERROR - []
2025-09-08 06:22:10,710 - 1505172 - piper.organizer - ERROR - []
2025-09-08 06:22:10,711 - 1505172 - piper.organizer - ERROR - []
2025-09-08 06:22:10,711 - 1505172 - piper.organizer - ERROR - []
2025-09-08 06:22:10,712 - 1505172 - piper.organizer - ERROR - []
2025-09-08 06:22:10,712 - 1505172 - piper.organizer - ERROR - []
2025-09-08 06:22:10,712 - 1505172 - piper.organizer - ERROR - []
2025-09-08 06:22:10,712 - 1505172 - piper.organizer - ERROR - []
2025-09-08 06:22:10,712 - 1505172 - piper.organizer - ERROR - []
2025-09-08 06:22:10,713 - 1505172 - piper.organizer - ERROR - []
2025-09-08 06:22:10,713 - 1505172 - piper.organizer - ERROR - []
2025-09-08 06:22:10,714 - 1505172 - piper.organizer - ERROR - []
2025-09-08 06:22:10,714 - 1505172 - piper.organizer - ERROR - []
2025-09-08 06:22:10,714 - 1505172 - piper.organizer - ERROR - []
2025-09-08 06:22:10,714 - 1505172 - piper.organizer - ERROR - []
2025-09-08 06:22:10,715 - 1505172 - piper.organizer - ERROR - []
2025-09-08 06:22:10,715 - 1505172 - piper.organizer - ERROR - []
2025-09-08 06:22:10,715 - 1505172 - piper.organizer - ERROR - []
2025-09-08 06:22:10,716 - 1505172 - piper.organizer - ERROR - []
2025-09-08 06:22:10,716 - 1505172 - piper.organizer - ERROR - []
2025-09-08 06:22:10,717 - 1505172 - piper.organizer - ERROR - []
2025-09-08 06:22:10,717 - 1505172 - piper.organizer - ERROR - []
2025-09-08 06:22:10,717 - 1505172 - piper.organizer - ERROR - []
2025-09-08 06:22:10,717 - 1505172 - piper.organizer - ERROR - []
2025-09-08 06:22:10,720 - 1505172 - piper.organizer - ERROR - []
2025-09-08 06:22:10,725 - 1505172 - piper.organizer - ERROR - []
2025-09-08 06:22:10,727 - 1505172 - piper.organizer - ERROR - []
2025-09-08 06:22:10,727 - 1505172 - piper.organizer - ERROR - []
2025-09-08 06:22:10,727 - 1505172 - piper.organizer - ERROR - []
2025-09-08 06:22:10,727 - 1505172 - piper.organizer - ERROR - []
2025-09-08 06:22:10,728 - 1505172 - piper.organizer - ERROR - []
2025-09-08 06:22:10,728 - 1505172 - piper.organizer - ERROR - []
2025-09-08 06:22:10,728 - 1505172 - piper.organizer - ERROR - []
2025-09-08 06:22:10,729 - 1505172 - piper.organizer - ERROR - []
2025-09-08 06:22:10,729 - 1505172 - piper.organizer - ERROR - []
2025-09-08 06:22:10,729 - 1505172 - piper.organizer - ERROR - []
2025-09-08 06:22:10,730 - 1505172 - piper.organizer - ERROR - []
2025-09-08 06:22:10,730 - 1505172 - piper.organizer - ERROR - []
2025-09-08 06:22:10,732 - 1505172 - piper.organizer - ERROR - []
2025-09-08 06:22:10,732 - 1505172 - piper.organizer - ERROR - []
2025-09-08 06:22:10,732 - 1505172 - piper.organizer - ERROR - []
2025-09-08 06:22:10,733 - 1505172 - piper.organizer - ERROR - []
2025-09-08 06:22:10,733 - 1505172 - piper.organizer - ERROR - []
2025-09-08 06:22:10,733 - 1505172 - piper.organizer - ERROR - []
2025-09-08 06:22:10,734 - 1505172 - piper.organizer - ERROR - []
2025-09-08 06:22:10,734 - 1505172 - piper.organizer - ERROR - []
2025-09-08 06:22:10,735 - 1505172 - piper.organizer - ERROR - []
2025-09-08 06:22:10,735 - 1505172 - piper.organizer - ERROR - []
2025-09-08 06:22:10,735 - 1505172 - piper.organizer - ERROR - []
2025-09-08 06:22:10,735 - 1505172 - piper.organizer - ERROR - []
2025-09-08 06:22:10,736 - 1505172 - piper.organizer - ERROR - []
2025-09-08 06:22:10,736 - 1505172 - piper.organizer - ERROR - []
2025-09-08 06:22:10,736 - 1505172 - piper.organizer - ERROR - []
2025-09-08 06:22:10,737 - 1505172 - piper.organizer - ERROR - []
2025-09-08 06:22:10,737 - 1505172 - piper.organizer - ERROR - []
2025-09-08 06:22:10,737 - 1505172 - piper.organizer - ERROR - []
2025-09-08 06:22:10,739 - 1505172 - piper.organizer - ERROR - []
2025-09-08 06:22:10,740 - 1505172 - piper.organizer - ERROR - []
2025-09-08 06:22:10,740 - 1505172 - piper.organizer - ERROR - []
2025-09-08 06:22:10,741 - 1505172 - piper.organizer - ERROR - []
2025-09-08 06:22:10,742 - 1505172 - piper.organizer - ERROR - []
2025-09-08 06:22:10,742 - 1505172 - piper.organizer - ERROR - []
2025-09-08 06:22:10,744 - 1505172 - piper.organizer - ERROR - []
2025-09-08 06:22:10,744 - 1505172 - piper.organizer - ERROR - []
2025-09-08 06:22:10,745 - 1505172 - piper.organizer - ERROR - []
2025-09-08 06:22:10,747 - 1505172 - piper.organizer - ERROR - []
2025-09-08 06:22:10,748 - 1505172 - piper.organizer - ERROR - []
2025-09-08 06:22:10,748 - 1505172 - piper.organizer - ERROR - []
2025-09-08 06:22:10,748 - 1505172 - piper.organizer - ERROR - []
2025-09-08 06:22:10,748 - 1505172 - piper.organizer - ERROR - []
2025-09-08 06:22:10,748 - 1505172 - piper.organizer - ERROR - []
2025-09-08 06:22:10,750 - 1505172 - piper.organizer - ERROR - []
2025-09-08 06:22:10,750 - 1505172 - piper.organizer - ERROR - []
2025-09-08 06:22:10,751 - 1505172 - piper.organizer - ERROR - []
2025-09-08 06:22:10,751 - 1505172 - piper.organizer - ERROR - []
2025-09-08 06:22:10,751 - 1505172 - piper.organizer - ERROR - []
2025-09-08 06:22:10,752 - 1505172 - piper.organizer - ERROR - []
2025-09-08 06:22:10,752 - 1505172 - piper.organizer - ERROR - []
2025-09-08 06:22:10,752 - 1505172 - piper.organizer - ERROR - []
2025-09-08 06:22:10,752 - 1505172 - piper.organizer - ERROR - []
2025-09-08 06:22:10,753 - 1505172 - piper.organizer - ERROR - []
2025-09-08 06:22:10,753 - 1505172 - piper.organizer - ERROR - []
2025-09-08 06:22:10,753 - 1505172 - piper.organizer - ERROR - []
2025-09-08 06:22:10,754 - 1505172 - piper.organizer - ERROR - []
2025-09-08 06:22:10,755 - 1505172 - piper.organizer - ERROR - []
2025-09-08 06:22:10,763 - 1505172 - piper.organizer - ERROR - []
2025-09-08 06:22:10,765 - 1505172 - piper.organizer - ERROR - []
2025-09-08 06:22:10,765 - 1505172 - piper.organizer - ERROR - []
2025-09-08 06:22:10,765 - 1505172 - piper.organizer - ERROR - []
2025-09-08 06:22:10,765 - 1505172 - piper.organizer - ERROR - []
2025-09-08 06:22:10,765 - 1505172 - piper.organizer - ERROR - []
2025-09-08 06:22:10,765 - 1505172 - piper.organizer - ERROR - []
2025-09-08 06:22:10,766 - 1505172 - piper.organizer - ERROR - []
2025-09-08 06:22:10,766 - 1505172 - piper.organizer - ERROR - []
2025-09-08 06:22:10,766 - 1505172 - piper.organizer - ERROR - []
2025-09-08 06:22:10,766 - 1505172 - piper.organizer - ERROR - []
2025-09-08 06:22:10,774 - 1505172 - piper.organizer - ERROR - []
2025-09-08 06:22:10,775 - 1505172 - piper.organizer - ERROR - []
2025-09-08 06:22:10,775 - 1505172 - piper.organizer - ERROR - []
2025-09-08 06:22:10,776 - 1505172 - piper.organizer - ERROR - []
2025-09-08 06:22:10,776 - 1505172 - piper.organizer - ERROR - []
2025-09-08 06:22:10,777 - 1505172 - piper.organizer - ERROR - []
2025-09-08 06:22:10,777 - 1505172 - piper.organizer - ERROR - []
2025-09-08 06:22:10,778 - 1505172 - piper.organizer - ERROR - []
2025-09-08 06:22:10,778 - 1505172 - piper.organizer - ERROR - []
2025-09-08 06:22:10,779 - 1505172 - piper.organizer - ERROR - []
2025-09-08 06:22:10,779 - 1505172 - piper.organizer - ERROR - []
2025-09-08 06:22:10,780 - 1505172 - piper.organizer - ERROR - []
2025-09-08 06:22:10,780 - 1505172 - piper.organizer - ERROR - []
2025-09-08 06:22:10,780 - 1505172 - piper.organizer - ERROR - []
2025-09-08 06:22:10,781 - 1505172 - piper.organizer - ERROR - []
2025-09-08 06:22:10,781 - 1505172 - piper.organizer - ERROR - []
2025-09-08 06:22:10,781 - 1505172 - piper.organizer - ERROR - []
2025-09-08 06:22:10,781 - 1505172 - piper.organizer - ERROR - []
2025-09-08 06:22:10,782 - 1505172 - piper.organizer - ERROR - []
2025-09-08 06:22:10,782 - 1505172 - piper.organizer - ERROR - []
2025-09-08 06:22:10,782 - 1505172 - piper.organizer - ERROR - []
2025-09-08 06:22:10,783 - 1505172 - piper.organizer - ERROR - []
2025-09-08 06:22:10,783 - 1505172 - piper.organizer - ERROR - []
2025-09-08 06:22:10,783 - 1505172 - piper.organizer - ERROR - []
2025-09-08 06:22:10,783 - 1505172 - piper.organizer - ERROR - []
2025-09-08 06:22:10,784 - 1505172 - piper.organizer - ERROR - []
2025-09-08 06:22:10,784 - 1505172 - piper.organizer - ERROR - []
2025-09-08 06:22:10,785 - 1505172 - piper.organizer - ERROR - []
2025-09-08 06:22:10,785 - 1505172 - piper.organizer - ERROR - []
2025-09-08 06:22:10,786 - 1505172 - piper.organizer - ERROR - []
2025-09-08 06:22:10,787 - 1505172 - piper.organizer - ERROR - []
2025-09-08 06:22:10,787 - 1505172 - piper.organizer - ERROR - []
2025-09-08 06:22:10,787 - 1505172 - piper.organizer - ERROR - []
2025-09-08 06:22:10,787 - 1505172 - piper.organizer - ERROR - []
2025-09-08 06:22:10,789 - 1505172 - piper.organizer - ERROR - []
2025-09-08 06:22:10,790 - 1505172 - piper.organizer - ERROR - []
2025-09-08 06:22:10,790 - 1505172 - piper.organizer - ERROR - []
2025-09-08 06:22:10,791 - 1505172 - piper.organizer - ERROR - []
2025-09-08 06:22:10,791 - 1505172 - piper.organizer - ERROR - []
2025-09-08 06:22:10,792 - 1505172 - piper.organizer - ERROR - []
2025-09-08 06:22:10,792 - 1505172 - piper.organizer - ERROR - []
2025-09-08 06:22:10,793 - 1505172 - piper.organizer - ERROR - []
2025-09-08 06:22:10,793 - 1505172 - piper.organizer - ERROR - []
2025-09-08 06:22:10,793 - 1505172 - piper.organizer - ERROR - []
2025-09-08 06:22:10,794 - 1505172 - piper.organizer - ERROR - []
2025-09-08 06:22:10,795 - 1505172 - piper.organizer - ERROR - []
2025-09-08 06:22:10,795 - 1505172 - piper.organizer - ERROR - []
2025-09-08 06:22:10,796 - 1505172 - piper.organizer - ERROR - []
2025-09-08 06:22:10,796 - 1505172 - piper.organizer - ERROR - []
2025-09-08 06:22:10,797 - 1505172 - piper.organizer - ERROR - []
2025-09-08 06:22:10,797 - 1505172 - piper.organizer - ERROR - []
2025-09-08 06:22:10,797 - 1505172 - piper.organizer - ERROR - []
2025-09-08 06:22:10,797 - 1505172 - piper.organizer - ERROR - []
2025-09-08 06:22:10,798 - 1505172 - piper.organizer - ERROR - []
2025-09-08 06:22:10,799 - 1505172 - piper.organizer - ERROR - []
2025-09-08 06:22:10,799 - 1505172 - piper.organizer - ERROR - []
2025-09-08 06:22:10,799 - 1505172 - piper.organizer - ERROR - []
2025-09-08 06:22:10,800 - 1505172 - piper.organizer - ERROR - []
2025-09-08 06:22:10,800 - 1505172 - piper.organizer - ERROR - []
2025-09-08 06:22:10,801 - 1505172 - piper.organizer - ERROR - []
2025-09-08 06:22:10,802 - 1505172 - piper.organizer - ERROR - []
2025-09-08 06:22:10,802 - 1505172 - piper.organizer - ERROR - []
2025-09-08 06:22:10,802 - 1505172 - piper.organizer - ERROR - []
2025-09-08 06:22:10,803 - 1505172 - piper.organizer - ERROR - []
2025-09-08 06:22:10,803 - 1505172 - piper.organizer - ERROR - []
2025-09-08 06:22:10,803 - 1505172 - piper.organizer - ERROR - []
2025-09-08 06:22:10,804 - 1505172 - piper.organizer - ERROR - []
2025-09-08 06:22:10,804 - 1505172 - piper.organizer - ERROR - []
2025-09-08 06:22:10,804 - 1505172 - piper.organizer - ERROR - []
2025-09-08 06:22:10,805 - 1505172 - piper.organizer - ERROR - []
2025-09-08 06:22:10,805 - 1505172 - piper.organizer - ERROR - []
2025-09-08 06:22:10,806 - 1505172 - piper.organizer - ERROR - []
2025-09-08 06:22:10,806 - 1505172 - piper.organizer - ERROR - []
2025-09-08 06:22:10,806 - 1505172 - piper.organizer - ERROR - []
2025-09-08 06:22:10,806 - 1505172 - piper.organizer - ERROR - []
2025-09-08 06:22:10,807 - 1505172 - piper.organizer - ERROR - []
2025-09-08 06:22:10,807 - 1505172 - piper.organizer - ERROR - []
2025-09-08 06:22:10,807 - 1505172 - piper.organizer - ERROR - []
2025-09-08 06:22:10,808 - 1505172 - piper.organizer - ERROR - []
2025-09-08 06:22:10,809 - 1505172 - piper.organizer - ERROR - []
2025-09-08 06:22:10,809 - 1505172 - piper.organizer - ERROR - []
2025-09-08 06:22:10,810 - 1505172 - piper.organizer - ERROR - []
2025-09-08 06:22:10,811 - 1505172 - piper.organizer - ERROR - []
2025-09-08 06:22:10,811 - 1505172 - piper.organizer - ERROR - []
2025-09-08 06:22:10,811 - 1505172 - piper.organizer - ERROR - []
2025-09-08 06:22:10,812 - 1505172 - piper.organizer - ERROR - []
2025-09-08 06:22:10,812 - 1505172 - piper.organizer - ERROR - []
2025-09-08 06:22:10,813 - 1505172 - piper.organizer - ERROR - []
2025-09-08 06:22:10,813 - 1505172 - piper.organizer - ERROR - []
2025-09-08 06:22:10,813 - 1505172 - piper.organizer - ERROR - []
2025-09-08 06:22:10,814 - 1505172 - piper.organizer - ERROR - []
2025-09-08 06:22:10,814 - 1505172 - piper.organizer - ERROR - []
2025-09-08 06:22:10,815 - 1505172 - piper.organizer - ERROR - []
2025-09-08 06:22:10,815 - 1505172 - piper.organizer - ERROR - []
2025-09-08 06:22:10,815 - 1505172 - piper.organizer - ERROR - []
2025-09-08 06:22:10,816 - 1505172 - piper.organizer - ERROR - []
2025-09-08 06:22:10,816 - 1505172 - piper.organizer - ERROR - []
2025-09-08 06:22:10,817 - 1505172 - piper.organizer - ERROR - []
2025-09-08 06:22:10,817 - 1505172 - piper.organizer - ERROR - []
2025-09-08 06:22:10,817 - 1505172 - piper.organizer - ERROR - []
2025-09-08 06:22:10,818 - 1505172 - piper.organizer - ERROR - []
2025-09-08 06:22:10,818 - 1505172 - piper.organizer - ERROR - []
2025-09-08 06:22:10,819 - 1505172 - piper.organizer - ERROR - []
2025-09-08 06:22:10,819 - 1505172 - piper.organizer - ERROR - []
2025-09-08 06:22:10,819 - 1505172 - piper.organizer - ERROR - []
2025-09-08 06:22:10,819 - 1505172 - piper.organizer - ERROR - []
2025-09-08 06:22:10,820 - 1505172 - piper.organizer - ERROR - []
2025-09-08 06:22:10,820 - 1505172 - piper.organizer - ERROR - []
2025-09-08 06:22:10,820 - 1505172 - piper.organizer - ERROR - []
2025-09-08 06:22:10,822 - 1505172 - piper.organizer - ERROR - []
2025-09-08 06:22:10,823 - 1505172 - piper.organizer - ERROR - []
2025-09-08 06:22:10,824 - 1505172 - piper.organizer - ERROR - []
2025-09-08 06:22:10,824 - 1505172 - piper.organizer - ERROR - []
2025-09-08 06:22:10,824 - 1505172 - piper.organizer - ERROR - []
2025-09-08 06:22:10,825 - 1505172 - piper.organizer - ERROR - []
2025-09-08 06:22:10,825 - 1505172 - piper.organizer - ERROR - []
2025-09-08 06:22:10,825 - 1505172 - piper.organizer - ERROR - []
2025-09-08 06:22:10,825 - 1505172 - piper.organizer - ERROR - []
2025-09-08 06:22:10,825 - 1505172 - piper.organizer - ERROR - []
2025-09-08 06:22:10,827 - 1505172 - piper.organizer - ERROR - []
2025-09-08 06:22:10,827 - 1505172 - piper.organizer - ERROR - []
2025-09-08 06:22:10,827 - 1505172 - piper.organizer - ERROR - []
2025-09-08 06:22:10,827 - 1505172 - piper.organizer - ERROR - []
2025-09-08 06:22:10,828 - 1505172 - piper.organizer - ERROR - []
2025-09-08 06:22:10,828 - 1505172 - piper.organizer - ERROR - []
2025-09-08 06:22:10,828 - 1505172 - piper.organizer - ERROR - []
2025-09-08 06:22:10,829 - 1505172 - piper.organizer - ERROR - []
2025-09-08 06:22:10,829 - 1505172 - piper.organizer - ERROR - []
2025-09-08 06:22:10,830 - 1505172 - piper.organizer - ERROR - []
2025-09-08 06:22:10,830 - 1505172 - piper.organizer - ERROR - []
2025-09-08 06:22:10,830 - 1505172 - piper.organizer - ERROR - []
2025-09-08 06:22:10,831 - 1505172 - piper.organizer - ERROR - []
2025-09-08 06:22:10,832 - 1505172 - piper.organizer - ERROR - []
2025-09-08 06:22:10,832 - 1505172 - piper.organizer - ERROR - []
2025-09-08 06:22:10,833 - 1505172 - piper.organizer - ERROR - []
2025-09-08 06:22:10,833 - 1505172 - piper.organizer - ERROR - []
2025-09-08 06:22:10,833 - 1505172 - piper.organizer - ERROR - []
2025-09-08 06:22:10,834 - 1505172 - piper.organizer - ERROR - []
2025-09-08 06:22:10,835 - 1505172 - piper.organizer - ERROR - []
2025-09-08 06:22:10,835 - 1505172 - piper.organizer - ERROR - []
2025-09-08 06:22:10,836 - 1505172 - piper.organizer - ERROR - []
2025-09-08 06:22:10,836 - 1505172 - piper.organizer - ERROR - []
2025-09-08 06:22:10,836 - 1505172 - piper.organizer - ERROR - []
2025-09-08 06:22:10,837 - 1505172 - piper.organizer - ERROR - []
2025-09-08 06:22:10,837 - 1505172 - piper.organizer - ERROR - []
2025-09-08 06:22:10,837 - 1505172 - piper.organizer - ERROR - []
2025-09-08 06:22:10,838 - 1505172 - piper.organizer - ERROR - []
2025-09-08 06:22:10,838 - 1505172 - piper.organizer - ERROR - []
2025-09-08 06:22:10,838 - 1505172 - piper.organizer - ERROR - []
2025-09-08 06:22:10,840 - 1505172 - piper.organizer - ERROR - []
2025-09-08 06:22:10,841 - 1505172 - piper.organizer - ERROR - []
2025-09-08 06:22:10,842 - 1505172 - piper.organizer - ERROR - []
2025-09-08 06:22:10,842 - 1505172 - piper.organizer - ERROR - []
2025-09-08 06:22:10,842 - 1505172 - piper.organizer - ERROR - []
2025-09-08 06:22:10,843 - 1505172 - piper.organizer - ERROR - []
2025-09-08 06:22:10,843 - 1505172 - piper.organizer - ERROR - []
2025-09-08 06:22:10,844 - 1505172 - piper.organizer - ERROR - []
2025-09-08 06:22:10,844 - 1505172 - piper.organizer - ERROR - []
2025-09-08 06:22:10,844 - 1505172 - piper.organizer - ERROR - []
2025-09-08 06:22:10,845 - 1505172 - piper.organizer - ERROR - []
2025-09-08 06:22:10,845 - 1505172 - piper.organizer - ERROR - []
2025-09-08 06:22:10,845 - 1505172 - piper.organizer - ERROR - []
2025-09-08 06:22:10,846 - 1505172 - piper.organizer - ERROR - []
2025-09-08 06:22:10,846 - 1505172 - piper.organizer - ERROR - []
2025-09-08 06:22:10,846 - 1505172 - piper.organizer - ERROR - []
2025-09-08 06:22:10,847 - 1505172 - piper.organizer - ERROR - []
2025-09-08 06:22:10,848 - 1505172 - piper.organizer - ERROR - []
2025-09-08 06:22:10,850 - 1505172 - piper.organizer - ERROR - []
2025-09-08 06:22:10,850 - 1505172 - piper.organizer - ERROR - []
2025-09-08 06:22:10,851 - 1505172 - piper.organizer - ERROR - []
2025-09-08 06:22:10,851 - 1505172 - piper.organizer - ERROR - []
2025-09-08 06:22:10,852 - 1505172 - piper.organizer - ERROR - []
2025-09-08 06:22:10,852 - 1505172 - piper.organizer - ERROR - []
2025-09-08 06:22:10,852 - 1505172 - piper.organizer - ERROR - []
2025-09-08 06:22:10,852 - 1505172 - piper.organizer - ERROR - []
2025-09-08 06:22:10,855 - 1505172 - piper.organizer - ERROR - []
2025-09-08 06:22:10,855 - 1505172 - piper.organizer - ERROR - []
2025-09-08 06:22:10,856 - 1505172 - piper.organizer - ERROR - []
2025-09-08 06:22:10,856 - 1505172 - piper.organizer - ERROR - []
2025-09-08 06:22:10,860 - 1505172 - piper.organizer - ERROR - []
2025-09-08 06:22:10,860 - 1505172 - piper.organizer - ERROR - []
2025-09-08 06:22:10,863 - 1505172 - piper.organizer - ERROR - []
2025-09-08 06:22:10,864 - 1505172 - piper.organizer - ERROR - []
2025-09-08 06:22:10,864 - 1505172 - piper.organizer - ERROR - []
2025-09-08 06:22:10,865 - 1505172 - piper.organizer - ERROR - []
2025-09-08 06:22:10,865 - 1505172 - piper.organizer - ERROR - []
2025-09-08 06:22:10,865 - 1505172 - piper.organizer - ERROR - []
2025-09-08 06:22:10,867 - 1505172 - piper.organizer - ERROR - []
2025-09-08 06:22:10,867 - 1505172 - piper.organizer - ERROR - []
2025-09-08 06:22:10,869 - 1505172 - piper.organizer - ERROR - []
2025-09-08 06:22:10,869 - 1505172 - piper.organizer - ERROR - []
2025-09-08 06:22:10,869 - 1505172 - piper.organizer - ERROR - []
2025-09-08 06:22:10,870 - 1505172 - piper.organizer - ERROR - []
2025-09-08 06:22:10,871 - 1505172 - piper.organizer - ERROR - []
2025-09-08 06:22:10,871 - 1505172 - piper.organizer - ERROR - []
2025-09-08 06:22:10,871 - 1505172 - piper.organizer - ERROR - []
2025-09-08 06:22:10,872 - 1505172 - piper.organizer - ERROR - []
2025-09-08 06:22:10,872 - 1505172 - piper.organizer - ERROR - []
2025-09-08 06:22:10,872 - 1505172 - piper.organizer - ERROR - []
2025-09-08 06:22:10,873 - 1505172 - piper.organizer - ERROR - []
2025-09-08 06:22:10,873 - 1505172 - piper.organizer - ERROR - []
2025-09-08 06:22:10,873 - 1505172 - piper.organizer - ERROR - []
2025-09-08 06:22:10,873 - 1505172 - piper.organizer - ERROR - []
2025-09-08 06:22:10,874 - 1505172 - piper.organizer - ERROR - []
2025-09-08 06:22:10,874 - 1505172 - piper.organizer - ERROR - []
2025-09-08 06:22:10,874 - 1505172 - piper.organizer - ERROR - []
2025-09-08 06:22:10,875 - 1505172 - piper.organizer - ERROR - []
2025-09-08 06:22:10,875 - 1505172 - piper.organizer - ERROR - []
2025-09-08 06:22:10,875 - 1505172 - piper.organizer - ERROR - []
2025-09-08 06:22:10,876 - 1505172 - piper.organizer - ERROR - []
2025-09-08 06:22:10,878 - 1505172 - piper.organizer - ERROR - []
2025-09-08 06:22:10,880 - 1505172 - piper.organizer - ERROR - []
2025-09-08 06:22:10,880 - 1505172 - piper.organizer - ERROR - []
2025-09-08 06:22:10,880 - 1505172 - piper.organizer - ERROR - []
2025-09-08 06:22:10,881 - 1505172 - piper.organizer - ERROR - []
2025-09-08 06:22:10,881 - 1505172 - piper.organizer - ERROR - []
2025-09-08 06:22:10,885 - 1505172 - piper.organizer - ERROR - []
2025-09-08 06:22:10,885 - 1505172 - piper.organizer - ERROR - []
2025-09-08 06:22:10,885 - 1505172 - piper.organizer - ERROR - []
2025-09-08 06:22:10,886 - 1505172 - piper.organizer - ERROR - []
2025-09-08 06:22:10,886 - 1505172 - piper.organizer - ERROR - []
2025-09-08 06:22:10,887 - 1505172 - piper.organizer - ERROR - []
2025-09-08 06:22:10,892 - 1505172 - piper.organizer - ERROR - []
2025-09-08 06:22:10,892 - 1505172 - piper.organizer - ERROR - []
2025-09-08 06:22:10,893 - 1505172 - piper.organizer - ERROR - []
2025-09-08 06:22:10,893 - 1505172 - piper.organizer - ERROR - []
2025-09-08 06:22:10,894 - 1505172 - piper.organizer - ERROR - []
2025-09-08 06:22:10,894 - 1505172 - piper.organizer - ERROR - []
2025-09-08 06:22:10,894 - 1505172 - piper.organizer - ERROR - []
2025-09-08 06:22:10,894 - 1505172 - piper.organizer - ERROR - []
2025-09-08 06:22:10,894 - 1505172 - piper.organizer - ERROR - []
2025-09-08 06:22:10,900 - 1505172 - piper.organizer - ERROR - []
2025-09-08 06:22:10,900 - 1505172 - piper.organizer - ERROR - []
2025-09-08 06:22:10,906 - 1505172 - piper.organizer - ERROR - []
2025-09-08 06:22:10,906 - 1505172 - piper.organizer - ERROR - []
2025-09-08 06:22:10,908 - 1505172 - piper.organizer - ERROR - []
2025-09-08 06:22:10,909 - 1505172 - piper.organizer - ERROR - []
2025-09-08 06:22:10,910 - 1505172 - piper.organizer - ERROR - []
2025-09-08 06:22:10,910 - 1505172 - piper.organizer - ERROR - []
2025-09-08 06:22:10,910 - 1505172 - piper.organizer - ERROR - []
2025-09-08 06:22:10,911 - 1505172 - piper.organizer - ERROR - []
2025-09-08 06:22:10,912 - 1505172 - piper.organizer - ERROR - []
2025-09-08 06:22:10,912 - 1505172 - piper.organizer - ERROR - []
2025-09-08 06:22:10,916 - 1505172 - piper.organizer - ERROR - []
2025-09-08 06:22:10,916 - 1505172 - piper.organizer - ERROR - []
2025-09-08 06:22:10,917 - 1505172 - piper.organizer - ERROR - []
2025-09-08 06:22:10,917 - 1505172 - piper.organizer - ERROR - []
2025-09-08 06:22:10,917 - 1505172 - piper.organizer - ERROR - []
2025-09-08 06:22:10,918 - 1505172 - piper.organizer - ERROR - []
2025-09-08 06:22:10,918 - 1505172 - piper.organizer - ERROR - []
2025-09-08 06:22:10,918 - 1505172 - piper.organizer - ERROR - []
2025-09-08 06:22:10,919 - 1505172 - piper.organizer - ERROR - []
2025-09-08 06:22:10,919 - 1505172 - piper.organizer - ERROR - []
2025-09-08 06:22:10,919 - 1505172 - piper.organizer - ERROR - []
2025-09-08 06:22:10,919 - 1505172 - piper.organizer - ERROR - []
2025-09-08 06:22:10,920 - 1505172 - piper.organizer - ERROR - []
2025-09-08 06:22:10,920 - 1505172 - piper.organizer - ERROR - []
2025-09-08 06:22:10,921 - 1505172 - piper.organizer - ERROR - []
2025-09-08 06:22:10,921 - 1505172 - piper.organizer - ERROR - []
2025-09-08 06:22:10,922 - 1505172 - piper.organizer - ERROR - []
2025-09-08 06:22:10,922 - 1505172 - piper.organizer - ERROR - []
2025-09-08 06:22:10,922 - 1505172 - piper.organizer - ERROR - []
2025-09-08 06:22:10,923 - 1505172 - piper.organizer - ERROR - []
2025-09-08 06:22:10,923 - 1505172 - piper.organizer - ERROR - []
2025-09-08 06:22:10,923 - 1505172 - piper.organizer - ERROR - []
2025-09-08 06:22:10,924 - 1505172 - piper.organizer - ERROR - []
2025-09-08 06:22:10,924 - 1505172 - piper.organizer - ERROR - []
2025-09-08 06:22:10,925 - 1505172 - piper.organizer - ERROR - []
2025-09-08 06:22:10,926 - 1505172 - piper.organizer - ERROR - []
2025-09-08 06:22:10,926 - 1505172 - piper.organizer - ERROR - []
2025-09-08 06:22:10,927 - 1505172 - piper.organizer - ERROR - []
2025-09-08 06:22:10,927 - 1505172 - piper.organizer - ERROR - []
2025-09-08 06:22:10,927 - 1505172 - piper.organizer - ERROR - []
2025-09-08 06:22:10,928 - 1505172 - piper.organizer - ERROR - []
2025-09-08 06:22:10,928 - 1505172 - piper.organizer - ERROR - []
2025-09-08 06:22:10,928 - 1505172 - piper.organizer - ERROR - []
2025-09-08 06:22:10,929 - 1505172 - piper.organizer - ERROR - []
2025-09-08 06:22:10,929 - 1505172 - piper.organizer - ERROR - []
2025-09-08 06:22:10,931 - 1505172 - piper.organizer - ERROR - []
2025-09-08 06:22:10,931 - 1505172 - piper.organizer - ERROR - []
2025-09-08 06:22:10,931 - 1505172 - piper.organizer - ERROR - []
2025-09-08 06:22:10,932 - 1505172 - piper.organizer - ERROR - []
2025-09-08 06:22:10,933 - 1505172 - piper.organizer - ERROR - []
2025-09-08 06:22:10,933 - 1505172 - piper.organizer - ERROR - []
2025-09-08 06:22:10,934 - 1505172 - piper.organizer - ERROR - []
2025-09-08 06:22:10,934 - 1505172 - piper.organizer - ERROR - []
2025-09-08 06:22:10,934 - 1505172 - piper.organizer - ERROR - []
2025-09-08 06:22:10,935 - 1505172 - piper.organizer - ERROR - []
2025-09-08 06:22:10,935 - 1505172 - piper.organizer - ERROR - []
2025-09-08 06:22:10,936 - 1505172 - piper.organizer - ERROR - []
2025-09-08 06:22:10,936 - 1505172 - piper.organizer - ERROR - []
2025-09-08 06:22:10,936 - 1505172 - piper.organizer - ERROR - []
2025-09-08 06:22:10,937 - 1505172 - piper.organizer - ERROR - []
2025-09-08 06:22:10,937 - 1505172 - piper.organizer - ERROR - []
2025-09-08 06:22:10,938 - 1505172 - piper.organizer - ERROR - []
2025-09-08 06:22:10,939 - 1505172 - piper.organizer - ERROR - []
2025-09-08 06:22:10,939 - 1505172 - piper.organizer - ERROR - []
2025-09-08 06:22:10,941 - 1505172 - piper.organizer - ERROR - []
2025-09-08 06:22:10,941 - 1505172 - piper.organizer - ERROR - []
2025-09-08 06:22:10,942 - 1505172 - piper.organizer - ERROR - []
2025-09-08 06:22:10,942 - 1505172 - piper.organizer - ERROR - []
2025-09-08 06:22:10,942 - 1505172 - piper.organizer - ERROR - []
2025-09-08 06:22:10,943 - 1505172 - piper.organizer - ERROR - []
2025-09-08 06:22:10,943 - 1505172 - piper.organizer - ERROR - []
2025-09-08 06:22:10,943 - 1505172 - piper.organizer - ERROR - []
2025-09-08 06:22:10,944 - 1505172 - piper.organizer - ERROR - []
2025-09-08 06:22:10,945 - 1505172 - piper.organizer - ERROR - []
2025-09-08 06:22:10,947 - 1505172 - piper.organizer - ERROR - []
2025-09-08 06:22:10,948 - 1505172 - piper.organizer - ERROR - []
2025-09-08 06:22:10,948 - 1505172 - piper.organizer - ERROR - []
2025-09-08 06:22:10,949 - 1505172 - piper.organizer - ERROR - []
2025-09-08 06:22:10,949 - 1505172 - piper.organizer - ERROR - []
2025-09-08 06:22:10,953 - 1505172 - piper.organizer - ERROR - []
2025-09-08 06:22:10,954 - 1505172 - piper.organizer - ERROR - []
2025-09-08 06:22:10,954 - 1505172 - piper.organizer - ERROR - []
2025-09-08 06:22:10,955 - 1505172 - piper.organizer - ERROR - []
2025-09-08 06:22:10,955 - 1505172 - piper.organizer - ERROR - []
2025-09-08 06:22:10,955 - 1505172 - piper.organizer - ERROR - []
2025-09-08 06:22:10,955 - 1505172 - piper.organizer - ERROR - []
2025-09-08 06:22:10,955 - 1505172 - piper.organizer - ERROR - []
2025-09-08 06:22:10,956 - 1505172 - piper.organizer - ERROR - []
2025-09-08 06:22:10,956 - 1505172 - piper.organizer - ERROR - []
2025-09-08 06:22:10,956 - 1505172 - piper.organizer - ERROR - []
2025-09-08 06:22:10,958 - 1505172 - piper.organizer - ERROR - []
2025-09-08 06:22:10,959 - 1505172 - piper.organizer - ERROR - []
2025-09-08 06:22:10,959 - 1505172 - piper.organizer - ERROR - []
2025-09-08 06:22:10,959 - 1505172 - piper.organizer - ERROR - []
2025-09-08 06:22:10,959 - 1505172 - piper.organizer - ERROR - []
2025-09-08 06:22:10,961 - 1505172 - piper.organizer - ERROR - []
2025-09-08 06:22:10,961 - 1505172 - piper.organizer - ERROR - []
2025-09-08 06:22:10,961 - 1505172 - piper.organizer - ERROR - []
2025-09-08 06:22:10,968 - 1505172 - piper.organizer - ERROR - []
2025-09-08 06:22:10,969 - 1505172 - piper.organizer - ERROR - []
2025-09-08 06:22:10,969 - 1505172 - piper.organizer - ERROR - []
2025-09-08 06:22:10,969 - 1505172 - piper.organizer - ERROR - []
2025-09-08 06:22:10,969 - 1505172 - piper.organizer - ERROR - []
2025-09-08 06:22:10,975 - 1505172 - piper.organizer - ERROR - []
2025-09-08 06:22:10,975 - 1505172 - piper.organizer - ERROR - []
2025-09-08 06:22:10,976 - 1505172 - piper.organizer - ERROR - []
2025-09-08 06:22:10,976 - 1505172 - piper.organizer - ERROR - []
2025-09-08 06:22:10,976 - 1505172 - piper.organizer - ERROR - []
2025-09-08 06:22:10,976 - 1505172 - piper.organizer - ERROR - []
2025-09-08 06:22:10,976 - 1505172 - piper.organizer - ERROR - []
2025-09-08 06:22:10,978 - 1505172 - piper.organizer - ERROR - []
2025-09-08 06:22:10,983 - 1505172 - piper.organizer - ERROR - []
2025-09-08 06:22:10,992 - 1505172 - piper.organizer - ERROR - []
2025-09-08 06:22:10,992 - 1505172 - piper.organizer - ERROR - []
2025-09-08 06:22:10,993 - 1505172 - piper.organizer - ERROR - []
2025-09-08 06:22:10,993 - 1505172 - piper.organizer - ERROR - []
2025-09-08 06:22:10,994 - 1505172 - piper.organizer - ERROR - []
2025-09-08 06:22:10,995 - 1505172 - piper.organizer - ERROR - []
2025-09-08 06:22:11,000 - 1505172 - piper.organizer - ERROR - []
2025-09-08 06:22:11,000 - 1505172 - piper.organizer - ERROR - []
2025-09-08 06:22:11,001 - 1505172 - piper.organizer - ERROR - []
2025-09-08 06:22:11,001 - 1505172 - piper.organizer - ERROR - []
2025-09-08 06:22:11,001 - 1505172 - piper.organizer - ERROR - []
2025-09-08 06:22:11,001 - 1505172 - piper.organizer - ERROR - []
2025-09-08 06:22:11,001 - 1505172 - piper.organizer - ERROR - []
2025-09-08 06:22:11,001 - 1505172 - piper.organizer - ERROR - []
2025-09-08 06:22:11,005 - 1505172 - piper.organizer - ERROR - []
2025-09-08 06:22:11,006 - 1505172 - piper.organizer - ERROR - []
2025-09-08 06:22:11,007 - 1505172 - piper.organizer - ERROR - []
2025-09-08 06:22:11,007 - 1505172 - piper.organizer - ERROR - []
2025-09-08 06:22:11,007 - 1505172 - piper.organizer - ERROR - []
2025-09-08 06:22:11,007 - 1505172 - piper.organizer - ERROR - []
2025-09-08 06:22:11,019 - 1505172 - piper.organizer - ERROR - []
2025-09-08 06:22:11,019 - 1505172 - piper.organizer - ERROR - []
2025-09-08 06:22:11,020 - 1505172 - piper.organizer - ERROR - []
2025-09-08 06:22:11,020 - 1505172 - piper.organizer - ERROR - []
2025-09-08 06:22:11,020 - 1505172 - piper.organizer - ERROR - []
2025-09-08 06:22:11,030 - 1505172 - piper.organizer - ERROR - []
2025-09-08 06:22:11,030 - 1505172 - piper.organizer - ERROR - []
2025-09-08 06:22:11,030 - 1505172 - piper.organizer - ERROR - []
2025-09-08 06:22:11,031 - 1505172 - piper.organizer - ERROR - []
2025-09-08 06:22:11,031 - 1505172 - piper.organizer - ERROR - []
2025-09-08 06:22:11,031 - 1505172 - piper.organizer - ERROR - []
2025-09-08 06:22:11,031 - 1505172 - piper.organizer - ERROR - []
2025-09-08 06:22:11,032 - 1505172 - piper.organizer - ERROR - []
2025-09-08 06:22:11,032 - 1505172 - piper.organizer - ERROR - []
2025-09-08 06:22:11,032 - 1505172 - piper.organizer - ERROR - []
2025-09-08 06:22:11,033 - 1505172 - piper.organizer - ERROR - []
2025-09-08 06:22:11,033 - 1505172 - piper.organizer - ERROR - []
2025-09-08 06:22:11,034 - 1505172 - piper.organizer - ERROR - []
2025-09-08 06:22:11,034 - 1505172 - piper.organizer - ERROR - []
2025-09-08 06:22:11,035 - 1505172 - piper.organizer - ERROR - []
2025-09-08 06:22:11,035 - 1505172 - piper.organizer - ERROR - []
2025-09-08 06:22:11,035 - 1505172 - piper.organizer - ERROR - []
2025-09-08 06:22:11,036 - 1505172 - piper.organizer - ERROR - []
2025-09-08 06:22:11,036 - 1505172 - piper.organizer - ERROR - []
2025-09-08 06:22:11,036 - 1505172 - piper.organizer - ERROR - []
2025-09-08 06:22:11,037 - 1505172 - piper.organizer - ERROR - []
2025-09-08 06:22:11,038 - 1505172 - piper.organizer - ERROR - []
2025-09-08 06:22:11,038 - 1505172 - piper.organizer - ERROR - []
2025-09-08 06:22:11,038 - 1505172 - piper.organizer - ERROR - []
2025-09-08 06:22:11,046 - 1505172 - piper.organizer - ERROR - []
2025-09-08 06:22:11,047 - 1505172 - piper.organizer - ERROR - []
2025-09-08 06:22:11,049 - 1505172 - piper.organizer - ERROR - []
2025-09-08 06:22:11,049 - 1505172 - piper.organizer - ERROR - []
2025-09-08 06:22:11,050 - 1505172 - piper.organizer - ERROR - []
2025-09-08 06:22:11,050 - 1505172 - piper.organizer - ERROR - []
2025-09-08 06:22:11,050 - 1505172 - piper.organizer - ERROR - []
2025-09-08 06:22:11,050 - 1505172 - piper.organizer - ERROR - []
2025-09-08 06:22:11,050 - 1505172 - piper.organizer - ERROR - []
2025-09-08 06:22:11,051 - 1505172 - piper.organizer - ERROR - []
2025-09-08 06:22:11,052 - 1505172 - piper.organizer - ERROR - []
2025-09-08 06:22:11,052 - 1505172 - piper.organizer - ERROR - []
2025-09-08 06:22:11,052 - 1505172 - piper.organizer - ERROR - []
2025-09-08 06:22:11,052 - 1505172 - piper.organizer - ERROR - []
2025-09-08 06:22:11,052 - 1505172 - piper.organizer - ERROR - []
2025-09-08 06:22:11,054 - 1505172 - piper.organizer - ERROR - []
2025-09-08 06:22:11,054 - 1505172 - piper.organizer - ERROR - []
2025-09-08 06:22:11,054 - 1505172 - piper.organizer - ERROR - []
2025-09-08 06:22:11,055 - 1505172 - piper.organizer - ERROR - []
2025-09-08 06:22:11,055 - 1505172 - piper.organizer - ERROR - []
2025-09-08 06:22:11,055 - 1505172 - piper.organizer - ERROR - []
2025-09-08 06:22:11,055 - 1505172 - piper.organizer - ERROR - []
2025-09-08 06:22:11,056 - 1505172 - piper.organizer - ERROR - []
2025-09-08 06:22:11,056 - 1505172 - piper.organizer - ERROR - []
2025-09-08 06:22:11,057 - 1505172 - piper.organizer - ERROR - []
2025-09-08 06:22:11,057 - 1505172 - piper.organizer - ERROR - []
2025-09-08 06:22:11,057 - 1505172 - piper.organizer - ERROR - []
2025-09-08 06:22:11,058 - 1505172 - piper.organizer - ERROR - []
2025-09-08 06:22:11,058 - 1505172 - piper.organizer - ERROR - []
2025-09-08 06:22:11,058 - 1505172 - piper.organizer - ERROR - []
2025-09-08 06:22:11,058 - 1505172 - piper.organizer - ERROR - []
2025-09-08 06:22:11,058 - 1505172 - piper.organizer - ERROR - []
2025-09-08 06:22:11,059 - 1505172 - piper.organizer - ERROR - []
2025-09-08 06:22:11,059 - 1505172 - piper.organizer - ERROR - []
2025-09-08 06:22:11,060 - 1505172 - piper.organizer - ERROR - []
2025-09-08 06:22:11,060 - 1505172 - piper.organizer - ERROR - []
2025-09-08 06:22:11,060 - 1505172 - piper.organizer - ERROR - []
2025-09-08 06:22:11,060 - 1505172 - piper.organizer - ERROR - []
2025-09-08 06:22:11,060 - 1505172 - piper.organizer - ERROR - []
2025-09-08 06:22:11,065 - 1505172 - piper.organizer - ERROR - []
2025-09-08 06:22:11,065 - 1505172 - piper.organizer - ERROR - []
2025-09-08 06:22:11,066 - 1505172 - piper.organizer - ERROR - []
2025-09-08 06:22:11,066 - 1505172 - piper.organizer - ERROR - []
2025-09-08 06:22:11,067 - 1505172 - piper.organizer - ERROR - []
2025-09-08 06:22:11,067 - 1505172 - piper.organizer - ERROR - []
2025-09-08 06:22:11,068 - 1505172 - piper.organizer - ERROR - []
2025-09-08 06:22:11,068 - 1505172 - piper.organizer - ERROR - []
2025-09-08 06:22:11,069 - 1505172 - piper.organizer - ERROR - []
2025-09-08 06:22:11,069 - 1505172 - piper.organizer - ERROR - []
2025-09-08 06:22:11,069 - 1505172 - piper.organizer - ERROR - []
2025-09-08 06:22:11,078 - 1505172 - piper.organizer - ERROR - []
2025-09-08 06:22:11,081 - 1505172 - piper.organizer - ERROR - []
2025-09-08 06:22:11,084 - 1505172 - piper.organizer - ERROR - []
2025-09-08 06:22:11,087 - 1505172 - piper.organizer - ERROR - []
2025-09-08 06:22:11,087 - 1505172 - piper.organizer - ERROR - []
2025-09-08 06:22:11,087 - 1505172 - piper.organizer - ERROR - []
2025-09-08 06:22:11,089 - 1505172 - piper.organizer - ERROR - []
2025-09-08 06:22:11,089 - 1505172 - piper.organizer - ERROR - []
2025-09-08 06:22:11,089 - 1505172 - piper.organizer - ERROR - []
2025-09-08 06:22:11,090 - 1505172 - piper.organizer - ERROR - []
2025-09-08 06:22:11,090 - 1505172 - piper.organizer - ERROR - []
2025-09-08 06:22:11,091 - 1505172 - piper.organizer - ERROR - []
2025-09-08 06:22:11,091 - 1505172 - piper.organizer - ERROR - []
2025-09-08 06:22:11,091 - 1505172 - piper.organizer - ERROR - []
2025-09-08 06:22:11,092 - 1505172 - piper.organizer - ERROR - []
2025-09-08 06:22:11,092 - 1505172 - piper.organizer - ERROR - []
2025-09-08 06:22:11,093 - 1505172 - piper.organizer - ERROR - []
2025-09-08 06:22:11,093 - 1505172 - piper.organizer - ERROR - []
2025-09-08 06:22:11,094 - 1505172 - piper.organizer - ERROR - []
2025-09-08 06:22:11,095 - 1505172 - piper.organizer - ERROR - []
2025-09-08 06:22:11,095 - 1505172 - piper.organizer - ERROR - []
2025-09-08 06:22:11,095 - 1505172 - piper.organizer - ERROR - []
2025-09-08 06:22:11,095 - 1505172 - piper.organizer - ERROR - []
2025-09-08 06:22:11,095 - 1505172 - piper.organizer - ERROR - []
2025-09-08 06:22:11,096 - 1505172 - piper.organizer - ERROR - []
2025-09-08 06:22:11,096 - 1505172 - piper.organizer - ERROR - []
2025-09-08 06:22:11,096 - 1505172 - piper.organizer - ERROR - []
2025-09-08 06:22:11,096 - 1505172 - piper.organizer - ERROR - []
2025-09-08 06:22:11,098 - 1505172 - piper.organizer - ERROR - []
2025-09-08 06:22:11,099 - 1505172 - piper.organizer - ERROR - []
2025-09-08 06:22:11,099 - 1505172 - piper.organizer - ERROR - []
2025-09-08 06:22:11,100 - 1505172 - piper.organizer - ERROR - []
2025-09-08 06:22:11,100 - 1505172 - piper.organizer - ERROR - []
2025-09-08 06:22:11,100 - 1505172 - piper.organizer - ERROR - []
2025-09-08 06:22:11,100 - 1505172 - piper.organizer - ERROR - []
2025-09-08 06:22:11,100 - 1505172 - piper.organizer - ERROR - []
2025-09-08 06:22:11,101 - 1505172 - piper.organizer - ERROR - []
2025-09-08 06:22:11,101 - 1505172 - piper.organizer - ERROR - []
2025-09-08 06:22:11,102 - 1505172 - piper.organizer - ERROR - []
2025-09-08 06:22:11,102 - 1505172 - piper.organizer - ERROR - []
2025-09-08 06:22:11,102 - 1505172 - piper.organizer - ERROR - []
2025-09-08 06:22:11,102 - 1505172 - piper.organizer - ERROR - []
2025-09-08 06:22:11,103 - 1505172 - piper.organizer - ERROR - []
2025-09-08 06:22:11,103 - 1505172 - piper.organizer - ERROR - []
2025-09-08 06:22:11,104 - 1505172 - piper.organizer - ERROR - []
2025-09-08 06:22:11,105 - 1505172 - piper.organizer - ERROR - []
2025-09-08 06:22:11,105 - 1505172 - piper.organizer - ERROR - []
2025-09-08 06:22:11,105 - 1505172 - piper.organizer - ERROR - []
2025-09-08 06:22:11,107 - 1505172 - piper.organizer - ERROR - []
2025-09-08 06:22:11,107 - 1505172 - piper.organizer - ERROR - []
2025-09-08 06:22:11,108 - 1505172 - piper.organizer - ERROR - []
2025-09-08 06:22:11,108 - 1505172 - piper.organizer - ERROR - []
2025-09-08 06:22:11,108 - 1505172 - piper.organizer - ERROR - []
2025-09-08 06:22:11,108 - 1505172 - piper.organizer - ERROR - []
2025-09-08 06:22:11,108 - 1505172 - piper.organizer - ERROR - []
2025-09-08 06:22:11,112 - 1505172 - piper.organizer - ERROR - []
2025-09-08 06:22:11,112 - 1505172 - piper.organizer - ERROR - []
2025-09-08 06:22:11,112 - 1505172 - piper.organizer - ERROR - []
2025-09-08 06:22:11,126 - 1505172 - piper.organizer - ERROR - []
2025-09-08 06:22:11,127 - 1505172 - piper.organizer - ERROR - []
2025-09-08 06:22:11,127 - 1505172 - piper.organizer - ERROR - []
2025-09-08 06:22:11,128 - 1505172 - piper.organizer - ERROR - []
2025-09-08 06:22:11,128 - 1505172 - piper.organizer - ERROR - []
2025-09-08 06:22:11,128 - 1505172 - piper.organizer - ERROR - []
2025-09-08 06:22:11,132 - 1505172 - piper.organizer - ERROR - []
2025-09-08 06:22:11,133 - 1505172 - piper.organizer - ERROR - []
2025-09-08 06:22:11,133 - 1505172 - piper.organizer - ERROR - []
2025-09-08 06:22:11,133 - 1505172 - piper.organizer - ERROR - []
2025-09-08 06:22:11,134 - 1505172 - piper.organizer - ERROR - []
2025-09-08 06:22:11,134 - 1505172 - piper.organizer - ERROR - []
2025-09-08 06:22:11,134 - 1505172 - piper.organizer - ERROR - []
2025-09-08 06:22:11,134 - 1505172 - piper.organizer - ERROR - []
2025-09-08 06:22:11,135 - 1505172 - piper.organizer - ERROR - []
2025-09-08 06:22:11,135 - 1505172 - piper.organizer - ERROR - []
2025-09-08 06:22:11,135 - 1505172 - piper.organizer - ERROR - []
2025-09-08 06:22:11,136 - 1505172 - piper.organizer - ERROR - []
2025-09-08 06:22:11,136 - 1505172 - piper.organizer - ERROR - []
2025-09-08 06:22:11,136 - 1505172 - piper.organizer - ERROR - []
2025-09-08 06:22:11,136 - 1505172 - piper.organizer - ERROR - []
2025-09-08 06:22:11,144 - 1505172 - piper.organizer - ERROR - []
2025-09-08 06:22:11,145 - 1505172 - piper.organizer - ERROR - []
2025-09-08 06:22:11,145 - 1505172 - piper.organizer - ERROR - []
2025-09-08 06:22:11,146 - 1505172 - piper.organizer - ERROR - []
2025-09-08 06:22:11,147 - 1505172 - piper.organizer - ERROR - []
2025-09-08 06:22:11,149 - 1505172 - piper.organizer - ERROR - []
2025-09-08 06:22:11,149 - 1505172 - piper.organizer - ERROR - []
2025-09-08 06:22:11,149 - 1505172 - piper.organizer - ERROR - []
2025-09-08 06:22:11,158 - 1505172 - piper.organizer - ERROR - []
2025-09-08 06:22:11,159 - 1505172 - piper.organizer - ERROR - []
2025-09-08 06:22:11,159 - 1505172 - piper.organizer - ERROR - []
2025-09-08 06:22:11,159 - 1505172 - piper.organizer - ERROR - []
2025-09-08 06:22:11,161 - 1505172 - piper.organizer - ERROR - []
2025-09-08 06:22:11,161 - 1505172 - piper.organizer - ERROR - []
2025-09-08 06:22:11,162 - 1505172 - piper.organizer - ERROR - []
2025-09-08 06:22:11,162 - 1505172 - piper.organizer - ERROR - []
2025-09-08 06:22:11,162 - 1505172 - piper.organizer - ERROR - []
2025-09-08 06:22:11,163 - 1505172 - piper.organizer - ERROR - []
2025-09-08 06:22:11,163 - 1505172 - piper.organizer - ERROR - []
2025-09-08 06:22:11,164 - 1505172 - piper.organizer - ERROR - []
2025-09-08 06:22:11,164 - 1505172 - piper.organizer - ERROR - []
2025-09-08 06:22:11,164 - 1505172 - piper.organizer - ERROR - []
2025-09-08 06:22:11,165 - 1505172 - piper.organizer - ERROR - []
2025-09-08 06:22:11,165 - 1505172 - piper.organizer - ERROR - []
2025-09-08 06:22:11,165 - 1505172 - piper.organizer - ERROR - []
2025-09-08 06:22:11,166 - 1505172 - piper.organizer - ERROR - []
2025-09-08 06:22:11,166 - 1505172 - piper.organizer - ERROR - []
2025-09-08 06:22:11,166 - 1505172 - piper.organizer - ERROR - []
2025-09-08 06:22:11,167 - 1505172 - piper.organizer - ERROR - []
2025-09-08 06:22:11,167 - 1505172 - piper.organizer - ERROR - []
2025-09-08 06:22:11,168 - 1505172 - piper.organizer - ERROR - []
2025-09-08 06:22:11,168 - 1505172 - piper.organizer - ERROR - []
2025-09-08 06:22:11,168 - 1505172 - piper.organizer - ERROR - []
2025-09-08 06:22:11,169 - 1505172 - piper.organizer - ERROR - []
2025-09-08 06:22:11,170 - 1505172 - piper.organizer - ERROR - []
2025-09-08 06:22:11,170 - 1505172 - piper.organizer - ERROR - []
2025-09-08 06:22:11,170 - 1505172 - piper.organizer - ERROR - []
2025-09-08 06:22:11,170 - 1505172 - piper.organizer - ERROR - []
2025-09-08 06:22:11,171 - 1505172 - piper.organizer - ERROR - []
2025-09-08 06:22:11,171 - 1505172 - piper.organizer - ERROR - []
2025-09-08 06:22:11,172 - 1505172 - piper.organizer - ERROR - []
2025-09-08 06:22:11,174 - 1505172 - piper.organizer - ERROR - []
2025-09-08 06:22:11,174 - 1505172 - piper.organizer - ERROR - []
2025-09-08 06:22:11,175 - 1505172 - piper.organizer - ERROR - []
2025-09-08 06:22:11,175 - 1505172 - piper.organizer - ERROR - []
2025-09-08 06:22:11,176 - 1505172 - piper.organizer - ERROR - []
2025-09-08 06:22:11,176 - 1505172 - piper.organizer - ERROR - []
2025-09-08 06:22:11,176 - 1505172 - piper.organizer - ERROR - []
2025-09-08 06:22:11,177 - 1505172 - piper.organizer - ERROR - []
2025-09-08 06:22:11,177 - 1505172 - piper.organizer - ERROR - []
2025-09-08 06:22:11,178 - 1505172 - piper.organizer - ERROR - []
2025-09-08 06:22:11,178 - 1505172 - piper.organizer - ERROR - []
2025-09-08 06:22:11,179 - 1505172 - piper.organizer - ERROR - []
2025-09-08 06:22:11,179 - 1505172 - piper.organizer - ERROR - []
2025-09-08 06:22:11,179 - 1505172 - piper.organizer - ERROR - []
2025-09-08 06:22:11,180 - 1505172 - piper.organizer - ERROR - []
2025-09-08 06:22:11,181 - 1505172 - piper.organizer - ERROR - []
2025-09-08 06:22:11,181 - 1505172 - piper.organizer - ERROR - []
2025-09-08 06:22:11,181 - 1505172 - piper.organizer - ERROR - []
2025-09-08 06:22:11,182 - 1505172 - piper.organizer - ERROR - []
2025-09-08 06:22:11,182 - 1505172 - piper.organizer - ERROR - []
2025-09-08 06:22:11,183 - 1505172 - piper.organizer - ERROR - []
2025-09-08 06:22:11,183 - 1505172 - piper.organizer - ERROR - []
2025-09-08 06:22:11,183 - 1505172 - piper.organizer - ERROR - []
2025-09-08 06:22:11,184 - 1505172 - piper.organizer - ERROR - []
2025-09-08 06:22:11,184 - 1505172 - piper.organizer - ERROR - []
2025-09-08 06:22:11,185 - 1505172 - piper.organizer - ERROR - []
2025-09-08 06:22:11,185 - 1505172 - piper.organizer - ERROR - []
2025-09-08 06:22:11,186 - 1505172 - piper.organizer - ERROR - []
2025-09-08 06:22:11,186 - 1505172 - piper.organizer - ERROR - []
2025-09-08 06:22:11,186 - 1505172 - piper.organizer - ERROR - []
2025-09-08 06:22:11,187 - 1505172 - piper.organizer - ERROR - []
2025-09-08 06:22:11,187 - 1505172 - piper.organizer - ERROR - []
2025-09-08 06:22:11,188 - 1505172 - piper.organizer - ERROR - []
2025-09-08 06:22:11,188 - 1505172 - piper.organizer - ERROR - []
2025-09-08 06:22:11,191 - 1505172 - piper.organizer - ERROR - []
2025-09-08 06:22:11,191 - 1505172 - piper.organizer - ERROR - []
2025-09-08 06:22:11,192 - 1505172 - piper.organizer - ERROR - []
2025-09-08 06:22:11,194 - 1505172 - piper.organizer - ERROR - []
2025-09-08 06:22:11,196 - 1505172 - piper.organizer - ERROR - []
2025-09-08 06:22:11,196 - 1505172 - piper.organizer - ERROR - []
2025-09-08 06:22:11,197 - 1505172 - piper.organizer - ERROR - []
2025-09-08 06:22:11,197 - 1505172 - piper.organizer - ERROR - []
2025-09-08 06:22:11,197 - 1505172 - piper.organizer - ERROR - []
2025-09-08 06:22:11,197 - 1505172 - piper.organizer - ERROR - []
2025-09-08 06:22:11,198 - 1505172 - piper.organizer - ERROR - []
2025-09-08 06:22:11,198 - 1505172 - piper.organizer - ERROR - []
2025-09-08 06:22:11,198 - 1505172 - piper.organizer - ERROR - []
2025-09-08 06:22:11,200 - 1505172 - piper.organizer - ERROR - []
2025-09-08 06:22:11,200 - 1505172 - piper.organizer - ERROR - []
2025-09-08 06:22:11,200 - 1505172 - piper.organizer - ERROR - []
2025-09-08 06:22:11,200 - 1505172 - piper.organizer - ERROR - []
2025-09-08 06:22:11,201 - 1505172 - piper.organizer - ERROR - []
2025-09-08 06:22:11,202 - 1505172 - piper.organizer - ERROR - []
2025-09-08 06:22:11,202 - 1505172 - piper.organizer - ERROR - []
2025-09-08 06:22:11,202 - 1505172 - piper.organizer - ERROR - []
2025-09-08 06:22:11,203 - 1505172 - piper.organizer - ERROR - []
2025-09-08 06:22:11,203 - 1505172 - piper.organizer - ERROR - []
2025-09-08 06:22:11,203 - 1505172 - piper.organizer - ERROR - []
2025-09-08 06:22:11,204 - 1505172 - piper.organizer - ERROR - []
2025-09-08 06:22:11,207 - 1505172 - piper.organizer - ERROR - []
2025-09-08 06:22:11,207 - 1505172 - piper.organizer - ERROR - []
2025-09-08 06:22:11,207 - 1505172 - piper.organizer - ERROR - []
2025-09-08 06:22:11,208 - 1505172 - piper.organizer - ERROR - []
2025-09-08 06:22:11,208 - 1505172 - piper.organizer - ERROR - []
2025-09-08 06:22:11,208 - 1505172 - piper.organizer - ERROR - []
2025-09-08 06:22:11,209 - 1505172 - piper.organizer - ERROR - []
2025-09-08 06:22:11,209 - 1505172 - piper.organizer - ERROR - []
2025-09-08 06:22:11,209 - 1505172 - piper.organizer - ERROR - []
2025-09-08 06:22:11,209 - 1505172 - piper.organizer - ERROR - []
2025-09-08 06:22:11,211 - 1505172 - piper.organizer - ERROR - []
2025-09-08 06:22:11,211 - 1505172 - piper.organizer - ERROR - []
2025-09-08 06:22:11,211 - 1505172 - piper.organizer - ERROR - []
2025-09-08 06:22:11,212 - 1505172 - piper.organizer - ERROR - []
2025-09-08 06:22:11,212 - 1505172 - piper.organizer - ERROR - []
2025-09-08 06:22:11,212 - 1505172 - piper.organizer - ERROR - []
2025-09-08 06:22:11,216 - 1505172 - piper.organizer - ERROR - []
2025-09-08 06:22:11,216 - 1505172 - piper.organizer - ERROR - []
2025-09-08 06:22:11,217 - 1505172 - piper.organizer - ERROR - []
2025-09-08 06:22:11,217 - 1505172 - piper.organizer - ERROR - []
2025-09-08 06:22:11,217 - 1505172 - piper.organizer - ERROR - []
2025-09-08 06:22:11,217 - 1505172 - piper.organizer - ERROR - []
2025-09-08 06:22:11,218 - 1505172 - piper.organizer - ERROR - []
2025-09-08 06:22:11,218 - 1505172 - piper.organizer - ERROR - []
2025-09-08 06:22:11,218 - 1505172 - piper.organizer - ERROR - []
2025-09-08 06:22:11,219 - 1505172 - piper.organizer - ERROR - []
2025-09-08 06:22:11,219 - 1505172 - piper.organizer - ERROR - []
2025-09-08 06:22:11,219 - 1505172 - piper.organizer - ERROR - []
2025-09-08 06:22:11,220 - 1505172 - piper.organizer - ERROR - []
2025-09-08 06:22:11,220 - 1505172 - piper.organizer - ERROR - []
2025-09-08 06:22:11,220 - 1505172 - piper.organizer - ERROR - []
2025-09-08 06:22:11,220 - 1505172 - piper.organizer - ERROR - []
2025-09-08 06:22:11,221 - 1505172 - piper.organizer - ERROR - []
2025-09-08 06:22:11,221 - 1505172 - piper.organizer - ERROR - []
2025-09-08 06:22:11,221 - 1505172 - piper.organizer - ERROR - []
2025-09-08 06:22:11,222 - 1505172 - piper.organizer - ERROR - []
2025-09-08 06:22:11,222 - 1505172 - piper.organizer - ERROR - []
2025-09-08 06:22:11,222 - 1505172 - piper.organizer - ERROR - []
2025-09-08 06:22:11,223 - 1505172 - piper.organizer - ERROR - []
2025-09-08 06:22:11,223 - 1505172 - piper.organizer - ERROR - []
2025-09-08 06:22:11,223 - 1505172 - piper.organizer - ERROR - []
2025-09-08 06:22:11,224 - 1505172 - piper.organizer - ERROR - []
2025-09-08 06:22:11,224 - 1505172 - piper.organizer - ERROR - []
2025-09-08 06:22:11,224 - 1505172 - piper.organizer - ERROR - []
2025-09-08 06:22:11,225 - 1505172 - piper.organizer - ERROR - []
2025-09-08 06:22:11,225 - 1505172 - piper.organizer - ERROR - []
2025-09-08 06:22:11,225 - 1505172 - piper.organizer - ERROR - []
2025-09-08 06:22:11,225 - 1505172 - piper.organizer - ERROR - []
2025-09-08 06:22:11,226 - 1505172 - piper.organizer - ERROR - []
2025-09-08 06:22:11,226 - 1505172 - piper.organizer - ERROR - []
2025-09-08 06:22:11,226 - 1505172 - piper.organizer - ERROR - []
2025-09-08 06:22:11,227 - 1505172 - piper.organizer - ERROR - []
2025-09-08 06:22:11,227 - 1505172 - piper.organizer - ERROR - []
2025-09-08 06:22:11,228 - 1505172 - piper.organizer - ERROR - []
2025-09-08 06:22:11,228 - 1505172 - piper.organizer - ERROR - []
2025-09-08 06:22:11,228 - 1505172 - piper.organizer - ERROR - []
2025-09-08 06:22:11,228 - 1505172 - piper.organizer - ERROR - []
2025-09-08 06:22:11,228 - 1505172 - piper.organizer - ERROR - []
2025-09-08 06:22:11,229 - 1505172 - piper.organizer - ERROR - []
2025-09-08 06:22:11,229 - 1505172 - piper.organizer - ERROR - []
2025-09-08 06:22:11,229 - 1505172 - piper.organizer - ERROR - []
2025-09-08 06:22:11,230 - 1505172 - piper.organizer - ERROR - []
2025-09-08 06:22:11,230 - 1505172 - piper.organizer - ERROR - []
2025-09-08 06:22:11,230 - 1505172 - piper.organizer - ERROR - []
2025-09-08 06:22:11,230 - 1505172 - piper.organizer - ERROR - []
2025-09-08 06:22:11,231 - 1505172 - piper.organizer - ERROR - []
2025-09-08 06:22:11,231 - 1505172 - piper.organizer - ERROR - []
2025-09-08 06:22:11,231 - 1505172 - piper.organizer - ERROR - []
2025-09-08 06:22:11,232 - 1505172 - piper.organizer - ERROR - []
2025-09-08 06:22:11,232 - 1505172 - piper.organizer - ERROR - []
2025-09-08 06:22:11,232 - 1505172 - piper.organizer - ERROR - []
2025-09-08 06:22:11,233 - 1505172 - piper.organizer - ERROR - []
2025-09-08 06:22:11,233 - 1505172 - piper.organizer - ERROR - []
2025-09-08 06:22:11,233 - 1505172 - piper.organizer - ERROR - []
2025-09-08 06:22:11,234 - 1505172 - piper.organizer - ERROR - []
2025-09-08 06:22:11,234 - 1505172 - piper.organizer - ERROR - []
2025-09-08 06:22:11,234 - 1505172 - piper.organizer - ERROR - []
2025-09-08 06:22:11,235 - 1505172 - piper.organizer - ERROR - []
2025-09-08 06:22:11,235 - 1505172 - piper.organizer - ERROR - []
2025-09-08 06:22:11,236 - 1505172 - piper.organizer - ERROR - []
2025-09-08 06:22:11,236 - 1505172 - piper.organizer - ERROR - []
2025-09-08 06:22:11,237 - 1505172 - piper.organizer - ERROR - []
2025-09-08 06:22:11,237 - 1505172 - piper.organizer - ERROR - []
2025-09-08 06:22:11,237 - 1505172 - piper.organizer - ERROR - []
2025-09-08 06:22:11,238 - 1505172 - piper.organizer - ERROR - []
2025-09-08 06:22:11,238 - 1505172 - piper.organizer - ERROR - []
2025-09-08 06:22:11,239 - 1505172 - piper.organizer - ERROR - []
2025-09-08 06:22:11,239 - 1505172 - piper.organizer - ERROR - []
2025-09-08 06:22:11,239 - 1505172 - piper.organizer - ERROR - []
2025-09-08 06:22:11,239 - 1505172 - piper.organizer - ERROR - []
2025-09-08 06:22:11,240 - 1505172 - piper.organizer - ERROR - []
2025-09-08 06:22:11,240 - 1505172 - piper.organizer - ERROR - []
2025-09-08 06:22:11,241 - 1505172 - piper.organizer - ERROR - []
2025-09-08 06:22:11,241 - 1505172 - piper.organizer - ERROR - []
2025-09-08 06:22:11,241 - 1505172 - piper.organizer - ERROR - []
2025-09-08 06:22:11,241 - 1505172 - piper.organizer - ERROR - []
2025-09-08 06:22:11,241 - 1505172 - piper.organizer - ERROR - []
2025-09-08 06:22:11,242 - 1505172 - piper.organizer - ERROR - []
2025-09-08 06:22:11,242 - 1505172 - piper.organizer - ERROR - []
2025-09-08 06:22:11,243 - 1505172 - piper.organizer - ERROR - []
2025-09-08 06:22:11,243 - 1505172 - piper.organizer - ERROR - []
2025-09-08 06:22:11,243 - 1505172 - piper.organizer - ERROR - []
2025-09-08 06:22:11,244 - 1505172 - piper.organizer - ERROR - []
2025-09-08 06:22:11,244 - 1505172 - piper.organizer - ERROR - []
2025-09-08 06:22:11,244 - 1505172 - piper.organizer - ERROR - []
2025-09-08 06:22:11,246 - 1505172 - piper.organizer - ERROR - []
2025-09-08 06:22:11,246 - 1505172 - piper.organizer - ERROR - []
2025-09-08 06:22:11,247 - 1505172 - piper.organizer - ERROR - []
2025-09-08 06:22:11,247 - 1505172 - piper.organizer - ERROR - []
2025-09-08 06:22:11,247 - 1505172 - piper.organizer - ERROR - []
2025-09-08 06:22:11,248 - 1505172 - piper.organizer - ERROR - []
2025-09-08 06:22:11,248 - 1505172 - piper.organizer - ERROR - []
2025-09-08 06:22:11,248 - 1505172 - piper.organizer - ERROR - []
2025-09-08 06:22:11,249 - 1505172 - piper.organizer - ERROR - []
2025-09-08 06:22:11,249 - 1505172 - piper.organizer - ERROR - []
2025-09-08 06:22:11,249 - 1505172 - piper.organizer - ERROR - []
2025-09-08 06:22:11,249 - 1505172 - piper.organizer - ERROR - []
2025-09-08 06:22:11,250 - 1505172 - piper.organizer - ERROR - []
2025-09-08 06:22:11,250 - 1505172 - piper.organizer - ERROR - []
2025-09-08 06:22:11,250 - 1505172 - piper.organizer - ERROR - []
2025-09-08 06:22:11,252 - 1505172 - piper.organizer - ERROR - []
2025-09-08 06:22:11,252 - 1505172 - piper.organizer - ERROR - []
2025-09-08 06:22:11,252 - 1505172 - piper.organizer - ERROR - []
2025-09-08 06:22:11,253 - 1505172 - piper.organizer - ERROR - []
2025-09-08 06:22:11,254 - 1505172 - piper.organizer - ERROR - []
2025-09-08 06:22:11,254 - 1505172 - piper.organizer - ERROR - []
2025-09-08 06:22:11,255 - 1505172 - piper.organizer - ERROR - []
2025-09-08 06:22:11,255 - 1505172 - piper.organizer - ERROR - []
2025-09-08 06:22:11,255 - 1505172 - piper.organizer - ERROR - []
2025-09-08 06:22:11,255 - 1505172 - piper.organizer - ERROR - []
2025-09-08 06:22:11,256 - 1505172 - piper.organizer - ERROR - []
2025-09-08 06:22:11,256 - 1505172 - piper.organizer - ERROR - []
2025-09-08 06:22:11,257 - 1505172 - piper.organizer - ERROR - []
2025-09-08 06:22:11,257 - 1505172 - piper.organizer - ERROR - []
2025-09-08 06:22:11,257 - 1505172 - piper.organizer - ERROR - []
2025-09-08 06:22:11,258 - 1505172 - piper.organizer - ERROR - []
2025-09-08 06:22:11,258 - 1505172 - piper.organizer - ERROR - []
2025-09-08 06:22:11,259 - 1505172 - piper.organizer - ERROR - []
2025-09-08 06:22:11,259 - 1505172 - piper.organizer - ERROR - []
2025-09-08 06:22:11,259 - 1505172 - piper.organizer - ERROR - []
2025-09-08 06:22:11,260 - 1505172 - piper.organizer - ERROR - []
2025-09-08 06:22:11,262 - 1505172 - piper.organizer - ERROR - []
2025-09-08 06:22:11,263 - 1505172 - piper.organizer - ERROR - []
2025-09-08 06:22:11,263 - 1505172 - piper.organizer - ERROR - []
2025-09-08 06:22:11,263 - 1505172 - piper.organizer - ERROR - []
2025-09-08 06:22:11,263 - 1505172 - piper.organizer - ERROR - []
2025-09-08 06:22:11,276 - 1505172 - piper.organizer - ERROR - Traversal encounters a non-existing file at /home/user/uber-one/data_piper_core_pipelines/core/core/maps_places/uber_address_origin_export/tests
2025-09-08 06:22:11,277 - 1505172 - piper.organizer - ERROR - []
2025-09-08 06:22:11,277 - 1505172 - piper.organizer - ERROR - []
2025-09-08 06:22:11,278 - 1505172 - piper.organizer - ERROR - []
2025-09-08 06:22:11,278 - 1505172 - piper.organizer - ERROR - []
2025-09-08 06:22:11,278 - 1505172 - piper.organizer - ERROR - []
2025-09-08 06:22:11,279 - 1505172 - piper.organizer - ERROR - []
2025-09-08 06:22:11,279 - 1505172 - piper.organizer - ERROR - []
2025-09-08 06:22:11,279 - 1505172 - piper.organizer - ERROR - []
2025-09-08 06:22:11,280 - 1505172 - piper.organizer - ERROR - []
2025-09-08 06:22:11,280 - 1505172 - piper.organizer - ERROR - []
2025-09-08 06:22:11,281 - 1505172 - piper.organizer - ERROR - []
2025-09-08 06:22:11,281 - 1505172 - piper.organizer - ERROR - []
2025-09-08 06:22:11,281 - 1505172 - piper.organizer - ERROR - []
2025-09-08 06:22:11,281 - 1505172 - piper.organizer - ERROR - []
2025-09-08 06:22:11,282 - 1505172 - piper.organizer - ERROR - []
2025-09-08 06:22:11,282 - 1505172 - piper.organizer - ERROR - []
2025-09-08 06:22:11,283 - 1505172 - piper.organizer - ERROR - []
2025-09-08 06:22:11,283 - 1505172 - piper.organizer - ERROR - []
2025-09-08 06:22:11,283 - 1505172 - piper.organizer - ERROR - []
2025-09-08 06:22:11,284 - 1505172 - piper.organizer - ERROR - []
2025-09-08 06:22:11,284 - 1505172 - piper.organizer - ERROR - []
2025-09-08 06:22:11,285 - 1505172 - piper.organizer - ERROR - []
2025-09-08 06:22:11,285 - 1505172 - piper.organizer - ERROR - []
2025-09-08 06:22:11,285 - 1505172 - piper.organizer - ERROR - []
2025-09-08 06:22:11,285 - 1505172 - piper.organizer - ERROR - []
2025-09-08 06:22:11,286 - 1505172 - piper.organizer - ERROR - []
2025-09-08 06:22:11,286 - 1505172 - piper.organizer - ERROR - []
2025-09-08 06:22:11,287 - 1505172 - piper.organizer - ERROR - []
2025-09-08 06:22:11,287 - 1505172 - piper.organizer - ERROR - []
2025-09-08 06:22:11,287 - 1505172 - piper.organizer - ERROR - []
2025-09-08 06:22:11,288 - 1505172 - piper.organizer - ERROR - []
2025-09-08 06:22:11,289 - 1505172 - piper.organizer - ERROR - []
2025-09-08 06:22:11,289 - 1505172 - piper.organizer - ERROR - []
2025-09-08 06:22:11,290 - 1505172 - piper.organizer - ERROR - []
2025-09-08 06:22:11,290 - 1505172 - piper.organizer - ERROR - []
2025-09-08 06:22:11,290 - 1505172 - piper.organizer - ERROR - []
2025-09-08 06:22:11,290 - 1505172 - piper.organizer - ERROR - []
2025-09-08 06:22:11,291 - 1505172 - piper.organizer - ERROR - []
2025-09-08 06:22:11,291 - 1505172 - piper.organizer - ERROR - []
2025-09-08 06:22:11,292 - 1505172 - piper.organizer - ERROR - []
2025-09-08 06:22:11,292 - 1505172 - piper.organizer - ERROR - []
2025-09-08 06:22:11,293 - 1505172 - piper.organizer - ERROR - []
2025-09-08 06:22:11,293 - 1505172 - piper.organizer - ERROR - []
2025-09-08 06:22:11,294 - 1505172 - piper.organizer - ERROR - []
2025-09-08 06:22:11,294 - 1505172 - piper.organizer - ERROR - []
2025-09-08 06:22:11,295 - 1505172 - piper.organizer - ERROR - []
2025-09-08 06:22:11,295 - 1505172 - piper.organizer - ERROR - []
2025-09-08 06:22:11,295 - 1505172 - piper.organizer - ERROR - []
2025-09-08 06:22:11,296 - 1505172 - piper.organizer - ERROR - []
2025-09-08 06:22:11,296 - 1505172 - piper.organizer - ERROR - []
2025-09-08 06:22:11,296 - 1505172 - piper.organizer - ERROR - []
2025-09-08 06:22:11,297 - 1505172 - piper.organizer - ERROR - []
2025-09-08 06:22:11,297 - 1505172 - piper.organizer - ERROR - []
2025-09-08 06:22:11,298 - 1505172 - piper.organizer - ERROR - []
2025-09-08 06:22:11,298 - 1505172 - piper.organizer - ERROR - []
2025-09-08 06:22:11,299 - 1505172 - piper.organizer - ERROR - []
2025-09-08 06:22:11,299 - 1505172 - piper.organizer - ERROR - []
2025-09-08 06:22:11,299 - 1505172 - piper.organizer - ERROR - []
2025-09-08 06:22:11,300 - 1505172 - piper.organizer - ERROR - []
2025-09-08 06:22:11,308 - 1505172 - piper.organizer - ERROR - []
2025-09-08 06:22:11,308 - 1505172 - piper.organizer - ERROR - []
2025-09-08 06:22:11,314 - 1505172 - piper.organizer - ERROR - []
2025-09-08 06:22:11,314 - 1505172 - piper.organizer - ERROR - []
2025-09-08 06:22:11,315 - 1505172 - piper.organizer - ERROR - []
2025-09-08 06:22:11,315 - 1505172 - piper.organizer - ERROR - []
2025-09-08 06:22:11,315 - 1505172 - piper.organizer - ERROR - []
2025-09-08 06:22:11,316 - 1505172 - piper.organizer - ERROR - []
2025-09-08 06:22:11,316 - 1505172 - piper.organizer - ERROR - []
2025-09-08 06:22:11,317 - 1505172 - piper.organizer - ERROR - []
2025-09-08 06:22:11,317 - 1505172 - piper.organizer - ERROR - []
2025-09-08 06:22:11,317 - 1505172 - piper.organizer - ERROR - []
2025-09-08 06:22:11,318 - 1505172 - piper.organizer - ERROR - []
2025-09-08 06:22:11,319 - 1505172 - piper.organizer - ERROR - []
2025-09-08 06:22:11,320 - 1505172 - piper.organizer - ERROR - []
2025-09-08 06:22:11,320 - 1505172 - piper.organizer - ERROR - []
2025-09-08 06:22:11,320 - 1505172 - piper.organizer - ERROR - []
2025-09-08 06:22:11,320 - 1505172 - piper.organizer - ERROR - []
2025-09-08 06:22:11,320 - 1505172 - piper.organizer - ERROR - []
2025-09-08 06:22:11,320 - 1505172 - piper.organizer - ERROR - []
2025-09-08 06:22:11,321 - 1505172 - piper.organizer - ERROR - []
2025-09-08 06:22:11,324 - 1505172 - piper.organizer - ERROR - []
2025-09-08 06:22:11,327 - 1505172 - piper.organizer - ERROR - []
2025-09-08 06:22:11,327 - 1505172 - piper.organizer - ERROR - []
2025-09-08 06:22:11,328 - 1505172 - piper.organizer - ERROR - []
2025-09-08 06:22:11,328 - 1505172 - piper.organizer - ERROR - []
2025-09-08 06:22:11,328 - 1505172 - piper.organizer - ERROR - []
2025-09-08 06:22:11,329 - 1505172 - piper.organizer - ERROR - []
2025-09-08 06:22:11,329 - 1505172 - piper.organizer - ERROR - []
2025-09-08 06:22:11,329 - 1505172 - piper.organizer - ERROR - []
2025-09-08 06:22:11,330 - 1505172 - piper.organizer - ERROR - []
2025-09-08 06:22:11,330 - 1505172 - piper.organizer - ERROR - []
2025-09-08 06:22:11,330 - 1505172 - piper.organizer - ERROR - []
2025-09-08 06:22:11,333 - 1505172 - piper.organizer - ERROR - []
2025-09-08 06:22:11,333 - 1505172 - piper.organizer - ERROR - []
2025-09-08 06:22:11,334 - 1505172 - piper.organizer - ERROR - []
2025-09-08 06:22:11,334 - 1505172 - piper.organizer - ERROR - []
2025-09-08 06:22:11,334 - 1505172 - piper.organizer - ERROR - []
2025-09-08 06:22:11,336 - 1505172 - piper.organizer - ERROR - []
2025-09-08 06:22:11,337 - 1505172 - piper.organizer - ERROR - []
2025-09-08 06:22:11,337 - 1505172 - piper.organizer - ERROR - []
2025-09-08 06:22:11,337 - 1505172 - piper.organizer - ERROR - []
2025-09-08 06:22:11,338 - 1505172 - piper.organizer - ERROR - []
2025-09-08 06:22:11,338 - 1505172 - piper.organizer - ERROR - []
2025-09-08 06:22:11,338 - 1505172 - piper.organizer - ERROR - []
2025-09-08 06:22:11,338 - 1505172 - piper.organizer - ERROR - []
2025-09-08 06:22:11,338 - 1505172 - piper.organizer - ERROR - []
2025-09-08 06:22:11,338 - 1505172 - piper.organizer - ERROR - []
2025-09-08 06:22:11,339 - 1505172 - piper.organizer - ERROR - []
2025-09-08 06:22:11,339 - 1505172 - piper.organizer - ERROR - []
2025-09-08 06:22:11,341 - 1505172 - piper.organizer - ERROR - []
2025-09-08 06:22:11,341 - 1505172 - piper.organizer - ERROR - []
2025-09-08 06:22:11,341 - 1505172 - piper.organizer - ERROR - []
2025-09-08 06:22:11,342 - 1505172 - piper.organizer - ERROR - []
2025-09-08 06:22:11,342 - 1505172 - piper.organizer - ERROR - []
2025-09-08 06:22:11,342 - 1505172 - piper.organizer - ERROR - []
2025-09-08 06:22:11,343 - 1505172 - piper.organizer - ERROR - []
2025-09-08 06:22:11,345 - 1505172 - piper.organizer - ERROR - []
2025-09-08 06:22:11,345 - 1505172 - piper.organizer - ERROR - []
2025-09-08 06:22:11,345 - 1505172 - piper.organizer - ERROR - []
2025-09-08 06:22:11,346 - 1505172 - piper.organizer - ERROR - []
2025-09-08 06:22:11,346 - 1505172 - piper.organizer - ERROR - []
2025-09-08 06:22:11,346 - 1505172 - piper.organizer - ERROR - []
2025-09-08 06:22:11,347 - 1505172 - piper.organizer - ERROR - []
2025-09-08 06:22:11,347 - 1505172 - piper.organizer - ERROR - []
2025-09-08 06:22:11,347 - 1505172 - piper.organizer - ERROR - []
2025-09-08 06:22:11,352 - 1505172 - piper.organizer - ERROR - []
2025-09-08 06:22:11,352 - 1505172 - piper.organizer - ERROR - []
2025-09-08 06:22:11,355 - 1505172 - piper.organizer - ERROR - []
2025-09-08 06:22:11,356 - 1505172 - piper.organizer - ERROR - []
2025-09-08 06:22:11,356 - 1505172 - piper.organizer - ERROR - []
2025-09-08 06:22:11,356 - 1505172 - piper.organizer - ERROR - []
2025-09-08 06:22:11,356 - 1505172 - piper.organizer - ERROR - []
2025-09-08 06:22:11,358 - 1505172 - piper.organizer - ERROR - []
2025-09-08 06:22:11,358 - 1505172 - piper.organizer - ERROR - []
2025-09-08 06:22:11,358 - 1505172 - piper.organizer - ERROR - []
2025-09-08 06:22:11,358 - 1505172 - piper.organizer - ERROR - []
2025-09-08 06:22:11,359 - 1505172 - piper.organizer - ERROR - []
2025-09-08 06:22:11,359 - 1505172 - piper.organizer - ERROR - []
2025-09-08 06:22:11,359 - 1505172 - piper.organizer - ERROR - []
2025-09-08 06:22:11,359 - 1505172 - piper.organizer - ERROR - []
2025-09-08 06:22:11,360 - 1505172 - piper.organizer - ERROR - []
2025-09-08 06:22:11,360 - 1505172 - piper.organizer - ERROR - []
2025-09-08 06:22:11,360 - 1505172 - piper.organizer - ERROR - []
2025-09-08 06:22:11,360 - 1505172 - piper.organizer - ERROR - []
2025-09-08 06:22:11,361 - 1505172 - piper.organizer - ERROR - []
2025-09-08 06:22:11,361 - 1505172 - piper.organizer - ERROR - []
2025-09-08 06:22:11,361 - 1505172 - piper.organizer - ERROR - []
2025-09-08 06:22:11,361 - 1505172 - piper.organizer - ERROR - []
2025-09-08 06:22:11,361 - 1505172 - piper.organizer - ERROR - []
2025-09-08 06:22:11,361 - 1505172 - piper.organizer - ERROR - []
2025-09-08 06:22:11,363 - 1505172 - piper.organizer - ERROR - []
2025-09-08 06:22:11,365 - 1505172 - piper.organizer - ERROR - []
2025-09-08 06:22:11,365 - 1505172 - piper.organizer - ERROR - []
2025-09-08 06:22:11,365 - 1505172 - piper.organizer - ERROR - []
2025-09-08 06:22:11,366 - 1505172 - piper.organizer - ERROR - []
2025-09-08 06:22:11,366 - 1505172 - piper.organizer - ERROR - []
2025-09-08 06:22:11,366 - 1505172 - piper.organizer - ERROR - []
2025-09-08 06:22:11,366 - 1505172 - piper.organizer - ERROR - []
2025-09-08 06:22:11,367 - 1505172 - piper.organizer - ERROR - []
2025-09-08 06:22:11,367 - 1505172 - piper.organizer - ERROR - []
2025-09-08 06:22:11,368 - 1505172 - piper.organizer - ERROR - []
2025-09-08 06:22:11,370 - 1505172 - piper.organizer - ERROR - []
2025-09-08 06:22:11,370 - 1505172 - piper.organizer - ERROR - []
2025-09-08 06:22:11,370 - 1505172 - piper.organizer - ERROR - []
2025-09-08 06:22:11,370 - 1505172 - piper.organizer - ERROR - []
2025-09-08 06:22:11,370 - 1505172 - piper.organizer - ERROR - []
2025-09-08 06:22:11,371 - 1505172 - piper.organizer - ERROR - []
2025-09-08 06:22:11,371 - 1505172 - piper.organizer - ERROR - []
2025-09-08 06:22:11,372 - 1505172 - piper.organizer - ERROR - []
2025-09-08 06:22:11,372 - 1505172 - piper.organizer - ERROR - []
2025-09-08 06:22:11,373 - 1505172 - piper.organizer - ERROR - []
2025-09-08 06:22:11,373 - 1505172 - piper.organizer - ERROR - []
2025-09-08 06:22:11,373 - 1505172 - piper.organizer - ERROR - []
2025-09-08 06:22:11,373 - 1505172 - piper.organizer - ERROR - []
2025-09-08 06:22:11,374 - 1505172 - piper.organizer - ERROR - []
2025-09-08 06:22:11,374 - 1505172 - piper.organizer - ERROR - []
2025-09-08 06:22:11,374 - 1505172 - piper.organizer - ERROR - []
2025-09-08 06:22:11,374 - 1505172 - piper.organizer - ERROR - []
2025-09-08 06:22:11,375 - 1505172 - piper.organizer - ERROR - []
2025-09-08 06:22:11,375 - 1505172 - piper.organizer - ERROR - []
2025-09-08 06:22:11,375 - 1505172 - piper.organizer - ERROR - []
2025-09-08 06:22:11,375 - 1505172 - piper.organizer - ERROR - []
2025-09-08 06:22:11,375 - 1505172 - piper.organizer - ERROR - []
2025-09-08 06:22:11,375 - 1505172 - piper.organizer - ERROR - []
2025-09-08 06:22:11,375 - 1505172 - piper.organizer - ERROR - []
2025-09-08 06:22:11,376 - 1505172 - piper.organizer - ERROR - []
2025-09-08 06:22:11,386 - 1505172 - piper.organizer - ERROR - []
2025-09-08 06:22:11,387 - 1505172 - piper.organizer - ERROR - []
2025-09-08 06:22:11,387 - 1505172 - piper.organizer - ERROR - []
2025-09-08 06:22:11,387 - 1505172 - piper.organizer - ERROR - []
2025-09-08 06:22:11,391 - 1505172 - piper.organizer - ERROR - []
2025-09-08 06:22:11,392 - 1505172 - piper.organizer - ERROR - []
2025-09-08 06:22:11,392 - 1505172 - piper.organizer - ERROR - []
2025-09-08 06:22:11,392 - 1505172 - piper.organizer - ERROR - []
2025-09-08 06:22:11,393 - 1505172 - piper.organizer - ERROR - []
2025-09-08 06:22:11,393 - 1505172 - piper.organizer - ERROR - []
2025-09-08 06:22:11,394 - 1505172 - piper.organizer - ERROR - []
2025-09-08 06:22:11,395 - 1505172 - piper.organizer - ERROR - []
2025-09-08 06:22:11,395 - 1505172 - piper.organizer - ERROR - []
2025-09-08 06:22:11,395 - 1505172 - piper.organizer - ERROR - []
2025-09-08 06:22:11,395 - 1505172 - piper.organizer - ERROR - []
2025-09-08 06:22:11,396 - 1505172 - piper.organizer - ERROR - []
2025-09-08 06:22:11,396 - 1505172 - piper.organizer - ERROR - []
2025-09-08 06:22:11,396 - 1505172 - piper.organizer - ERROR - []
2025-09-08 06:22:11,397 - 1505172 - piper.organizer - ERROR - []
2025-09-08 06:22:11,397 - 1505172 - piper.organizer - ERROR - []
2025-09-08 06:22:11,397 - 1505172 - piper.organizer - ERROR - []
2025-09-08 06:22:11,398 - 1505172 - piper.organizer - ERROR - []
2025-09-08 06:22:11,398 - 1505172 - piper.organizer - ERROR - []
2025-09-08 06:22:11,399 - 1505172 - piper.organizer - ERROR - []
2025-09-08 06:22:11,399 - 1505172 - piper.organizer - ERROR - []
2025-09-08 06:22:11,399 - 1505172 - piper.organizer - ERROR - []
2025-09-08 06:22:11,400 - 1505172 - piper.organizer - ERROR - []
2025-09-08 06:22:11,400 - 1505172 - piper.organizer - ERROR - []
2025-09-08 06:22:11,400 - 1505172 - piper.organizer - ERROR - []
2025-09-08 06:22:11,401 - 1505172 - piper.organizer - ERROR - []
2025-09-08 06:22:11,401 - 1505172 - piper.organizer - ERROR - []
2025-09-08 06:22:11,401 - 1505172 - piper.organizer - ERROR - []
2025-09-08 06:22:11,401 - 1505172 - piper.organizer - ERROR - []
2025-09-08 06:22:11,402 - 1505172 - piper.organizer - ERROR - []
2025-09-08 06:22:11,402 - 1505172 - piper.organizer - ERROR - []
2025-09-08 06:22:11,403 - 1505172 - piper.organizer - ERROR - []
2025-09-08 06:22:11,404 - 1505172 - piper.organizer - ERROR - []
2025-09-08 06:22:11,404 - 1505172 - piper.organizer - ERROR - []
2025-09-08 06:22:11,404 - 1505172 - piper.organizer - ERROR - []
2025-09-08 06:22:11,405 - 1505172 - piper.organizer - ERROR - []
2025-09-08 06:22:11,405 - 1505172 - piper.organizer - ERROR - []
2025-09-08 06:22:11,407 - 1505172 - piper.organizer - ERROR - []
2025-09-08 06:22:11,408 - 1505172 - piper.organizer - ERROR - []
2025-09-08 06:22:11,410 - 1505172 - piper.organizer - ERROR - []
2025-09-08 06:22:11,413 - 1505172 - piper.organizer - ERROR - []
2025-09-08 06:22:11,417 - 1505172 - piper.organizer - ERROR - []
2025-09-08 06:22:11,417 - 1505172 - piper.organizer - ERROR - []
2025-09-08 06:22:11,417 - 1505172 - piper.organizer - ERROR - []
2025-09-08 06:22:11,427 - 1505172 - piper.organizer - ERROR - []
2025-09-08 06:22:11,428 - 1505172 - piper.organizer - ERROR - []
2025-09-08 06:22:11,430 - 1505172 - piper.organizer - ERROR - []
2025-09-08 06:22:11,430 - 1504887 - piper.organizer - INFO - Monitoring process with target PipelineOrganizer.execute and pid 1505172
2025-09-08 06:22:11,430 - 1505172 - piper.organizer - ERROR - []
2025-09-08 06:22:11,432 - 1505172 - piper.organizer - ERROR - []
2025-09-08 06:22:11,436 - 1505172 - piper.organizer - ERROR - []
2025-09-08 06:22:11,436 - 1505172 - piper.organizer - ERROR - []
2025-09-08 06:22:11,438 - 1505172 - piper.organizer - ERROR - []
2025-09-08 06:22:11,438 - 1505172 - piper.organizer - ERROR - []
2025-09-08 06:22:11,438 - 1505172 - piper.organizer - ERROR - []
2025-09-08 06:22:11,442 - 1505172 - piper.organizer - ERROR - []
2025-09-08 06:22:11,442 - 1505172 - piper.organizer - ERROR - []
2025-09-08 06:22:11,445 - 1505172 - piper.organizer - ERROR - []
2025-09-08 06:22:11,446 - 1505172 - piper.organizer - ERROR - []
2025-09-08 06:22:11,447 - 1505172 - piper.organizer - ERROR - []
2025-09-08 06:22:11,448 - 1505172 - piper.organizer - ERROR - []
2025-09-08 06:22:11,448 - 1505172 - piper.organizer - ERROR - []
2025-09-08 06:22:11,450 - 1505172 - piper.organizer - ERROR - []
2025-09-08 06:22:11,451 - 1505172 - piper.organizer - ERROR - []
2025-09-08 06:22:11,451 - 1505172 - piper.organizer - ERROR - []
2025-09-08 06:22:11,453 - 1505172 - piper.organizer - ERROR - []
2025-09-08 06:22:11,457 - 1505172 - piper.organizer - ERROR - []
2025-09-08 06:22:11,458 - 1505172 - piper.organizer - ERROR - []
2025-09-08 06:22:11,458 - 1505172 - piper.organizer - ERROR - []
2025-09-08 06:22:11,459 - 1505172 - piper.organizer - ERROR - []
2025-09-08 06:22:11,461 - 1505172 - piper.organizer - ERROR - []
2025-09-08 06:22:11,461 - 1505172 - piper.organizer - ERROR - []
2025-09-08 06:22:11,462 - 1505172 - piper.organizer - ERROR - []
2025-09-08 06:22:11,462 - 1505172 - piper.organizer - ERROR - []
2025-09-08 06:22:11,467 - 1505172 - piper.organizer - ERROR - []
2025-09-08 06:22:11,469 - 1505172 - piper.organizer - ERROR - []
2025-09-08 06:22:11,470 - 1505172 - piper.organizer - ERROR - []
2025-09-08 06:22:11,470 - 1505172 - piper.organizer - ERROR - []
2025-09-08 06:22:11,470 - 1505172 - piper.organizer - ERROR - []
2025-09-08 06:22:11,470 - 1505172 - piper.organizer - ERROR - []
2025-09-08 06:22:11,470 - 1505172 - piper.organizer - ERROR - []
2025-09-08 06:22:11,470 - 1505172 - piper.organizer - ERROR - []
2025-09-08 06:22:11,471 - 1505172 - piper.organizer - ERROR - []
2025-09-08 06:22:11,471 - 1505172 - piper.organizer - ERROR - []
2025-09-08 06:22:11,472 - 1505172 - piper.organizer - ERROR - []
2025-09-08 06:22:11,472 - 1505172 - piper.organizer - ERROR - []
2025-09-08 06:22:11,472 - 1505172 - piper.organizer - ERROR - []
2025-09-08 06:22:11,472 - 1505172 - piper.organizer - ERROR - []
2025-09-08 06:22:11,472 - 1505172 - piper.organizer - ERROR - []
2025-09-08 06:22:11,473 - 1505172 - piper.organizer - ERROR - []
2025-09-08 06:22:11,473 - 1505172 - piper.organizer - ERROR - []
2025-09-08 06:22:11,475 - 1505172 - piper.organizer - ERROR - []
2025-09-08 06:22:11,475 - 1505172 - piper.organizer - ERROR - []
2025-09-08 06:22:11,475 - 1505172 - piper.organizer - ERROR - []
2025-09-08 06:22:11,476 - 1505172 - piper.organizer - ERROR - []
2025-09-08 06:22:11,476 - 1505172 - piper.organizer - ERROR - []
2025-09-08 06:22:11,477 - 1505172 - piper.organizer - ERROR - []
2025-09-08 06:22:11,479 - 1505172 - piper.organizer - ERROR - []
2025-09-08 06:22:11,479 - 1505172 - piper.organizer - ERROR - []
2025-09-08 06:22:11,479 - 1505172 - piper.organizer - ERROR - []
2025-09-08 06:22:11,479 - 1505172 - piper.organizer - ERROR - []
2025-09-08 06:22:11,481 - 1505172 - piper.organizer - ERROR - []
2025-09-08 06:22:11,481 - 1505172 - piper.organizer - ERROR - []
2025-09-08 06:22:11,482 - 1505172 - piper.organizer - ERROR - []
2025-09-08 06:22:11,482 - 1505172 - piper.organizer - ERROR - []
2025-09-08 06:22:11,483 - 1505172 - piper.organizer - ERROR - []
2025-09-08 06:22:11,483 - 1505172 - piper.organizer - ERROR - []
2025-09-08 06:22:11,486 - 1505172 - piper.organizer - ERROR - []
2025-09-08 06:22:11,487 - 1505172 - piper.organizer - ERROR - []
2025-09-08 06:22:11,487 - 1505172 - piper.organizer - ERROR - []
2025-09-08 06:22:11,488 - 1505172 - piper.organizer - ERROR - []
2025-09-08 06:22:11,488 - 1505172 - piper.organizer - ERROR - []
2025-09-08 06:22:11,488 - 1505172 - piper.organizer - ERROR - []
2025-09-08 06:22:11,489 - 1505172 - piper.organizer - ERROR - []
2025-09-08 06:22:11,489 - 1505172 - piper.organizer - ERROR - []
2025-09-08 06:22:11,489 - 1505172 - piper.organizer - ERROR - []
2025-09-08 06:22:11,489 - 1505172 - piper.organizer - ERROR - []
2025-09-08 06:22:11,490 - 1505172 - piper.organizer - ERROR - []
2025-09-08 06:22:11,491 - 1505172 - piper.organizer - ERROR - []
2025-09-08 06:22:11,492 - 1505172 - piper.organizer - ERROR - []
2025-09-08 06:22:11,493 - 1505172 - piper.organizer - ERROR - []
2025-09-08 06:22:11,493 - 1505172 - piper.organizer - ERROR - []
2025-09-08 06:22:11,495 - 1505172 - piper.organizer - ERROR - []
2025-09-08 06:22:11,495 - 1505172 - piper.organizer - ERROR - []
2025-09-08 06:22:11,495 - 1505172 - piper.organizer - ERROR - []
2025-09-08 06:22:11,495 - 1505172 - piper.organizer - ERROR - []
2025-09-08 06:22:11,496 - 1505172 - piper.organizer - ERROR - []
2025-09-08 06:22:11,496 - 1505172 - piper.organizer - ERROR - []
2025-09-08 06:22:11,499 - 1505172 - piper.organizer - ERROR - []
2025-09-08 06:22:11,499 - 1505172 - piper.organizer - ERROR - []
2025-09-08 06:22:11,500 - 1505172 - piper.organizer - ERROR - []
2025-09-08 06:22:11,501 - 1505172 - piper.organizer - ERROR - []
2025-09-08 06:22:11,501 - 1505172 - piper.organizer - ERROR - []
2025-09-08 06:22:11,501 - 1505172 - piper.organizer - ERROR - []
2025-09-08 06:22:11,501 - 1505172 - piper.organizer - ERROR - []
2025-09-08 06:22:11,501 - 1505172 - piper.organizer - ERROR - []
2025-09-08 06:22:11,501 - 1505172 - piper.organizer - ERROR - []
2025-09-08 06:22:11,502 - 1505172 - piper.organizer - ERROR - []
2025-09-08 06:22:11,502 - 1505172 - piper.organizer - ERROR - []
2025-09-08 06:22:11,502 - 1505172 - piper.organizer - ERROR - []
2025-09-08 06:22:11,503 - 1505172 - piper.organizer - ERROR - []
2025-09-08 06:22:11,503 - 1505172 - piper.organizer - ERROR - []
2025-09-08 06:22:11,507 - 1505172 - piper.organizer - ERROR - []
2025-09-08 06:22:11,507 - 1505172 - piper.organizer - ERROR - []
2025-09-08 06:22:11,507 - 1505172 - piper.organizer - ERROR - []
2025-09-08 06:22:11,508 - 1505172 - piper.organizer - ERROR - []
2025-09-08 06:22:11,508 - 1505172 - piper.organizer - ERROR - []
2025-09-08 06:22:11,509 - 1505172 - piper.organizer - ERROR - []
2025-09-08 06:22:11,509 - 1505172 - piper.organizer - ERROR - []
2025-09-08 06:22:11,509 - 1505172 - piper.organizer - ERROR - []
2025-09-08 06:22:11,509 - 1505172 - piper.organizer - ERROR - []
2025-09-08 06:22:11,510 - 1505172 - piper.organizer - ERROR - []
2025-09-08 06:22:11,511 - 1505172 - piper.organizer - ERROR - []
2025-09-08 06:22:11,511 - 1505172 - piper.organizer - ERROR - []
2025-09-08 06:22:11,511 - 1505172 - piper.organizer - ERROR - []
2025-09-08 06:22:11,512 - 1505172 - piper.organizer - ERROR - []
2025-09-08 06:22:11,512 - 1505172 - piper.organizer - ERROR - []
2025-09-08 06:22:11,512 - 1505172 - piper.organizer - ERROR - []
2025-09-08 06:22:11,512 - 1505172 - piper.organizer - ERROR - []
2025-09-08 06:22:11,513 - 1505172 - piper.organizer - ERROR - []
2025-09-08 06:22:11,513 - 1505172 - piper.organizer - ERROR - []
2025-09-08 06:22:11,513 - 1505172 - piper.organizer - ERROR - []
2025-09-08 06:22:11,514 - 1505172 - piper.organizer - ERROR - []
2025-09-08 06:22:11,514 - 1505172 - piper.organizer - ERROR - []
2025-09-08 06:22:11,514 - 1505172 - piper.organizer - ERROR - []
2025-09-08 06:22:11,515 - 1505172 - piper.organizer - ERROR - []
2025-09-08 06:22:11,515 - 1505172 - piper.organizer - ERROR - []
2025-09-08 06:22:11,515 - 1505172 - piper.organizer - ERROR - []
2025-09-08 06:22:11,516 - 1505172 - piper.organizer - ERROR - []
2025-09-08 06:22:11,516 - 1505172 - piper.organizer - ERROR - []
2025-09-08 06:22:11,517 - 1505172 - piper.organizer - ERROR - []
2025-09-08 06:22:11,517 - 1505172 - piper.organizer - ERROR - []
2025-09-08 06:22:11,517 - 1505172 - piper.organizer - ERROR - []
2025-09-08 06:22:11,517 - 1505172 - piper.organizer - ERROR - []
2025-09-08 06:22:11,518 - 1505172 - piper.organizer - ERROR - []
2025-09-08 06:22:11,518 - 1505172 - piper.organizer - ERROR - []
2025-09-08 06:22:11,519 - 1505172 - piper.organizer - ERROR - []
2025-09-08 06:22:11,520 - 1505172 - piper.organizer - ERROR - []
2025-09-08 06:22:11,520 - 1505172 - piper.organizer - ERROR - []
2025-09-08 06:22:11,521 - 1505172 - piper.organizer - ERROR - []
2025-09-08 06:22:11,521 - 1505172 - piper.organizer - ERROR - []
2025-09-08 06:22:11,521 - 1505172 - piper.organizer - ERROR - []
2025-09-08 06:22:11,522 - 1505172 - piper.organizer - ERROR - []
2025-09-08 06:22:11,522 - 1505172 - piper.organizer - ERROR - []
2025-09-08 06:22:11,522 - 1505172 - piper.organizer - ERROR - []
2025-09-08 06:22:11,522 - 1505172 - piper.organizer - ERROR - []
2025-09-08 06:22:11,523 - 1505172 - piper.organizer - ERROR - []
2025-09-08 06:22:11,523 - 1505172 - piper.organizer - ERROR - []
2025-09-08 06:22:11,523 - 1505172 - piper.organizer - ERROR - []
2025-09-08 06:22:11,524 - 1505172 - piper.organizer - ERROR - []
2025-09-08 06:22:11,524 - 1505172 - piper.organizer - ERROR - []
2025-09-08 06:22:11,524 - 1505172 - piper.organizer - ERROR - []
2025-09-08 06:22:11,524 - 1505172 - piper.organizer - ERROR - []
2025-09-08 06:22:11,525 - 1505172 - piper.organizer - ERROR - []
2025-09-08 06:22:11,525 - 1505172 - piper.organizer - ERROR - []
2025-09-08 06:22:11,525 - 1505172 - piper.organizer - ERROR - []
2025-09-08 06:22:11,526 - 1505172 - piper.organizer - ERROR - []
2025-09-08 06:22:11,532 - 1505172 - piper.organizer - ERROR - []
2025-09-08 06:22:11,532 - 1505172 - piper.organizer - ERROR - []
2025-09-08 06:22:11,547 - 1505172 - piper.organizer - ERROR - []
2025-09-08 06:22:11,558 - 1505172 - piper.organizer - ERROR - []
2025-09-08 06:22:11,558 - 1505172 - piper.organizer - ERROR - []
2025-09-08 06:22:11,558 - 1505172 - piper.organizer - ERROR - []
2025-09-08 06:22:11,558 - 1505172 - piper.organizer - ERROR - []
2025-09-08 06:22:11,565 - 1505172 - piper.organizer - ERROR - []
2025-09-08 06:22:11,565 - 1505172 - piper.organizer - ERROR - []
2025-09-08 06:22:11,565 - 1505172 - piper.organizer - ERROR - []
2025-09-08 06:22:11,565 - 1505172 - piper.organizer - ERROR - []
2025-09-08 06:22:11,566 - 1505172 - piper.organizer - ERROR - []
2025-09-08 06:22:11,566 - 1505172 - piper.organizer - ERROR - []
2025-09-08 06:22:11,566 - 1505172 - piper.organizer - ERROR - []
2025-09-08 06:22:11,566 - 1505172 - piper.organizer - ERROR - []
2025-09-08 06:22:11,568 - 1505172 - piper.organizer - ERROR - []
2025-09-08 06:22:11,568 - 1505172 - piper.organizer - ERROR - []
2025-09-08 06:22:11,568 - 1505172 - piper.organizer - ERROR - []
2025-09-08 06:22:11,569 - 1505172 - piper.organizer - ERROR - []
2025-09-08 06:22:11,569 - 1505172 - piper.organizer - ERROR - []
2025-09-08 06:22:11,570 - 1505172 - piper.organizer - ERROR - []
2025-09-08 06:22:11,571 - 1505172 - piper.organizer - ERROR - []
2025-09-08 06:22:11,571 - 1505172 - piper.organizer - ERROR - []
2025-09-08 06:22:11,572 - 1505172 - piper.organizer - ERROR - []
2025-09-08 06:22:11,572 - 1505172 - piper.organizer - ERROR - []
2025-09-08 06:22:11,572 - 1505172 - piper.organizer - ERROR - []
2025-09-08 06:22:11,572 - 1505172 - piper.organizer - ERROR - []
2025-09-08 06:22:11,572 - 1505172 - piper.organizer - ERROR - []
2025-09-08 06:22:11,574 - 1505172 - piper.organizer - ERROR - []
2025-09-08 06:22:11,574 - 1505172 - piper.organizer - ERROR - []
2025-09-08 06:22:11,575 - 1505172 - piper.organizer - ERROR - []
2025-09-08 06:22:11,576 - 1505172 - piper.organizer - ERROR - []
2025-09-08 06:22:11,576 - 1505172 - piper.organizer - ERROR - []
2025-09-08 06:22:11,577 - 1505172 - piper.organizer - ERROR - []
2025-09-08 06:22:11,577 - 1505172 - piper.organizer - ERROR - []
2025-09-08 06:22:11,579 - 1505172 - piper.organizer - ERROR - []
2025-09-08 06:22:11,579 - 1505172 - piper.organizer - ERROR - []
2025-09-08 06:22:11,580 - 1505172 - piper.organizer - ERROR - []
2025-09-08 06:22:11,580 - 1505172 - piper.organizer - ERROR - []
2025-09-08 06:22:11,580 - 1505172 - piper.organizer - ERROR - []
2025-09-08 06:22:11,581 - 1505172 - piper.organizer - ERROR - []
2025-09-08 06:22:11,581 - 1505172 - piper.organizer - ERROR - []
2025-09-08 06:22:11,581 - 1505172 - piper.organizer - ERROR - []
2025-09-08 06:22:11,582 - 1505172 - piper.organizer - ERROR - []
2025-09-08 06:22:11,582 - 1505172 - piper.organizer - ERROR - []
2025-09-08 06:22:11,582 - 1505172 - piper.organizer - ERROR - []
2025-09-08 06:22:11,583 - 1505172 - piper.organizer - ERROR - []
2025-09-08 06:22:11,583 - 1505172 - piper.organizer - ERROR - []
2025-09-08 06:22:11,584 - 1505172 - piper.organizer - ERROR - []
2025-09-08 06:22:11,585 - 1505172 - piper.organizer - ERROR - []
2025-09-08 06:22:11,585 - 1505172 - piper.organizer - ERROR - []
2025-09-08 06:22:11,585 - 1505172 - piper.organizer - ERROR - []
2025-09-08 06:22:11,585 - 1505172 - piper.organizer - ERROR - []
2025-09-08 06:22:11,586 - 1505172 - piper.organizer - ERROR - []
2025-09-08 06:22:11,586 - 1505172 - piper.organizer - ERROR - []
2025-09-08 06:22:11,587 - 1505172 - piper.organizer - ERROR - []
2025-09-08 06:22:11,587 - 1505172 - piper.organizer - ERROR - []
2025-09-08 06:22:11,587 - 1505172 - piper.organizer - ERROR - []
2025-09-08 06:22:11,588 - 1505172 - piper.organizer - ERROR - []
2025-09-08 06:22:11,588 - 1505172 - piper.organizer - ERROR - []
2025-09-08 06:22:11,588 - 1505172 - piper.organizer - ERROR - []
2025-09-08 06:22:11,588 - 1505172 - piper.organizer - ERROR - []
2025-09-08 06:22:11,588 - 1505172 - piper.organizer - ERROR - []
2025-09-08 06:22:11,592 - 1505172 - piper.organizer - ERROR - []
2025-09-08 06:22:11,592 - 1505172 - piper.organizer - ERROR - []
2025-09-08 06:22:11,592 - 1505172 - piper.organizer - ERROR - []
2025-09-08 06:22:11,592 - 1505172 - piper.organizer - ERROR - []
2025-09-08 06:22:11,592 - 1505172 - piper.organizer - ERROR - []
2025-09-08 06:22:11,593 - 1505172 - piper.organizer - ERROR - []
2025-09-08 06:22:11,593 - 1505172 - piper.organizer - ERROR - []
2025-09-08 06:22:11,593 - 1505172 - piper.organizer - ERROR - []
2025-09-08 06:22:11,593 - 1505172 - piper.organizer - ERROR - []
2025-09-08 06:22:11,595 - 1505172 - piper.organizer - ERROR - []
2025-09-08 06:22:11,596 - 1505172 - piper.organizer - ERROR - []
2025-09-08 06:22:11,596 - 1505172 - piper.organizer - ERROR - []
2025-09-08 06:22:11,597 - 1505172 - piper.organizer - ERROR - []
2025-09-08 06:22:11,597 - 1505172 - piper.organizer - ERROR - []
2025-09-08 06:22:11,599 - 1505172 - piper.organizer - ERROR - []
2025-09-08 06:22:11,599 - 1505172 - piper.organizer - ERROR - []
2025-09-08 06:22:11,599 - 1505172 - piper.organizer - ERROR - []
2025-09-08 06:22:11,599 - 1505172 - piper.organizer - ERROR - []
2025-09-08 06:22:11,600 - 1505172 - piper.organizer - ERROR - []
2025-09-08 06:22:11,600 - 1505172 - piper.organizer - ERROR - []
2025-09-08 06:22:11,600 - 1505172 - piper.organizer - ERROR - []
2025-09-08 06:22:11,601 - 1505172 - piper.organizer - ERROR - []
2025-09-08 06:22:11,601 - 1505172 - piper.organizer - ERROR - []
2025-09-08 06:22:11,601 - 1505172 - piper.organizer - ERROR - []
2025-09-08 06:22:11,601 - 1505172 - piper.organizer - ERROR - []
2025-09-08 06:22:11,601 - 1505172 - piper.organizer - ERROR - []
2025-09-08 06:22:11,603 - 1505172 - piper.organizer - ERROR - []
2025-09-08 06:22:11,603 - 1505172 - piper.organizer - ERROR - []
2025-09-08 06:22:11,606 - 1505172 - piper.organizer - ERROR - []
2025-09-08 06:22:11,606 - 1505172 - piper.organizer - ERROR - []
2025-09-08 06:22:11,607 - 1505172 - piper.organizer - ERROR - []
2025-09-08 06:22:11,607 - 1505172 - piper.organizer - ERROR - []
2025-09-08 06:22:11,607 - 1505172 - piper.organizer - ERROR - []
2025-09-08 06:22:11,607 - 1505172 - piper.organizer - ERROR - []
2025-09-08 06:22:11,608 - 1505172 - piper.organizer - ERROR - []
2025-09-08 06:22:11,608 - 1505172 - piper.organizer - ERROR - []
2025-09-08 06:22:11,609 - 1505172 - piper.organizer - ERROR - []
2025-09-08 06:22:11,610 - 1505172 - piper.organizer - ERROR - []
2025-09-08 06:22:11,610 - 1505172 - piper.organizer - ERROR - []
2025-09-08 06:22:11,610 - 1505172 - piper.organizer - ERROR - []
2025-09-08 06:22:11,610 - 1505172 - piper.organizer - ERROR - []
2025-09-08 06:22:11,611 - 1505172 - piper.organizer - ERROR - []
2025-09-08 06:22:11,611 - 1505172 - piper.organizer - ERROR - []
2025-09-08 06:22:11,611 - 1505172 - piper.organizer - ERROR - []
2025-09-08 06:22:11,611 - 1505172 - piper.organizer - ERROR - []
2025-09-08 06:22:11,612 - 1505172 - piper.organizer - ERROR - []
2025-09-08 06:22:11,612 - 1505172 - piper.organizer - ERROR - []
2025-09-08 06:22:11,612 - 1505172 - piper.organizer - ERROR - []
2025-09-08 06:22:11,612 - 1505172 - piper.organizer - ERROR - []
2025-09-08 06:22:11,615 - 1505172 - piper.organizer - ERROR - []
2025-09-08 06:22:11,615 - 1505172 - piper.organizer - ERROR - []
2025-09-08 06:22:11,616 - 1505172 - piper.organizer - ERROR - []
2025-09-08 06:22:11,617 - 1505172 - piper.organizer - ERROR - []
2025-09-08 06:22:11,617 - 1505172 - piper.organizer - ERROR - []
2025-09-08 06:22:11,618 - 1505172 - piper.organizer - ERROR - []
2025-09-08 06:22:11,618 - 1505172 - piper.organizer - ERROR - []
2025-09-08 06:22:11,619 - 1505172 - piper.organizer - ERROR - []
2025-09-08 06:22:11,620 - 1505172 - piper.organizer - ERROR - []
2025-09-08 06:22:11,620 - 1505172 - piper.organizer - ERROR - []
2025-09-08 06:22:11,621 - 1505172 - piper.organizer - ERROR - []
2025-09-08 06:22:11,622 - 1505172 - piper.organizer - ERROR - []
2025-09-08 06:22:11,623 - 1505172 - piper.organizer - ERROR - []
2025-09-08 06:22:11,623 - 1505172 - piper.organizer - ERROR - []
2025-09-08 06:22:11,623 - 1505172 - piper.organizer - ERROR - []
2025-09-08 06:22:11,623 - 1505172 - piper.organizer - ERROR - []
2025-09-08 06:22:11,623 - 1505172 - piper.organizer - ERROR - []
2025-09-08 06:22:11,624 - 1505172 - piper.organizer - ERROR - []
2025-09-08 06:22:11,625 - 1505172 - piper.organizer - ERROR - []
2025-09-08 06:22:11,625 - 1505172 - piper.organizer - ERROR - []
2025-09-08 06:22:11,625 - 1505172 - piper.organizer - ERROR - []
2025-09-08 06:22:11,626 - 1505172 - piper.organizer - ERROR - []
2025-09-08 06:22:11,626 - 1505172 - piper.organizer - ERROR - []
2025-09-08 06:22:11,626 - 1505172 - piper.organizer - ERROR - []
2025-09-08 06:22:11,627 - 1505172 - piper.organizer - ERROR - []
2025-09-08 06:22:11,627 - 1505172 - piper.organizer - ERROR - []
2025-09-08 06:22:11,627 - 1505172 - piper.organizer - ERROR - []
2025-09-08 06:22:11,628 - 1505172 - piper.organizer - ERROR - []
2025-09-08 06:22:11,628 - 1505172 - piper.organizer - ERROR - []
2025-09-08 06:22:11,628 - 1505172 - piper.organizer - ERROR - []
2025-09-08 06:22:11,629 - 1505172 - piper.organizer - ERROR - []
2025-09-08 06:22:11,629 - 1505172 - piper.organizer - ERROR - []
2025-09-08 06:22:11,629 - 1505172 - piper.organizer - ERROR - []
2025-09-08 06:22:11,629 - 1505172 - piper.organizer - ERROR - []
2025-09-08 06:22:11,629 - 1505172 - piper.organizer - ERROR - []
2025-09-08 06:22:11,630 - 1505172 - piper.organizer - ERROR - []
2025-09-08 06:22:11,631 - 1505172 - piper.organizer - ERROR - []
2025-09-08 06:22:11,631 - 1505172 - piper.organizer - ERROR - []
2025-09-08 06:22:11,631 - 1505172 - piper.organizer - ERROR - []
2025-09-08 06:22:11,631 - 1505172 - piper.organizer - ERROR - []
2025-09-08 06:22:11,631 - 1505172 - piper.organizer - ERROR - []
2025-09-08 06:22:11,632 - 1505172 - piper.organizer - ERROR - []
2025-09-08 06:22:11,632 - 1505172 - piper.organizer - ERROR - []
2025-09-08 06:22:11,632 - 1505172 - piper.organizer - ERROR - []
2025-09-08 06:22:11,633 - 1505172 - piper.organizer - ERROR - []
2025-09-08 06:22:11,633 - 1505172 - piper.organizer - ERROR - []
2025-09-08 06:22:11,633 - 1505172 - piper.organizer - ERROR - []
2025-09-08 06:22:11,633 - 1505172 - piper.organizer - ERROR - []
2025-09-08 06:22:11,633 - 1505172 - piper.organizer - ERROR - []
2025-09-08 06:22:11,633 - 1505172 - piper.organizer - ERROR - []
2025-09-08 06:22:11,634 - 1505172 - piper.organizer - ERROR - []
2025-09-08 06:22:11,634 - 1505172 - piper.organizer - ERROR - []
2025-09-08 06:22:11,635 - 1505172 - piper.organizer - ERROR - []
2025-09-08 06:22:11,635 - 1505172 - piper.organizer - ERROR - []
2025-09-08 06:22:11,635 - 1505172 - piper.organizer - ERROR - []
2025-09-08 06:22:11,636 - 1505172 - piper.organizer - ERROR - []
2025-09-08 06:22:11,636 - 1505172 - piper.organizer - ERROR - []
2025-09-08 06:22:11,636 - 1505172 - piper.organizer - ERROR - []
2025-09-08 06:22:11,636 - 1505172 - piper.organizer - ERROR - []
2025-09-08 06:22:11,637 - 1505172 - piper.organizer - ERROR - []
2025-09-08 06:22:11,653 - 1505172 - piper.organizer - ERROR - []
2025-09-08 06:22:11,659 - 1505172 - piper.organizer - ERROR - []
2025-09-08 06:22:11,659 - 1505172 - piper.organizer - ERROR - []
2025-09-08 06:22:11,660 - 1505172 - piper.organizer - ERROR - []
2025-09-08 06:22:11,660 - 1505172 - piper.organizer - ERROR - []
2025-09-08 06:22:11,660 - 1505172 - piper.organizer - ERROR - []
2025-09-08 06:22:11,665 - 1505172 - piper.organizer - ERROR - []
2025-09-08 06:22:11,667 - 1505172 - piper.organizer - ERROR - []
2025-09-08 06:22:11,667 - 1505172 - piper.organizer - ERROR - []
2025-09-08 06:22:11,667 - 1505172 - piper.organizer - ERROR - []
2025-09-08 06:22:11,667 - 1505172 - piper.organizer - ERROR - []
2025-09-08 06:22:11,669 - 1505172 - piper.organizer - ERROR - []
2025-09-08 06:22:11,669 - 1505172 - piper.organizer - ERROR - []
2025-09-08 06:22:11,672 - 1505172 - piper.organizer - ERROR - []
2025-09-08 06:22:11,672 - 1505172 - piper.organizer - ERROR - []
2025-09-08 06:22:11,676 - 1505172 - piper.organizer - ERROR - []
2025-09-08 06:22:11,679 - 1505172 - piper.organizer - ERROR - []
2025-09-08 06:22:11,679 - 1505172 - piper.organizer - ERROR - []
2025-09-08 06:22:11,680 - 1505172 - piper.organizer - ERROR - []
2025-09-08 06:22:11,680 - 1505172 - piper.organizer - ERROR - []
2025-09-08 06:22:11,680 - 1505172 - piper.organizer - ERROR - []
2025-09-08 06:22:11,681 - 1505172 - piper.organizer - ERROR - []
2025-09-08 06:22:11,681 - 1505172 - piper.organizer - ERROR - []
2025-09-08 06:22:11,681 - 1505172 - piper.organizer - ERROR - []
2025-09-08 06:22:11,682 - 1505172 - piper.organizer - ERROR - []
2025-09-08 06:22:11,682 - 1505172 - piper.organizer - ERROR - []
2025-09-08 06:22:11,682 - 1505172 - piper.organizer - ERROR - []
2025-09-08 06:22:11,683 - 1505172 - piper.organizer - ERROR - []
2025-09-08 06:22:11,683 - 1505172 - piper.organizer - ERROR - []
2025-09-08 06:22:11,684 - 1505172 - piper.organizer - ERROR - []
2025-09-08 06:22:11,684 - 1505172 - piper.organizer - ERROR - []
2025-09-08 06:22:11,685 - 1505172 - piper.organizer - ERROR - []
2025-09-08 06:22:11,685 - 1505172 - piper.organizer - ERROR - []
2025-09-08 06:22:11,685 - 1505172 - piper.organizer - ERROR - []
2025-09-08 06:22:11,685 - 1505172 - piper.organizer - ERROR - []
2025-09-08 06:22:11,686 - 1505172 - piper.organizer - ERROR - []
2025-09-08 06:22:11,687 - 1505172 - piper.organizer - ERROR - []
2025-09-08 06:22:11,687 - 1505172 - piper.organizer - ERROR - []
2025-09-08 06:22:11,691 - 1505172 - piper.organizer - ERROR - []
2025-09-08 06:22:11,691 - 1505172 - piper.organizer - ERROR - []
2025-09-08 06:22:11,691 - 1505172 - piper.organizer - ERROR - []
2025-09-08 06:22:11,691 - 1505172 - piper.organizer - ERROR - []
2025-09-08 06:22:11,691 - 1505172 - piper.organizer - ERROR - []
2025-09-08 06:22:11,693 - 1505172 - piper.organizer - ERROR - []
2025-09-08 06:22:11,693 - 1505172 - piper.organizer - ERROR - []
2025-09-08 06:22:11,693 - 1505172 - piper.organizer - ERROR - []
2025-09-08 06:22:11,693 - 1505172 - piper.organizer - ERROR - []
2025-09-08 06:22:11,694 - 1505172 - piper.organizer - ERROR - []
2025-09-08 06:22:11,694 - 1505172 - piper.organizer - ERROR - []
2025-09-08 06:22:11,694 - 1505172 - piper.organizer - ERROR - []
2025-09-08 06:22:11,696 - 1505172 - piper.organizer - ERROR - []
2025-09-08 06:22:11,696 - 1505172 - piper.organizer - ERROR - []
2025-09-08 06:22:11,698 - 1505172 - piper.organizer - ERROR - []
2025-09-08 06:22:11,698 - 1505172 - piper.organizer - ERROR - []
2025-09-08 06:22:11,699 - 1505172 - piper.organizer - ERROR - []
2025-09-08 06:22:11,699 - 1505172 - piper.organizer - ERROR - []
2025-09-08 06:22:11,699 - 1505172 - piper.organizer - ERROR - []
2025-09-08 06:22:11,700 - 1505172 - piper.organizer - ERROR - []
2025-09-08 06:22:11,700 - 1505172 - piper.organizer - ERROR - []
2025-09-08 06:22:11,700 - 1505172 - piper.organizer - ERROR - []
2025-09-08 06:22:11,701 - 1505172 - piper.organizer - ERROR - []
2025-09-08 06:22:11,701 - 1505172 - piper.organizer - ERROR - []
2025-09-08 06:22:11,701 - 1505172 - piper.organizer - ERROR - []
2025-09-08 06:22:11,701 - 1505172 - piper.organizer - ERROR - []
2025-09-08 06:22:11,702 - 1505172 - piper.organizer - ERROR - []
2025-09-08 06:22:11,702 - 1505172 - piper.organizer - ERROR - []
2025-09-08 06:22:11,702 - 1505172 - piper.organizer - ERROR - []
2025-09-08 06:22:11,702 - 1505172 - piper.organizer - ERROR - []
2025-09-08 06:22:11,702 - 1505172 - piper.organizer - ERROR - []
2025-09-08 06:22:11,702 - 1505172 - piper.organizer - ERROR - []
2025-09-08 06:22:11,703 - 1505172 - piper.organizer - ERROR - []
2025-09-08 06:22:11,703 - 1505172 - piper.organizer - ERROR - []
2025-09-08 06:22:11,703 - 1505172 - piper.organizer - ERROR - []
2025-09-08 06:22:11,705 - 1505172 - piper.organizer - ERROR - []
2025-09-08 06:22:11,706 - 1505172 - piper.organizer - ERROR - []
2025-09-08 06:22:11,706 - 1505172 - piper.organizer - ERROR - []
2025-09-08 06:22:11,707 - 1505172 - piper.organizer - ERROR - []
2025-09-08 06:22:11,707 - 1505172 - piper.organizer - ERROR - []
2025-09-08 06:22:11,707 - 1505172 - piper.organizer - ERROR - []
2025-09-08 06:22:11,708 - 1505172 - piper.organizer - ERROR - []
2025-09-08 06:22:11,708 - 1505172 - piper.organizer - ERROR - []
2025-09-08 06:22:11,709 - 1505172 - piper.organizer - ERROR - []
2025-09-08 06:22:11,710 - 1505172 - piper.organizer - ERROR - []
2025-09-08 06:22:11,710 - 1505172 - piper.organizer - ERROR - []
2025-09-08 06:22:11,710 - 1505172 - piper.organizer - ERROR - []
2025-09-08 06:22:11,710 - 1505172 - piper.organizer - ERROR - []
2025-09-08 06:22:11,711 - 1505172 - piper.organizer - ERROR - []
2025-09-08 06:22:11,712 - 1505172 - piper.organizer - ERROR - []
2025-09-08 06:22:11,712 - 1505172 - piper.organizer - ERROR - []
2025-09-08 06:22:11,712 - 1505172 - piper.organizer - ERROR - []
2025-09-08 06:22:11,713 - 1505172 - piper.organizer - ERROR - []
2025-09-08 06:22:11,713 - 1505172 - piper.organizer - ERROR - []
2025-09-08 06:22:11,713 - 1505172 - piper.organizer - ERROR - []
2025-09-08 06:22:11,714 - 1505172 - piper.organizer - ERROR - []
2025-09-08 06:22:11,715 - 1505172 - piper.organizer - ERROR - []
2025-09-08 06:22:11,715 - 1505172 - piper.organizer - ERROR - []
2025-09-08 06:22:11,715 - 1505172 - piper.organizer - ERROR - []
2025-09-08 06:22:11,715 - 1505172 - piper.organizer - ERROR - []
2025-09-08 06:22:11,715 - 1505172 - piper.organizer - ERROR - []
2025-09-08 06:22:11,716 - 1505172 - piper.organizer - ERROR - []
2025-09-08 06:22:11,717 - 1505172 - piper.organizer - ERROR - []
2025-09-08 06:22:11,717 - 1505172 - piper.organizer - ERROR - []
2025-09-08 06:22:11,717 - 1505172 - piper.organizer - ERROR - []
2025-09-08 06:22:11,717 - 1505172 - piper.organizer - ERROR - []
2025-09-08 06:22:11,717 - 1505172 - piper.organizer - ERROR - []
2025-09-08 06:22:11,718 - 1505172 - piper.organizer - ERROR - []
2025-09-08 06:22:11,719 - 1505172 - piper.organizer - ERROR - []
2025-09-08 06:22:11,719 - 1505172 - piper.organizer - ERROR - []
2025-09-08 06:22:11,719 - 1505172 - piper.organizer - ERROR - []
2025-09-08 06:22:11,719 - 1505172 - piper.organizer - ERROR - []
2025-09-08 06:22:11,724 - 1505172 - piper.organizer - ERROR - []
2025-09-08 06:22:11,725 - 1505172 - piper.organizer - ERROR - []
2025-09-08 06:22:11,737 - 1505172 - piper.organizer - ERROR - []
2025-09-08 06:22:11,739 - 1505172 - piper.organizer - ERROR - []
2025-09-08 06:22:11,740 - 1505172 - piper.organizer - ERROR - []
2025-09-08 06:22:11,742 - 1505172 - piper.organizer - ERROR - []
2025-09-08 06:22:11,757 - 1505172 - piper.organizer - ERROR - []
2025-09-08 06:22:11,757 - 1505172 - piper.organizer - ERROR - []
2025-09-08 06:22:11,758 - 1505172 - piper.organizer - ERROR - []
2025-09-08 06:22:11,760 - 1505172 - piper.organizer - ERROR - []
2025-09-08 06:22:11,763 - 1505172 - piper.organizer - ERROR - []
2025-09-08 06:22:11,764 - 1505172 - piper.organizer - ERROR - []
2025-09-08 06:22:11,765 - 1505172 - piper.organizer - ERROR - []
2025-09-08 06:22:11,765 - 1505172 - piper.organizer - ERROR - []
2025-09-08 06:22:11,765 - 1505172 - piper.organizer - ERROR - []
2025-09-08 06:22:11,765 - 1505172 - piper.organizer - ERROR - []
2025-09-08 06:22:11,766 - 1505172 - piper.organizer - ERROR - []
2025-09-08 06:22:11,766 - 1505172 - piper.organizer - ERROR - []
2025-09-08 06:22:11,767 - 1505172 - piper.organizer - ERROR - []
2025-09-08 06:22:11,767 - 1505172 - piper.organizer - ERROR - []
2025-09-08 06:22:11,771 - 1505172 - piper.organizer - ERROR - []
2025-09-08 06:22:11,773 - 1505172 - piper.organizer - ERROR - []
2025-09-08 06:22:11,774 - 1505172 - piper.organizer - ERROR - []
2025-09-08 06:22:11,775 - 1505172 - piper.organizer - ERROR - []
2025-09-08 06:22:11,775 - 1505172 - piper.organizer - ERROR - []
2025-09-08 06:22:11,775 - 1505172 - piper.organizer - ERROR - []
2025-09-08 06:22:11,775 - 1505172 - piper.organizer - ERROR - []
2025-09-08 06:22:11,776 - 1505172 - piper.organizer - ERROR - []
2025-09-08 06:22:11,777 - 1505172 - piper.organizer - ERROR - []
2025-09-08 06:22:11,777 - 1505172 - piper.organizer - ERROR - []
2025-09-08 06:22:11,777 - 1505172 - piper.organizer - ERROR - []
2025-09-08 06:22:11,777 - 1505172 - piper.organizer - ERROR - []
2025-09-08 06:22:11,778 - 1505172 - piper.organizer - ERROR - []
2025-09-08 06:22:11,778 - 1505172 - piper.organizer - ERROR - []
2025-09-08 06:22:11,782 - 1505172 - piper.organizer - ERROR - []
2025-09-08 06:22:11,782 - 1505172 - piper.organizer - ERROR - []
2025-09-08 06:22:11,784 - 1505172 - piper.organizer - ERROR - []
2025-09-08 06:22:11,785 - 1505172 - piper.organizer - ERROR - []
2025-09-08 06:22:11,785 - 1505172 - piper.organizer - ERROR - []
2025-09-08 06:22:11,785 - 1505172 - piper.organizer - ERROR - []
2025-09-08 06:22:11,786 - 1505172 - piper.organizer - ERROR - []
2025-09-08 06:22:11,786 - 1505172 - piper.organizer - ERROR - []
2025-09-08 06:22:11,786 - 1505172 - piper.organizer - ERROR - []
2025-09-08 06:22:11,786 - 1505172 - piper.organizer - ERROR - []
2025-09-08 06:22:11,787 - 1505172 - piper.organizer - ERROR - []
2025-09-08 06:22:11,787 - 1505172 - piper.organizer - ERROR - []
2025-09-08 06:22:11,791 - 1505172 - piper.organizer - ERROR - []
2025-09-08 06:22:11,791 - 1505172 - piper.organizer - ERROR - []
2025-09-08 06:22:11,791 - 1505172 - piper.organizer - ERROR - []
2025-09-08 06:22:11,792 - 1505172 - piper.organizer - ERROR - []
2025-09-08 06:22:11,793 - 1505172 - piper.organizer - ERROR - []
2025-09-08 06:22:11,794 - 1505172 - piper.organizer - ERROR - []
2025-09-08 06:22:11,794 - 1505172 - piper.organizer - ERROR - []
2025-09-08 06:22:11,794 - 1505172 - piper.organizer - ERROR - []
2025-09-08 06:22:11,794 - 1505172 - piper.organizer - ERROR - []
2025-09-08 06:22:11,796 - 1505172 - piper.organizer - ERROR - []
2025-09-08 06:22:11,796 - 1505172 - piper.organizer - ERROR - []
2025-09-08 06:22:11,796 - 1505172 - piper.organizer - ERROR - []
2025-09-08 06:22:11,797 - 1505172 - piper.organizer - ERROR - []
2025-09-08 06:22:11,797 - 1505172 - piper.organizer - ERROR - []
2025-09-08 06:22:11,798 - 1505172 - piper.organizer - ERROR - []
2025-09-08 06:22:11,798 - 1505172 - piper.organizer - ERROR - []
2025-09-08 06:22:11,798 - 1505172 - piper.organizer - ERROR - []
2025-09-08 06:22:11,799 - 1505172 - piper.organizer - ERROR - []
2025-09-08 06:22:11,799 - 1505172 - piper.organizer - ERROR - []
2025-09-08 06:22:11,799 - 1505172 - piper.organizer - ERROR - []
2025-09-08 06:22:11,800 - 1505172 - piper.organizer - ERROR - []
2025-09-08 06:22:11,800 - 1505172 - piper.organizer - ERROR - []
2025-09-08 06:22:11,800 - 1505172 - piper.organizer - ERROR - []
2025-09-08 06:22:11,800 - 1505172 - piper.organizer - ERROR - []
2025-09-08 06:22:11,801 - 1505172 - piper.organizer - ERROR - []
2025-09-08 06:22:11,801 - 1505172 - piper.organizer - ERROR - []
2025-09-08 06:22:11,801 - 1505172 - piper.organizer - ERROR - []
2025-09-08 06:22:11,802 - 1505172 - piper.organizer - ERROR - []
2025-09-08 06:22:11,802 - 1505172 - piper.organizer - ERROR - []
2025-09-08 06:22:11,802 - 1505172 - piper.organizer - ERROR - []
2025-09-08 06:22:11,803 - 1505172 - piper.organizer - ERROR - []
2025-09-08 06:22:11,804 - 1505172 - piper.organizer - ERROR - []
2025-09-08 06:22:11,804 - 1505172 - piper.organizer - ERROR - []
2025-09-08 06:22:11,804 - 1505172 - piper.organizer - ERROR - []
2025-09-08 06:22:11,805 - 1505172 - piper.organizer - ERROR - []
2025-09-08 06:22:11,805 - 1505172 - piper.organizer - ERROR - []
2025-09-08 06:22:11,806 - 1505172 - piper.organizer - ERROR - []
2025-09-08 06:22:11,806 - 1505172 - piper.organizer - ERROR - []
2025-09-08 06:22:11,806 - 1505172 - piper.organizer - ERROR - []
2025-09-08 06:22:11,806 - 1505172 - piper.organizer - ERROR - []
2025-09-08 06:22:11,812 - 1505172 - piper.organizer - ERROR - []
2025-09-08 06:22:11,813 - 1505172 - piper.organizer - ERROR - []
2025-09-08 06:22:11,814 - 1505172 - piper.organizer - ERROR - []
2025-09-08 06:22:11,815 - 1505172 - piper.organizer - ERROR - []
2025-09-08 06:22:11,815 - 1505172 - piper.organizer - ERROR - []
2025-09-08 06:22:11,815 - 1505172 - piper.organizer - ERROR - []
2025-09-08 06:22:11,815 - 1505172 - piper.organizer - ERROR - []
2025-09-08 06:22:11,815 - 1505172 - piper.organizer - ERROR - []
2025-09-08 06:22:11,819 - 1505172 - piper.organizer - ERROR - []
2025-09-08 06:22:11,820 - 1505172 - piper.organizer - ERROR - []
2025-09-08 06:22:11,820 - 1505172 - piper.organizer - ERROR - []
2025-09-08 06:22:11,821 - 1505172 - piper.organizer - ERROR - []
2025-09-08 06:22:11,822 - 1505172 - piper.organizer - ERROR - []
2025-09-08 06:22:11,823 - 1505172 - piper.organizer - ERROR - []
2025-09-08 06:22:11,824 - 1505172 - piper.organizer - ERROR - []
2025-09-08 06:22:11,824 - 1505172 - piper.organizer - ERROR - []
2025-09-08 06:22:11,824 - 1505172 - piper.organizer - ERROR - []
2025-09-08 06:22:11,824 - 1505172 - piper.organizer - ERROR - []
2025-09-08 06:22:11,825 - 1505172 - piper.organizer - ERROR - []
2025-09-08 06:22:11,825 - 1505172 - piper.organizer - ERROR - []
2025-09-08 06:22:11,825 - 1505172 - piper.organizer - ERROR - []
2025-09-08 06:22:11,825 - 1505172 - piper.organizer - ERROR - []
2025-09-08 06:22:11,827 - 1505172 - piper.organizer - ERROR - []
2025-09-08 06:22:11,827 - 1505172 - piper.organizer - ERROR - []
2025-09-08 06:22:11,827 - 1505172 - piper.organizer - ERROR - []
2025-09-08 06:22:11,828 - 1505172 - piper.organizer - ERROR - []
2025-09-08 06:22:11,829 - 1505172 - piper.organizer - ERROR - []
2025-09-08 06:22:11,829 - 1505172 - piper.organizer - ERROR - []
2025-09-08 06:22:11,830 - 1505172 - piper.organizer - ERROR - []
2025-09-08 06:22:11,830 - 1505172 - piper.organizer - ERROR - []
2025-09-08 06:22:11,830 - 1505172 - piper.organizer - ERROR - []
2025-09-08 06:22:11,832 - 1505172 - piper.organizer - ERROR - []
2025-09-08 06:22:11,832 - 1505172 - piper.organizer - ERROR - []
2025-09-08 06:22:11,832 - 1505172 - piper.organizer - ERROR - []
2025-09-08 06:22:11,833 - 1505172 - piper.organizer - ERROR - []
2025-09-08 06:22:11,833 - 1505172 - piper.organizer - ERROR - []
2025-09-08 06:22:11,833 - 1505172 - piper.organizer - ERROR - []
2025-09-08 06:22:11,834 - 1505172 - piper.organizer - ERROR - []
2025-09-08 06:22:11,835 - 1505172 - piper.organizer - ERROR - []
2025-09-08 06:22:11,835 - 1505172 - piper.organizer - ERROR - []
2025-09-08 06:22:11,835 - 1505172 - piper.organizer - ERROR - []
2025-09-08 06:22:11,836 - 1505172 - piper.organizer - ERROR - []
2025-09-08 06:22:11,836 - 1505172 - piper.organizer - ERROR - []
2025-09-08 06:22:11,836 - 1505172 - piper.organizer - ERROR - []
2025-09-08 06:22:11,837 - 1505172 - piper.organizer - ERROR - []
2025-09-08 06:22:11,837 - 1505172 - piper.organizer - ERROR - []
2025-09-08 06:22:11,838 - 1505172 - piper.organizer - ERROR - []
2025-09-08 06:22:11,838 - 1505172 - piper.organizer - ERROR - []
2025-09-08 06:22:11,838 - 1505172 - piper.organizer - ERROR - []
2025-09-08 06:22:11,839 - 1505172 - piper.organizer - ERROR - []
2025-09-08 06:22:11,839 - 1505172 - piper.organizer - ERROR - []
2025-09-08 06:22:11,839 - 1505172 - piper.organizer - ERROR - []
2025-09-08 06:22:11,840 - 1505172 - piper.organizer - ERROR - []
2025-09-08 06:22:11,840 - 1505172 - piper.organizer - ERROR - []
2025-09-08 06:22:11,840 - 1505172 - piper.organizer - ERROR - []
2025-09-08 06:22:11,841 - 1505172 - piper.organizer - ERROR - []
2025-09-08 06:22:11,842 - 1505172 - piper.organizer - ERROR - []
2025-09-08 06:22:11,844 - 1505172 - piper.organizer - ERROR - []
2025-09-08 06:22:11,844 - 1505172 - piper.organizer - ERROR - []
2025-09-08 06:22:11,845 - 1505172 - piper.organizer - ERROR - []
2025-09-08 06:22:11,845 - 1505172 - piper.organizer - ERROR - []
2025-09-08 06:22:11,845 - 1505172 - piper.organizer - ERROR - []
2025-09-08 06:22:11,846 - 1505172 - piper.organizer - ERROR - []
2025-09-08 06:22:11,846 - 1505172 - piper.organizer - ERROR - []
2025-09-08 06:22:11,846 - 1505172 - piper.organizer - ERROR - []
2025-09-08 06:22:11,847 - 1505172 - piper.organizer - ERROR - []
2025-09-08 06:22:11,848 - 1505172 - piper.organizer - ERROR - []
2025-09-08 06:22:11,849 - 1505172 - piper.organizer - ERROR - []
2025-09-08 06:22:11,849 - 1505172 - piper.organizer - ERROR - []
2025-09-08 06:22:11,850 - 1505172 - piper.organizer - ERROR - []
2025-09-08 06:22:11,850 - 1505172 - piper.organizer - ERROR - []
2025-09-08 06:22:11,851 - 1505172 - piper.organizer - ERROR - []
2025-09-08 06:22:11,851 - 1505172 - piper.organizer - ERROR - []
2025-09-08 06:22:11,851 - 1505172 - piper.organizer - ERROR - []
2025-09-08 06:22:11,851 - 1505172 - piper.organizer - ERROR - []
2025-09-08 06:22:11,851 - 1505172 - piper.organizer - ERROR - []
2025-09-08 06:22:11,852 - 1505172 - piper.organizer - ERROR - []
2025-09-08 06:22:11,852 - 1505172 - piper.organizer - ERROR - []
2025-09-08 06:22:11,854 - 1505172 - piper.organizer - ERROR - []
2025-09-08 06:22:11,855 - 1505172 - piper.organizer - ERROR - []
2025-09-08 06:22:11,855 - 1505172 - piper.organizer - ERROR - []
2025-09-08 06:22:11,856 - 1505172 - piper.organizer - ERROR - []
2025-09-08 06:22:11,857 - 1505172 - piper.organizer - ERROR - []
2025-09-08 06:22:11,857 - 1505172 - piper.organizer - ERROR - []
2025-09-08 06:22:11,858 - 1505172 - piper.organizer - ERROR - []
2025-09-08 06:22:11,859 - 1505172 - piper.organizer - ERROR - []
2025-09-08 06:22:11,859 - 1505172 - piper.organizer - ERROR - []
2025-09-08 06:22:11,860 - 1505172 - piper.organizer - ERROR - []
2025-09-08 06:22:11,860 - 1505172 - piper.organizer - ERROR - []
2025-09-08 06:22:11,861 - 1505172 - piper.organizer - ERROR - []
2025-09-08 06:22:11,862 - 1505172 - piper.organizer - ERROR - []
2025-09-08 06:22:11,862 - 1505172 - piper.organizer - ERROR - []
2025-09-08 06:22:11,863 - 1505172 - piper.organizer - ERROR - []
2025-09-08 06:22:11,863 - 1505172 - piper.organizer - ERROR - []
2025-09-08 06:22:11,864 - 1505172 - piper.organizer - ERROR - []
2025-09-08 06:22:11,864 - 1505172 - piper.organizer - ERROR - []
2025-09-08 06:22:11,864 - 1505172 - piper.organizer - ERROR - []
2025-09-08 06:22:11,865 - 1505172 - piper.organizer - ERROR - []
2025-09-08 06:22:11,865 - 1505172 - piper.organizer - ERROR - []
2025-09-08 06:22:11,867 - 1505172 - piper.organizer - ERROR - []
2025-09-08 06:22:11,868 - 1505172 - piper.organizer - ERROR - []
2025-09-08 06:22:11,868 - 1505172 - piper.organizer - ERROR - []
2025-09-08 06:22:11,869 - 1505172 - piper.organizer - ERROR - []
2025-09-08 06:22:11,869 - 1505172 - piper.organizer - ERROR - []
2025-09-08 06:22:11,870 - 1505172 - piper.organizer - ERROR - []
2025-09-08 06:22:11,870 - 1505172 - piper.organizer - ERROR - []
2025-09-08 06:22:11,870 - 1505172 - piper.organizer - ERROR - []
2025-09-08 06:22:11,871 - 1505172 - piper.organizer - ERROR - []
2025-09-08 06:22:11,872 - 1505172 - piper.organizer - ERROR - []
2025-09-08 06:22:11,872 - 1505172 - piper.organizer - ERROR - []
2025-09-08 06:22:11,873 - 1505172 - piper.organizer - ERROR - []
2025-09-08 06:22:11,873 - 1505172 - piper.organizer - ERROR - []
2025-09-08 06:22:11,874 - 1505172 - piper.organizer - ERROR - []
2025-09-08 06:22:11,874 - 1505172 - piper.organizer - ERROR - []
2025-09-08 06:22:11,875 - 1505172 - piper.organizer - ERROR - []
2025-09-08 06:22:11,875 - 1505172 - piper.organizer - ERROR - []
2025-09-08 06:22:11,875 - 1505172 - piper.organizer - ERROR - []
2025-09-08 06:22:11,876 - 1505172 - piper.organizer - ERROR - []
2025-09-08 06:22:11,882 - 1505172 - piper.organizer - ERROR - []
2025-09-08 06:22:11,889 - 1505172 - piper.organizer - ERROR - []
2025-09-08 06:22:11,890 - 1505172 - piper.organizer - ERROR - []
2025-09-08 06:22:11,890 - 1505172 - piper.organizer - ERROR - []
2025-09-08 06:22:11,891 - 1505172 - piper.organizer - ERROR - []
2025-09-08 06:22:11,891 - 1505172 - piper.organizer - ERROR - []
2025-09-08 06:22:11,909 - 1505172 - piper.organizer - ERROR - []
2025-09-08 06:22:11,910 - 1505172 - piper.organizer - ERROR - []
2025-09-08 06:22:11,910 - 1505172 - piper.organizer - ERROR - []
2025-09-08 06:22:11,912 - 1505172 - piper.organizer - ERROR - []
2025-09-08 06:22:11,912 - 1505172 - piper.organizer - ERROR - []
2025-09-08 06:22:11,913 - 1505172 - piper.organizer - ERROR - []
2025-09-08 06:22:11,913 - 1505172 - piper.organizer - ERROR - []
2025-09-08 06:22:11,913 - 1505172 - piper.organizer - ERROR - []
2025-09-08 06:22:11,913 - 1505172 - piper.organizer - ERROR - []
2025-09-08 06:22:11,914 - 1505172 - piper.organizer - ERROR - []
2025-09-08 06:22:11,914 - 1505172 - piper.organizer - ERROR - []
2025-09-08 06:22:11,914 - 1505172 - piper.organizer - ERROR - []
2025-09-08 06:22:11,915 - 1505172 - piper.organizer - ERROR - []
2025-09-08 06:22:11,915 - 1505172 - piper.organizer - ERROR - []
2025-09-08 06:22:11,916 - 1505172 - piper.organizer - ERROR - []
2025-09-08 06:22:11,916 - 1505172 - piper.organizer - ERROR - []
2025-09-08 06:22:11,916 - 1505172 - piper.organizer - ERROR - []
2025-09-08 06:22:11,917 - 1505172 - piper.organizer - ERROR - []
2025-09-08 06:22:11,918 - 1505172 - piper.organizer - ERROR - []
2025-09-08 06:22:11,918 - 1505172 - piper.organizer - ERROR - []
2025-09-08 06:22:11,919 - 1505172 - piper.organizer - ERROR - []
2025-09-08 06:22:11,919 - 1505172 - piper.organizer - ERROR - []
2025-09-08 06:22:11,920 - 1505172 - piper.organizer - ERROR - []
2025-09-08 06:22:11,920 - 1505172 - piper.organizer - ERROR - []
2025-09-08 06:22:11,920 - 1505172 - piper.organizer - ERROR - []
2025-09-08 06:22:11,921 - 1505172 - piper.organizer - ERROR - []
2025-09-08 06:22:11,921 - 1505172 - piper.organizer - ERROR - []
2025-09-08 06:22:11,923 - 1505172 - piper.organizer - ERROR - []
2025-09-08 06:22:11,924 - 1505172 - piper.organizer - ERROR - []
2025-09-08 06:22:11,924 - 1505172 - piper.organizer - ERROR - []
2025-09-08 06:22:11,924 - 1505172 - piper.organizer - ERROR - []
2025-09-08 06:22:11,924 - 1505172 - piper.organizer - ERROR - []
2025-09-08 06:22:11,927 - 1505172 - piper.organizer - ERROR - []
2025-09-08 06:22:11,928 - 1505172 - piper.organizer - ERROR - []
2025-09-08 06:22:11,928 - 1505172 - piper.organizer - ERROR - []
2025-09-08 06:22:11,929 - 1505172 - piper.organizer - ERROR - []
2025-09-08 06:22:11,929 - 1505172 - piper.organizer - ERROR - []
2025-09-08 06:22:11,937 - 1505172 - piper.organizer - ERROR - []
2025-09-08 06:22:11,939 - 1505172 - piper.organizer - ERROR - []
2025-09-08 06:22:11,939 - 1505172 - piper.organizer - ERROR - []
2025-09-08 06:22:11,939 - 1505172 - piper.organizer - ERROR - []
2025-09-08 06:22:11,956 - 1505172 - piper.organizer - ERROR - []
2025-09-08 06:22:11,960 - 1505172 - piper.organizer - ERROR - []
2025-09-08 06:22:11,960 - 1505172 - piper.organizer - ERROR - []
2025-09-08 06:22:11,960 - 1505172 - piper.organizer - ERROR - []
2025-09-08 06:22:11,961 - 1505172 - piper.organizer - ERROR - []
2025-09-08 06:22:11,961 - 1505172 - piper.organizer - ERROR - []
2025-09-08 06:22:11,961 - 1505172 - piper.organizer - ERROR - []
2025-09-08 06:22:11,964 - 1505172 - piper.organizer - ERROR - []
2025-09-08 06:22:11,964 - 1505172 - piper.organizer - ERROR - []
2025-09-08 06:22:11,968 - 1505172 - piper.organizer - ERROR - []
2025-09-08 06:22:11,981 - 1505172 - piper.organizer - ERROR - []
2025-09-08 06:22:11,981 - 1505172 - piper.organizer - ERROR - []
2025-09-08 06:22:11,982 - 1505172 - piper.organizer - ERROR - []
2025-09-08 06:22:11,982 - 1505172 - piper.organizer - ERROR - []
2025-09-08 06:22:11,983 - 1505172 - piper.organizer - ERROR - []
2025-09-08 06:22:11,984 - 1505172 - piper.organizer - ERROR - []
2025-09-08 06:22:11,984 - 1505172 - piper.organizer - ERROR - []
2025-09-08 06:22:11,984 - 1505172 - piper.organizer - ERROR - []
2025-09-08 06:22:11,984 - 1505172 - piper.organizer - ERROR - []
2025-09-08 06:22:11,984 - 1505172 - piper.organizer - ERROR - []
2025-09-08 06:22:11,984 - 1505172 - piper.organizer - ERROR - []
2025-09-08 06:22:11,987 - 1505172 - piper.organizer - ERROR - []
2025-09-08 06:22:11,987 - 1505172 - piper.organizer - ERROR - []
2025-09-08 06:22:11,988 - 1505172 - piper.organizer - ERROR - []
2025-09-08 06:22:11,988 - 1505172 - piper.organizer - ERROR - []
2025-09-08 06:22:11,989 - 1505172 - piper.organizer - ERROR - []
2025-09-08 06:22:11,989 - 1505172 - piper.organizer - ERROR - []
2025-09-08 06:22:11,990 - 1505172 - piper.organizer - ERROR - []
2025-09-08 06:22:11,991 - 1505172 - piper.organizer - ERROR - []
2025-09-08 06:22:11,991 - 1505172 - piper.organizer - ERROR - []
2025-09-08 06:22:11,991 - 1505172 - piper.organizer - ERROR - []
2025-09-08 06:22:11,992 - 1505172 - piper.organizer - ERROR - []
2025-09-08 06:22:11,992 - 1505172 - piper.organizer - ERROR - []
2025-09-08 06:22:11,993 - 1505172 - piper.organizer - ERROR - []
2025-09-08 06:22:11,994 - 1505172 - piper.organizer - ERROR - []
2025-09-08 06:22:11,994 - 1505172 - piper.organizer - ERROR - []
2025-09-08 06:22:11,994 - 1505172 - piper.organizer - ERROR - []
2025-09-08 06:22:11,994 - 1505172 - piper.organizer - ERROR - []
2025-09-08 06:22:11,994 - 1505172 - piper.organizer - ERROR - []
2025-09-08 06:22:11,994 - 1505172 - piper.organizer - ERROR - []
2025-09-08 06:22:11,994 - 1505172 - piper.organizer - ERROR - []
2025-09-08 06:22:11,994 - 1505172 - piper.organizer - ERROR - []
2025-09-08 06:22:11,994 - 1505172 - piper.organizer - ERROR - []
2025-09-08 06:22:11,997 - 1505172 - piper.organizer - ERROR - []
2025-09-08 06:22:11,999 - 1505172 - piper.organizer - ERROR - []
2025-09-08 06:22:12,011 - 1505172 - piper.organizer - ERROR - []
2025-09-08 06:22:12,012 - 1505172 - piper.organizer - ERROR - []
2025-09-08 06:22:12,012 - 1505172 - piper.organizer - ERROR - []
2025-09-08 06:22:12,012 - 1505172 - piper.organizer - ERROR - []
2025-09-08 06:22:12,013 - 1505172 - piper.organizer - ERROR - []
2025-09-08 06:22:12,013 - 1505172 - piper.organizer - ERROR - []
2025-09-08 06:22:12,013 - 1505172 - piper.organizer - ERROR - []
2025-09-08 06:22:12,013 - 1505172 - piper.organizer - ERROR - []
2025-09-08 06:22:12,014 - 1505172 - piper.organizer - ERROR - []
2025-09-08 06:22:12,014 - 1505172 - piper.organizer - ERROR - []
2025-09-08 06:22:12,015 - 1505172 - piper.organizer - ERROR - []
2025-09-08 06:22:12,015 - 1505172 - piper.organizer - ERROR - []
2025-09-08 06:22:12,015 - 1505172 - piper.organizer - ERROR - []
2025-09-08 06:22:12,016 - 1505172 - piper.organizer - ERROR - []
2025-09-08 06:22:12,016 - 1505172 - piper.organizer - ERROR - []
2025-09-08 06:22:12,016 - 1505172 - piper.organizer - ERROR - []
2025-09-08 06:22:12,017 - 1505172 - piper.organizer - ERROR - []
2025-09-08 06:22:12,017 - 1505172 - piper.organizer - ERROR - []
2025-09-08 06:22:12,017 - 1505172 - piper.organizer - ERROR - []
2025-09-08 06:22:12,017 - 1505172 - piper.organizer - ERROR - []
2025-09-08 06:22:12,018 - 1505172 - piper.organizer - ERROR - []
2025-09-08 06:22:12,018 - 1505172 - piper.organizer - ERROR - []
2025-09-08 06:22:12,019 - 1505172 - piper.organizer - ERROR - []
2025-09-08 06:22:12,019 - 1505172 - piper.organizer - ERROR - []
2025-09-08 06:22:12,019 - 1505172 - piper.organizer - ERROR - []
2025-09-08 06:22:12,020 - 1505172 - piper.organizer - ERROR - []
2025-09-08 06:22:12,020 - 1505172 - piper.organizer - ERROR - []
2025-09-08 06:22:12,020 - 1505172 - piper.organizer - ERROR - []
2025-09-08 06:22:12,020 - 1505172 - piper.organizer - ERROR - []
2025-09-08 06:22:12,020 - 1505172 - piper.organizer - ERROR - []
2025-09-08 06:22:12,023 - 1505172 - piper.organizer - ERROR - []
2025-09-08 06:22:12,023 - 1505172 - piper.organizer - ERROR - []
2025-09-08 06:22:12,024 - 1505172 - piper.organizer - ERROR - []
2025-09-08 06:22:12,024 - 1505172 - piper.organizer - ERROR - []
2025-09-08 06:22:12,024 - 1505172 - piper.organizer - ERROR - []
2025-09-08 06:22:12,024 - 1505172 - piper.organizer - ERROR - []
2025-09-08 06:22:12,025 - 1505172 - piper.organizer - ERROR - []
2025-09-08 06:22:12,025 - 1505172 - piper.organizer - ERROR - []
2025-09-08 06:22:12,025 - 1505172 - piper.organizer - ERROR - []
2025-09-08 06:22:12,026 - 1505172 - piper.organizer - ERROR - []
2025-09-08 06:22:12,029 - 1505172 - piper.organizer - ERROR - []
2025-09-08 06:22:12,029 - 1505172 - piper.organizer - ERROR - []
2025-09-08 06:22:12,030 - 1505172 - piper.organizer - ERROR - []
2025-09-08 06:22:12,030 - 1505172 - piper.organizer - ERROR - []
2025-09-08 06:22:12,030 - 1505172 - piper.organizer - ERROR - []
2025-09-08 06:22:12,031 - 1505172 - piper.organizer - ERROR - []
2025-09-08 06:22:12,031 - 1505172 - piper.organizer - ERROR - []
2025-09-08 06:22:12,031 - 1505172 - piper.organizer - ERROR - []
2025-09-08 06:22:12,032 - 1505172 - piper.organizer - ERROR - []
2025-09-08 06:22:12,032 - 1505172 - piper.organizer - ERROR - []
2025-09-08 06:22:12,033 - 1505172 - piper.organizer - ERROR - []
2025-09-08 06:22:12,033 - 1505172 - piper.organizer - ERROR - []
2025-09-08 06:22:12,034 - 1505172 - piper.organizer - ERROR - []
2025-09-08 06:22:12,034 - 1505172 - piper.organizer - ERROR - []
2025-09-08 06:22:12,034 - 1505172 - piper.organizer - ERROR - []
2025-09-08 06:22:12,035 - 1505172 - piper.organizer - ERROR - []
2025-09-08 06:22:12,035 - 1505172 - piper.organizer - ERROR - []
2025-09-08 06:22:12,035 - 1505172 - piper.organizer - ERROR - []
2025-09-08 06:22:12,036 - 1505172 - piper.organizer - ERROR - []
2025-09-08 06:22:12,036 - 1505172 - piper.organizer - ERROR - []
2025-09-08 06:22:12,039 - 1505172 - piper.organizer - ERROR - []
2025-09-08 06:22:12,039 - 1505172 - piper.organizer - ERROR - []
2025-09-08 06:22:12,040 - 1505172 - piper.organizer - ERROR - []
2025-09-08 06:22:12,040 - 1505172 - piper.organizer - ERROR - []
2025-09-08 06:22:12,040 - 1505172 - piper.organizer - ERROR - []
2025-09-08 06:22:12,040 - 1505172 - piper.organizer - ERROR - []
2025-09-08 06:22:12,041 - 1505172 - piper.organizer - ERROR - []
2025-09-08 06:22:12,041 - 1505172 - piper.organizer - ERROR - []
2025-09-08 06:22:12,042 - 1505172 - piper.organizer - ERROR - []
2025-09-08 06:22:12,042 - 1505172 - piper.organizer - ERROR - []
2025-09-08 06:22:12,042 - 1505172 - piper.organizer - ERROR - []
2025-09-08 06:22:12,043 - 1505172 - piper.organizer - ERROR - []
2025-09-08 06:22:12,043 - 1505172 - piper.organizer - ERROR - []
2025-09-08 06:22:12,043 - 1505172 - piper.organizer - ERROR - []
2025-09-08 06:22:12,044 - 1505172 - piper.organizer - ERROR - []
2025-09-08 06:22:12,044 - 1505172 - piper.organizer - ERROR - []
2025-09-08 06:22:12,044 - 1505172 - piper.organizer - ERROR - []
2025-09-08 06:22:12,045 - 1505172 - piper.organizer - ERROR - []
2025-09-08 06:22:12,045 - 1505172 - piper.organizer - ERROR - []
2025-09-08 06:22:12,045 - 1505172 - piper.organizer - ERROR - []
2025-09-08 06:22:12,046 - 1505172 - piper.organizer - ERROR - []
2025-09-08 06:22:12,047 - 1505172 - piper.organizer - ERROR - []
2025-09-08 06:22:12,047 - 1505172 - piper.organizer - ERROR - []
2025-09-08 06:22:12,047 - 1505172 - piper.organizer - ERROR - []
2025-09-08 06:22:12,047 - 1505172 - piper.organizer - ERROR - []
2025-09-08 06:22:12,048 - 1505172 - piper.organizer - ERROR - []
2025-09-08 06:22:12,049 - 1505172 - piper.organizer - ERROR - []
2025-09-08 06:22:12,049 - 1505172 - piper.organizer - ERROR - []
2025-09-08 06:22:12,049 - 1505172 - piper.organizer - ERROR - []
2025-09-08 06:22:12,050 - 1505172 - piper.organizer - ERROR - []
2025-09-08 06:22:12,050 - 1505172 - piper.organizer - ERROR - []
2025-09-08 06:22:12,050 - 1505172 - piper.organizer - ERROR - []
2025-09-08 06:22:12,052 - 1505172 - piper.organizer - ERROR - []
2025-09-08 06:22:12,052 - 1505172 - piper.organizer - ERROR - []
2025-09-08 06:22:12,052 - 1505172 - piper.organizer - ERROR - []
2025-09-08 06:22:12,053 - 1505172 - piper.organizer - ERROR - []
2025-09-08 06:22:12,053 - 1505172 - piper.organizer - ERROR - []
2025-09-08 06:22:12,054 - 1505172 - piper.organizer - ERROR - []
2025-09-08 06:22:12,054 - 1505172 - piper.organizer - ERROR - []
2025-09-08 06:22:12,054 - 1505172 - piper.organizer - ERROR - []
2025-09-08 06:22:12,055 - 1505172 - piper.organizer - ERROR - []
2025-09-08 06:22:12,055 - 1505172 - piper.organizer - ERROR - []
2025-09-08 06:22:12,055 - 1505172 - piper.organizer - ERROR - []
2025-09-08 06:22:12,056 - 1505172 - piper.organizer - ERROR - []
2025-09-08 06:22:12,056 - 1505172 - piper.organizer - ERROR - []
2025-09-08 06:22:12,057 - 1505172 - piper.organizer - ERROR - []
2025-09-08 06:22:12,057 - 1505172 - piper.organizer - ERROR - []
2025-09-08 06:22:12,057 - 1505172 - piper.organizer - ERROR - []
2025-09-08 06:22:12,058 - 1505172 - piper.organizer - ERROR - []
2025-09-08 06:22:12,058 - 1505172 - piper.organizer - ERROR - []
2025-09-08 06:22:12,058 - 1505172 - piper.organizer - ERROR - []
2025-09-08 06:22:12,059 - 1505172 - piper.organizer - ERROR - []
2025-09-08 06:22:12,059 - 1505172 - piper.organizer - ERROR - []
2025-09-08 06:22:12,060 - 1505172 - piper.organizer - ERROR - []
2025-09-08 06:22:12,060 - 1505172 - piper.organizer - ERROR - []
2025-09-08 06:22:12,060 - 1505172 - piper.organizer - ERROR - []
2025-09-08 06:22:12,061 - 1505172 - piper.organizer - ERROR - []
2025-09-08 06:22:12,062 - 1505172 - piper.organizer - ERROR - []
2025-09-08 06:22:12,063 - 1505172 - piper.organizer - ERROR - []
2025-09-08 06:22:12,064 - 1505172 - piper.organizer - ERROR - []
2025-09-08 06:22:12,064 - 1505172 - piper.organizer - ERROR - []
2025-09-08 06:22:12,066 - 1505172 - piper.organizer - ERROR - []
2025-09-08 06:22:12,066 - 1505172 - piper.organizer - ERROR - []
2025-09-08 06:22:12,066 - 1505172 - piper.organizer - ERROR - []
2025-09-08 06:22:12,066 - 1505172 - piper.organizer - ERROR - []
2025-09-08 06:22:12,067 - 1505172 - piper.organizer - ERROR - []
2025-09-08 06:22:12,067 - 1505172 - piper.organizer - ERROR - []
2025-09-08 06:22:12,068 - 1505172 - piper.organizer - ERROR - []
2025-09-08 06:22:12,068 - 1505172 - piper.organizer - ERROR - []
2025-09-08 06:22:12,068 - 1505172 - piper.organizer - ERROR - []
2025-09-08 06:22:12,069 - 1505172 - piper.organizer - ERROR - []
2025-09-08 06:22:12,069 - 1505172 - piper.organizer - ERROR - []
2025-09-08 06:22:12,069 - 1505172 - piper.organizer - ERROR - []
2025-09-08 06:22:12,070 - 1505172 - piper.organizer - ERROR - []
2025-09-08 06:22:12,070 - 1505172 - piper.organizer - ERROR - []
2025-09-08 06:22:12,071 - 1505172 - piper.organizer - ERROR - []
2025-09-08 06:22:12,071 - 1505172 - piper.organizer - ERROR - []
2025-09-08 06:22:12,071 - 1505172 - piper.organizer - ERROR - []
2025-09-08 06:22:12,072 - 1505172 - piper.organizer - ERROR - []
2025-09-08 06:22:12,072 - 1505172 - piper.organizer - ERROR - []
2025-09-08 06:22:12,072 - 1505172 - piper.organizer - ERROR - []
2025-09-08 06:22:12,073 - 1505172 - piper.organizer - ERROR - []
2025-09-08 06:22:12,073 - 1505172 - piper.organizer - ERROR - []
2025-09-08 06:22:12,073 - 1505172 - piper.organizer - ERROR - []
2025-09-08 06:22:12,075 - 1505172 - piper.organizer - ERROR - []
2025-09-08 06:22:12,075 - 1505172 - piper.organizer - ERROR - []
2025-09-08 06:22:12,077 - 1505172 - piper.organizer - ERROR - []
2025-09-08 06:22:12,077 - 1505172 - piper.organizer - ERROR - []
2025-09-08 06:22:12,077 - 1505172 - piper.organizer - ERROR - []
2025-09-08 06:22:12,077 - 1505172 - piper.organizer - ERROR - []
2025-09-08 06:22:12,079 - 1505172 - piper.organizer - ERROR - []
2025-09-08 06:22:12,079 - 1505172 - piper.organizer - ERROR - []
2025-09-08 06:22:12,080 - 1505172 - piper.organizer - ERROR - []
2025-09-08 06:22:12,080 - 1505172 - piper.organizer - ERROR - []
2025-09-08 06:22:12,081 - 1505172 - piper.organizer - ERROR - []
2025-09-08 06:22:12,081 - 1505172 - piper.organizer - ERROR - []
2025-09-08 06:22:12,082 - 1505172 - piper.organizer - ERROR - []
2025-09-08 06:22:12,082 - 1505172 - piper.organizer - ERROR - []
2025-09-08 06:22:12,083 - 1505172 - piper.organizer - ERROR - []
2025-09-08 06:22:12,083 - 1505172 - piper.organizer - ERROR - []
2025-09-08 06:22:12,083 - 1505172 - piper.organizer - ERROR - []
2025-09-08 06:22:12,084 - 1505172 - piper.organizer - ERROR - []
2025-09-08 06:22:12,084 - 1505172 - piper.organizer - ERROR - []
2025-09-08 06:22:12,085 - 1505172 - piper.organizer - ERROR - []
2025-09-08 06:22:12,085 - 1505172 - piper.organizer - ERROR - []
2025-09-08 06:22:12,086 - 1505172 - piper.organizer - ERROR - []
2025-09-08 06:22:12,086 - 1505172 - piper.organizer - ERROR - []
2025-09-08 06:22:12,086 - 1505172 - piper.organizer - ERROR - []
2025-09-08 06:22:12,087 - 1505172 - piper.organizer - ERROR - []
2025-09-08 06:22:12,087 - 1505172 - piper.organizer - ERROR - []
2025-09-08 06:22:12,088 - 1505172 - piper.organizer - ERROR - []
2025-09-08 06:22:12,088 - 1505172 - piper.organizer - ERROR - []
2025-09-08 06:22:12,089 - 1505172 - piper.organizer - ERROR - []
2025-09-08 06:22:12,089 - 1505172 - piper.organizer - ERROR - []
2025-09-08 06:22:12,089 - 1505172 - piper.organizer - ERROR - []
2025-09-08 06:22:12,092 - 1505172 - piper.organizer - ERROR - []
2025-09-08 06:22:12,092 - 1505172 - piper.organizer - ERROR - []
2025-09-08 06:22:12,093 - 1505172 - piper.organizer - ERROR - []
2025-09-08 06:22:12,093 - 1505172 - piper.organizer - ERROR - []
2025-09-08 06:22:12,093 - 1505172 - piper.organizer - ERROR - []
2025-09-08 06:22:12,093 - 1505172 - piper.organizer - ERROR - []
2025-09-08 06:22:12,095 - 1505172 - piper.organizer - ERROR - []
2025-09-08 06:22:12,095 - 1505172 - piper.organizer - ERROR - []
2025-09-08 06:22:12,097 - 1505172 - piper.organizer - ERROR - []
2025-09-08 06:22:12,097 - 1505172 - piper.organizer - ERROR - []
2025-09-08 06:22:12,098 - 1505172 - piper.organizer - ERROR - []
2025-09-08 06:22:12,098 - 1505172 - piper.organizer - ERROR - []
2025-09-08 06:22:12,100 - 1505172 - piper.organizer - ERROR - []
2025-09-08 06:22:12,100 - 1505172 - piper.organizer - ERROR - []
2025-09-08 06:22:12,101 - 1505172 - piper.organizer - ERROR - []
2025-09-08 06:22:12,101 - 1505172 - piper.organizer - ERROR - []
2025-09-08 06:22:12,101 - 1505172 - piper.organizer - ERROR - []
2025-09-08 06:22:12,102 - 1505172 - piper.organizer - ERROR - []
2025-09-08 06:22:12,103 - 1505172 - piper.organizer - ERROR - []
2025-09-08 06:22:12,103 - 1505172 - piper.organizer - ERROR - []
2025-09-08 06:22:12,104 - 1505172 - piper.organizer - ERROR - []
2025-09-08 06:22:12,104 - 1505172 - piper.organizer - ERROR - []
2025-09-08 06:22:12,105 - 1505172 - piper.organizer - ERROR - []
2025-09-08 06:22:12,105 - 1505172 - piper.organizer - ERROR - []
2025-09-08 06:22:12,106 - 1505172 - piper.organizer - ERROR - []
2025-09-08 06:22:12,106 - 1505172 - piper.organizer - ERROR - []
2025-09-08 06:22:12,108 - 1505172 - piper.organizer - ERROR - []
2025-09-08 06:22:12,108 - 1505172 - piper.organizer - ERROR - []
2025-09-08 06:22:12,109 - 1505172 - piper.organizer - ERROR - []
2025-09-08 06:22:12,109 - 1505172 - piper.organizer - ERROR - []
2025-09-08 06:22:12,109 - 1505172 - piper.organizer - ERROR - []
2025-09-08 06:22:12,110 - 1505172 - piper.organizer - ERROR - []
2025-09-08 06:22:12,111 - 1505172 - piper.organizer - ERROR - []
2025-09-08 06:22:12,111 - 1505172 - piper.organizer - ERROR - []
2025-09-08 06:22:12,112 - 1505172 - piper.organizer - ERROR - []
2025-09-08 06:22:12,113 - 1505172 - piper.organizer - ERROR - []
2025-09-08 06:22:12,113 - 1505172 - piper.organizer - ERROR - []
2025-09-08 06:22:12,113 - 1505172 - piper.organizer - ERROR - []
2025-09-08 06:22:12,115 - 1505172 - piper.organizer - ERROR - []
2025-09-08 06:22:12,116 - 1505172 - piper.organizer - ERROR - []
2025-09-08 06:22:12,116 - 1505172 - piper.organizer - ERROR - []
2025-09-08 06:22:12,118 - 1505172 - piper.organizer - ERROR - []
2025-09-08 06:22:12,119 - 1505172 - piper.organizer - ERROR - []
2025-09-08 06:22:12,119 - 1505172 - piper.organizer - ERROR - []
2025-09-08 06:22:12,120 - 1505172 - piper.organizer - ERROR - []
2025-09-08 06:22:12,121 - 1505172 - piper.organizer - ERROR - []
2025-09-08 06:22:12,121 - 1505172 - piper.organizer - ERROR - []
2025-09-08 06:22:12,122 - 1505172 - piper.organizer - ERROR - []
2025-09-08 06:22:12,122 - 1505172 - piper.organizer - ERROR - []
2025-09-08 06:22:12,124 - 1505172 - piper.organizer - ERROR - []
2025-09-08 06:22:12,124 - 1505172 - piper.organizer - ERROR - []
2025-09-08 06:22:12,124 - 1505172 - piper.organizer - ERROR - []
2025-09-08 06:22:12,126 - 1505172 - piper.organizer - ERROR - []
2025-09-08 06:22:12,126 - 1505172 - piper.organizer - ERROR - []
2025-09-08 06:22:12,127 - 1505172 - piper.organizer - ERROR - []
2025-09-08 06:22:12,127 - 1505172 - piper.organizer - ERROR - []
2025-09-08 06:22:12,127 - 1505172 - piper.organizer - ERROR - []
2025-09-08 06:22:12,129 - 1505172 - piper.organizer - ERROR - []
2025-09-08 06:22:12,129 - 1505172 - piper.organizer - ERROR - []
2025-09-08 06:22:12,130 - 1505172 - piper.organizer - ERROR - []
2025-09-08 06:22:12,132 - 1505172 - piper.organizer - ERROR - []
2025-09-08 06:22:12,132 - 1505172 - piper.organizer - ERROR - []
2025-09-08 06:22:12,132 - 1505172 - piper.organizer - ERROR - []
2025-09-08 06:22:12,132 - 1505172 - piper.organizer - ERROR - []
2025-09-08 06:22:12,132 - 1505172 - piper.organizer - ERROR - []
2025-09-08 06:22:12,133 - 1505172 - piper.organizer - ERROR - []
2025-09-08 06:22:12,133 - 1505172 - piper.organizer - ERROR - []
2025-09-08 06:22:12,133 - 1505172 - piper.organizer - ERROR - []
2025-09-08 06:22:12,133 - 1505172 - piper.organizer - ERROR - []
2025-09-08 06:22:12,134 - 1505172 - piper.organizer - ERROR - []
2025-09-08 06:22:12,134 - 1505172 - piper.organizer - ERROR - []
2025-09-08 06:22:12,135 - 1505172 - piper.organizer - ERROR - []
2025-09-08 06:22:12,135 - 1505172 - piper.organizer - ERROR - []
2025-09-08 06:22:12,135 - 1505172 - piper.organizer - ERROR - []
2025-09-08 06:22:12,136 - 1505172 - piper.organizer - ERROR - []
2025-09-08 06:22:12,136 - 1505172 - piper.organizer - ERROR - []
2025-09-08 06:22:12,136 - 1505172 - piper.organizer - ERROR - []
2025-09-08 06:22:12,137 - 1505172 - piper.organizer - ERROR - []
2025-09-08 06:22:12,137 - 1505172 - piper.organizer - ERROR - []
2025-09-08 06:22:12,137 - 1505172 - piper.organizer - ERROR - []
2025-09-08 06:22:12,137 - 1505172 - piper.organizer - ERROR - []
2025-09-08 06:22:12,143 - 1505172 - piper.organizer - ERROR - []
2025-09-08 06:22:12,144 - 1505172 - piper.organizer - ERROR - []
2025-09-08 06:22:12,144 - 1505172 - piper.organizer - ERROR - []
2025-09-08 06:22:12,144 - 1505172 - piper.organizer - ERROR - []
2025-09-08 06:22:12,144 - 1505172 - piper.organizer - ERROR - []
2025-09-08 06:22:12,145 - 1505172 - piper.organizer - ERROR - []
2025-09-08 06:22:12,145 - 1505172 - piper.organizer - ERROR - []
2025-09-08 06:22:12,145 - 1505172 - piper.organizer - ERROR - []
2025-09-08 06:22:12,146 - 1505172 - piper.organizer - ERROR - []
2025-09-08 06:22:12,146 - 1505172 - piper.organizer - ERROR - []
2025-09-08 06:22:12,147 - 1505172 - piper.organizer - ERROR - []
2025-09-08 06:22:12,147 - 1505172 - piper.organizer - ERROR - []
2025-09-08 06:22:12,148 - 1505172 - piper.organizer - ERROR - []
2025-09-08 06:22:12,148 - 1505172 - piper.organizer - ERROR - []
2025-09-08 06:22:12,148 - 1505172 - piper.organizer - ERROR - []
2025-09-08 06:22:12,148 - 1505172 - piper.organizer - ERROR - []
2025-09-08 06:22:12,149 - 1505172 - piper.organizer - ERROR - []
2025-09-08 06:22:12,149 - 1505172 - piper.organizer - ERROR - []
2025-09-08 06:22:12,149 - 1505172 - piper.organizer - ERROR - []
2025-09-08 06:22:12,150 - 1505172 - piper.organizer - ERROR - []
2025-09-08 06:22:12,150 - 1505172 - piper.organizer - ERROR - []
2025-09-08 06:22:12,150 - 1505172 - piper.organizer - ERROR - []
2025-09-08 06:22:12,151 - 1505172 - piper.organizer - ERROR - []
2025-09-08 06:22:12,151 - 1505172 - piper.organizer - ERROR - []
2025-09-08 06:22:12,151 - 1505172 - piper.organizer - ERROR - []
2025-09-08 06:22:12,151 - 1505172 - piper.organizer - ERROR - []
2025-09-08 06:22:12,163 - 1505172 - piper.organizer - ERROR - []
2025-09-08 06:22:12,163 - 1505172 - piper.organizer - ERROR - []
2025-09-08 06:22:12,164 - 1505172 - piper.organizer - ERROR - []
2025-09-08 06:22:12,164 - 1505172 - piper.organizer - ERROR - []
2025-09-08 06:22:12,165 - 1505172 - piper.organizer - ERROR - []
2025-09-08 06:22:12,165 - 1505172 - piper.organizer - ERROR - []
2025-09-08 06:22:12,165 - 1505172 - piper.organizer - ERROR - []
2025-09-08 06:22:12,165 - 1505172 - piper.organizer - ERROR - []
2025-09-08 06:22:12,165 - 1505172 - piper.organizer - ERROR - []
2025-09-08 06:22:12,165 - 1505172 - piper.organizer - ERROR - []
2025-09-08 06:22:12,165 - 1505172 - piper.organizer - ERROR - []
2025-09-08 06:22:12,166 - 1505172 - piper.organizer - ERROR - []
2025-09-08 06:22:12,171 - 1505172 - piper.organizer - ERROR - []
2025-09-08 06:22:12,172 - 1505172 - piper.organizer - ERROR - []
2025-09-08 06:22:12,172 - 1505172 - piper.organizer - ERROR - []
2025-09-08 06:22:12,174 - 1505172 - piper.organizer - ERROR - []
2025-09-08 06:22:12,174 - 1505172 - piper.organizer - ERROR - []
2025-09-08 06:22:12,174 - 1505172 - piper.organizer - ERROR - []
2025-09-08 06:22:12,175 - 1505172 - piper.organizer - ERROR - []
2025-09-08 06:22:12,175 - 1505172 - piper.organizer - ERROR - []
2025-09-08 06:22:12,175 - 1505172 - piper.organizer - ERROR - []
2025-09-08 06:22:12,175 - 1505172 - piper.organizer - ERROR - []
2025-09-08 06:22:12,175 - 1505172 - piper.organizer - ERROR - []
2025-09-08 06:22:12,176 - 1505172 - piper.organizer - ERROR - []
2025-09-08 06:22:12,177 - 1505172 - piper.organizer - ERROR - []
2025-09-08 06:22:12,177 - 1505172 - piper.organizer - ERROR - []
2025-09-08 06:22:12,177 - 1505172 - piper.organizer - ERROR - []
2025-09-08 06:22:12,178 - 1505172 - piper.organizer - ERROR - []
2025-09-08 06:22:12,178 - 1505172 - piper.organizer - ERROR - []
2025-09-08 06:22:12,179 - 1505172 - piper.organizer - ERROR - []
2025-09-08 06:22:12,179 - 1505172 - piper.organizer - ERROR - []
2025-09-08 06:22:12,179 - 1505172 - piper.organizer - ERROR - []
2025-09-08 06:22:12,179 - 1505172 - piper.organizer - ERROR - []
2025-09-08 06:22:12,181 - 1505172 - piper.organizer - ERROR - []
2025-09-08 06:22:12,192 - 1505172 - piper.organizer - ERROR - []
2025-09-08 06:22:12,193 - 1505172 - piper.organizer - ERROR - []
2025-09-08 06:22:12,193 - 1505172 - piper.organizer - ERROR - []
2025-09-08 06:22:12,193 - 1505172 - piper.organizer - ERROR - []
2025-09-08 06:22:12,194 - 1505172 - piper.organizer - ERROR - []
2025-09-08 06:22:12,194 - 1505172 - piper.organizer - ERROR - []
2025-09-08 06:22:12,194 - 1505172 - piper.organizer - ERROR - []
2025-09-08 06:22:12,195 - 1505172 - piper.organizer - ERROR - []
2025-09-08 06:22:12,195 - 1505172 - piper.organizer - ERROR - []
2025-09-08 06:22:12,196 - 1505172 - piper.organizer - ERROR - []
2025-09-08 06:22:12,196 - 1505172 - piper.organizer - ERROR - []
2025-09-08 06:22:12,196 - 1505172 - piper.organizer - ERROR - []
2025-09-08 06:22:12,196 - 1505172 - piper.organizer - ERROR - []
2025-09-08 06:22:12,202 - 1505172 - piper.organizer - ERROR - []
2025-09-08 06:22:12,204 - 1505172 - piper.organizer - ERROR - []
2025-09-08 06:22:12,206 - 1505172 - piper.organizer - ERROR - []
2025-09-08 06:22:12,206 - 1505172 - piper.organizer - ERROR - []
2025-09-08 06:22:12,208 - 1505172 - piper.organizer - ERROR - []
2025-09-08 06:22:12,211 - 1505172 - piper.organizer - ERROR - []
2025-09-08 06:22:12,211 - 1505172 - piper.organizer - ERROR - []
2025-09-08 06:22:12,212 - 1505172 - piper.organizer - ERROR - []
2025-09-08 06:22:12,214 - 1505172 - piper.organizer - ERROR - []
2025-09-08 06:22:12,215 - 1505172 - piper.organizer - ERROR - []
2025-09-08 06:22:12,216 - 1505172 - piper.organizer - ERROR - []
2025-09-08 06:22:12,216 - 1505172 - piper.organizer - ERROR - []
2025-09-08 06:22:12,216 - 1505172 - piper.organizer - ERROR - []
2025-09-08 06:22:12,216 - 1505172 - piper.organizer - ERROR - []
2025-09-08 06:22:12,217 - 1505172 - piper.organizer - ERROR - []
2025-09-08 06:22:12,217 - 1505172 - piper.organizer - ERROR - []
2025-09-08 06:22:12,217 - 1505172 - piper.organizer - ERROR - []
2025-09-08 06:22:12,218 - 1505172 - piper.organizer - ERROR - []
2025-09-08 06:22:12,218 - 1505172 - piper.organizer - ERROR - []
2025-09-08 06:22:12,218 - 1505172 - piper.organizer - ERROR - []
2025-09-08 06:22:12,218 - 1505172 - piper.organizer - ERROR - []
2025-09-08 06:22:12,219 - 1505172 - piper.organizer - ERROR - []
2025-09-08 06:22:12,219 - 1505172 - piper.organizer - ERROR - []
2025-09-08 06:22:12,219 - 1505172 - piper.organizer - ERROR - []
2025-09-08 06:22:12,219 - 1505172 - piper.organizer - ERROR - []
2025-09-08 06:22:12,219 - 1505172 - piper.organizer - ERROR - []
2025-09-08 06:22:12,220 - 1505172 - piper.organizer - ERROR - []
2025-09-08 06:22:12,220 - 1505172 - piper.organizer - ERROR - []
2025-09-08 06:22:12,221 - 1505172 - piper.organizer - ERROR - []
2025-09-08 06:22:12,221 - 1505172 - piper.organizer - ERROR - []
2025-09-08 06:22:12,221 - 1505172 - piper.organizer - ERROR - []
2025-09-08 06:22:12,221 - 1505172 - piper.organizer - ERROR - []
2025-09-08 06:22:12,221 - 1505172 - piper.organizer - ERROR - []
2025-09-08 06:22:12,224 - 1505172 - piper.organizer - ERROR - []
2025-09-08 06:22:12,224 - 1505172 - piper.organizer - ERROR - []
2025-09-08 06:22:12,224 - 1505172 - piper.organizer - ERROR - []
2025-09-08 06:22:12,225 - 1505172 - piper.organizer - ERROR - []
2025-09-08 06:22:12,231 - 1505172 - piper.organizer - ERROR - []
2025-09-08 06:22:12,233 - 1505172 - piper.organizer - ERROR - []
2025-09-08 06:22:12,245 - 1505172 - piper.organizer - ERROR - []
2025-09-08 06:22:12,245 - 1505172 - piper.organizer - ERROR - []
2025-09-08 06:22:12,246 - 1505172 - piper.organizer - ERROR - []
2025-09-08 06:22:12,254 - 1505172 - piper.organizer - ERROR - []
2025-09-08 06:22:12,254 - 1505172 - piper.organizer - ERROR - []
2025-09-08 06:22:12,255 - 1505172 - piper.organizer - ERROR - []
2025-09-08 06:22:12,255 - 1505172 - piper.organizer - ERROR - []
2025-09-08 06:22:12,256 - 1505172 - piper.organizer - ERROR - []
2025-09-08 06:22:12,256 - 1505172 - piper.organizer - ERROR - []
2025-09-08 06:22:12,256 - 1505172 - piper.organizer - ERROR - []
2025-09-08 06:22:12,256 - 1505172 - piper.organizer - ERROR - []
2025-09-08 06:22:12,256 - 1505172 - piper.organizer - ERROR - []
2025-09-08 06:22:12,257 - 1505172 - piper.organizer - ERROR - []
2025-09-08 06:22:12,257 - 1505172 - piper.organizer - ERROR - []
2025-09-08 06:22:12,257 - 1505172 - piper.organizer - ERROR - []
2025-09-08 06:22:12,259 - 1505172 - piper.organizer - ERROR - []
2025-09-08 06:22:12,263 - 1505172 - piper.organizer - ERROR - []
2025-09-08 06:22:12,264 - 1505172 - piper.organizer - ERROR - []
2025-09-08 06:22:12,264 - 1505172 - piper.organizer - ERROR - []
2025-09-08 06:22:12,264 - 1505172 - piper.organizer - ERROR - []
2025-09-08 06:22:12,265 - 1505172 - piper.organizer - ERROR - []
2025-09-08 06:22:12,265 - 1505172 - piper.organizer - ERROR - []
2025-09-08 06:22:12,266 - 1505172 - piper.organizer - ERROR - []
2025-09-08 06:22:12,266 - 1505172 - piper.organizer - ERROR - []
2025-09-08 06:22:12,266 - 1505172 - piper.organizer - ERROR - []
2025-09-08 06:22:12,267 - 1505172 - piper.organizer - ERROR - []
2025-09-08 06:22:12,267 - 1505172 - piper.organizer - ERROR - []
2025-09-08 06:22:12,267 - 1505172 - piper.organizer - ERROR - []
2025-09-08 06:22:12,267 - 1505172 - piper.organizer - ERROR - []
2025-09-08 06:22:12,268 - 1505172 - piper.organizer - ERROR - []
2025-09-08 06:22:12,268 - 1505172 - piper.organizer - ERROR - []
2025-09-08 06:22:12,270 - 1505172 - piper.organizer - ERROR - []
2025-09-08 06:22:12,270 - 1505172 - piper.organizer - ERROR - []
2025-09-08 06:22:12,270 - 1505172 - piper.organizer - ERROR - []
2025-09-08 06:22:12,271 - 1505172 - piper.organizer - ERROR - []
2025-09-08 06:22:12,271 - 1505172 - piper.organizer - ERROR - []
2025-09-08 06:22:12,271 - 1505172 - piper.organizer - ERROR - []
2025-09-08 06:22:12,271 - 1505172 - piper.organizer - ERROR - []
2025-09-08 06:22:12,272 - 1505172 - piper.organizer - ERROR - []
2025-09-08 06:22:12,272 - 1505172 - piper.organizer - ERROR - []
2025-09-08 06:22:12,272 - 1505172 - piper.organizer - ERROR - []
2025-09-08 06:22:12,273 - 1505172 - piper.organizer - ERROR - []
2025-09-08 06:22:12,274 - 1505172 - piper.organizer - ERROR - []
2025-09-08 06:22:12,274 - 1505172 - piper.organizer - ERROR - []
2025-09-08 06:22:12,275 - 1505172 - piper.organizer - ERROR - []
2025-09-08 06:22:12,275 - 1505172 - piper.organizer - ERROR - []
2025-09-08 06:22:12,275 - 1505172 - piper.organizer - ERROR - []
2025-09-08 06:22:12,275 - 1505172 - piper.organizer - ERROR - []
2025-09-08 06:22:12,276 - 1505172 - piper.organizer - ERROR - []
2025-09-08 06:22:12,276 - 1505172 - piper.organizer - ERROR - []
2025-09-08 06:22:12,276 - 1505172 - piper.organizer - ERROR - []
2025-09-08 06:22:12,277 - 1505172 - piper.organizer - ERROR - []
2025-09-08 06:22:12,277 - 1505172 - piper.organizer - ERROR - []
2025-09-08 06:22:12,277 - 1505172 - piper.organizer - ERROR - []
2025-09-08 06:22:12,277 - 1505172 - piper.organizer - ERROR - []
2025-09-08 06:22:12,277 - 1505172 - piper.organizer - ERROR - []
2025-09-08 06:22:12,277 - 1505172 - piper.organizer - ERROR - []
2025-09-08 06:22:12,277 - 1505172 - piper.organizer - ERROR - []
2025-09-08 06:22:12,278 - 1505172 - piper.organizer - ERROR - []
2025-09-08 06:22:12,278 - 1505172 - piper.organizer - ERROR - []
2025-09-08 06:22:12,278 - 1505172 - piper.organizer - ERROR - []
2025-09-08 06:22:12,279 - 1505172 - piper.organizer - ERROR - []
2025-09-08 06:22:12,279 - 1505172 - piper.organizer - ERROR - []
2025-09-08 06:22:12,279 - 1505172 - piper.organizer - ERROR - []
2025-09-08 06:22:12,280 - 1505172 - piper.organizer - ERROR - []
2025-09-08 06:22:12,280 - 1505172 - piper.organizer - ERROR - []
2025-09-08 06:22:12,280 - 1505172 - piper.organizer - ERROR - []
2025-09-08 06:22:12,281 - 1505172 - piper.organizer - ERROR - []
2025-09-08 06:22:12,281 - 1505172 - piper.organizer - ERROR - []
2025-09-08 06:22:12,282 - 1505172 - piper.organizer - ERROR - []
2025-09-08 06:22:12,282 - 1505172 - piper.organizer - ERROR - []
2025-09-08 06:22:12,282 - 1505172 - piper.organizer - ERROR - []
2025-09-08 06:22:12,283 - 1505172 - piper.organizer - ERROR - []
2025-09-08 06:22:12,283 - 1505172 - piper.organizer - ERROR - []
2025-09-08 06:22:12,283 - 1505172 - piper.organizer - ERROR - []
2025-09-08 06:22:12,284 - 1505172 - piper.organizer - ERROR - []
2025-09-08 06:22:12,284 - 1505172 - piper.organizer - ERROR - []
2025-09-08 06:22:12,284 - 1505172 - piper.organizer - ERROR - []
2025-09-08 06:22:12,285 - 1505172 - piper.organizer - ERROR - []
2025-09-08 06:22:12,285 - 1505172 - piper.organizer - ERROR - []
2025-09-08 06:22:12,286 - 1505172 - piper.organizer - ERROR - []
2025-09-08 06:22:12,286 - 1505172 - piper.organizer - ERROR - []
2025-09-08 06:22:12,287 - 1505172 - piper.organizer - ERROR - []
2025-09-08 06:22:12,287 - 1505172 - piper.organizer - ERROR - []
2025-09-08 06:22:12,287 - 1505172 - piper.organizer - ERROR - []
2025-09-08 06:22:12,287 - 1505172 - piper.organizer - ERROR - []
2025-09-08 06:22:12,287 - 1505172 - piper.organizer - ERROR - []
2025-09-08 06:22:12,288 - 1505172 - piper.organizer - ERROR - []
2025-09-08 06:22:12,288 - 1505172 - piper.organizer - ERROR - []
2025-09-08 06:22:12,290 - 1505172 - piper.organizer - ERROR - []
2025-09-08 06:22:12,291 - 1505172 - piper.organizer - ERROR - []
2025-09-08 06:22:12,291 - 1505172 - piper.organizer - ERROR - []
2025-09-08 06:22:12,296 - 1505172 - piper.organizer - ERROR - []
2025-09-08 06:22:12,296 - 1505172 - piper.organizer - ERROR - []
2025-09-08 06:22:12,296 - 1505172 - piper.organizer - ERROR - []
2025-09-08 06:22:12,297 - 1505172 - piper.organizer - ERROR - []
2025-09-08 06:22:12,297 - 1505172 - piper.organizer - ERROR - []
2025-09-08 06:22:12,298 - 1505172 - piper.organizer - ERROR - []
2025-09-08 06:22:12,298 - 1505172 - piper.organizer - ERROR - []
2025-09-08 06:22:12,298 - 1505172 - piper.organizer - ERROR - []
2025-09-08 06:22:12,298 - 1505172 - piper.organizer - ERROR - []
2025-09-08 06:22:12,298 - 1505172 - piper.organizer - ERROR - []
2025-09-08 06:22:12,304 - 1505172 - piper.organizer - ERROR - []
2025-09-08 06:22:12,311 - 1505172 - piper.organizer - ERROR - []
2025-09-08 06:22:12,312 - 1505172 - piper.organizer - ERROR - []
2025-09-08 06:22:12,312 - 1505172 - piper.organizer - ERROR - []
2025-09-08 06:22:12,312 - 1505172 - piper.organizer - ERROR - []
2025-09-08 06:22:12,312 - 1505172 - piper.organizer - ERROR - []
2025-09-08 06:22:12,317 - 1505172 - piper.organizer - ERROR - []
2025-09-08 06:22:12,317 - 1505172 - piper.organizer - ERROR - []
2025-09-08 06:22:12,317 - 1505172 - piper.organizer - ERROR - []
2025-09-08 06:22:12,317 - 1505172 - piper.organizer - ERROR - []
2025-09-08 06:22:12,318 - 1505172 - piper.organizer - ERROR - []
2025-09-08 06:22:12,318 - 1505172 - piper.organizer - ERROR - []
2025-09-08 06:22:12,318 - 1505172 - piper.organizer - ERROR - []
2025-09-08 06:22:12,318 - 1505172 - piper.organizer - ERROR - []
2025-09-08 06:22:12,318 - 1505172 - piper.organizer - ERROR - []
2025-09-08 06:22:12,319 - 1505172 - piper.organizer - ERROR - []
2025-09-08 06:22:12,319 - 1505172 - piper.organizer - ERROR - []
2025-09-08 06:22:12,319 - 1505172 - piper.organizer - ERROR - []
2025-09-08 06:22:12,319 - 1505172 - piper.organizer - ERROR - []
2025-09-08 06:22:12,320 - 1505172 - piper.organizer - ERROR - []
2025-09-08 06:22:12,320 - 1505172 - piper.organizer - ERROR - []
2025-09-08 06:22:12,321 - 1505172 - piper.organizer - ERROR - []
2025-09-08 06:22:12,321 - 1505172 - piper.organizer - ERROR - []
2025-09-08 06:22:12,321 - 1505172 - piper.organizer - ERROR - []
2025-09-08 06:22:12,321 - 1505172 - piper.organizer - ERROR - []
2025-09-08 06:22:12,321 - 1505172 - piper.organizer - ERROR - []
2025-09-08 06:22:12,321 - 1505172 - piper.organizer - ERROR - []
2025-09-08 06:22:12,322 - 1505172 - piper.organizer - ERROR - []
2025-09-08 06:22:12,322 - 1505172 - piper.organizer - ERROR - []
2025-09-08 06:22:12,322 - 1505172 - piper.organizer - ERROR - []
2025-09-08 06:22:12,329 - 1505172 - piper.organizer - ERROR - []
2025-09-08 06:22:12,330 - 1505172 - piper.organizer - ERROR - []
2025-09-08 06:22:12,330 - 1505172 - piper.organizer - ERROR - []
2025-09-08 06:22:12,330 - 1505172 - piper.organizer - ERROR - []
2025-09-08 06:22:12,330 - 1505172 - piper.organizer - ERROR - []
2025-09-08 06:22:12,331 - 1505172 - piper.organizer - ERROR - []
2025-09-08 06:22:12,331 - 1505172 - piper.organizer - ERROR - []
2025-09-08 06:22:12,331 - 1505172 - piper.organizer - ERROR - []
2025-09-08 06:22:12,332 - 1505172 - piper.organizer - ERROR - []
2025-09-08 06:22:12,332 - 1505172 - piper.organizer - ERROR - []
2025-09-08 06:22:12,332 - 1505172 - piper.organizer - ERROR - []
2025-09-08 06:22:12,332 - 1505172 - piper.organizer - ERROR - []
2025-09-08 06:22:12,333 - 1505172 - piper.organizer - ERROR - []
2025-09-08 06:22:12,333 - 1505172 - piper.organizer - ERROR - []
2025-09-08 06:22:12,333 - 1505172 - piper.organizer - ERROR - []
2025-09-08 06:22:12,333 - 1505172 - piper.organizer - ERROR - []
2025-09-08 06:22:12,334 - 1505172 - piper.organizer - ERROR - []
2025-09-08 06:22:12,334 - 1505172 - piper.organizer - ERROR - []
2025-09-08 06:22:12,334 - 1505172 - piper.organizer - ERROR - []
2025-09-08 06:22:12,334 - 1505172 - piper.organizer - ERROR - []
2025-09-08 06:22:12,336 - 1505172 - piper.organizer - ERROR - []
2025-09-08 06:22:12,336 - 1505172 - piper.organizer - ERROR - []
2025-09-08 06:22:12,341 - 1505172 - piper.organizer - ERROR - []
2025-09-08 06:22:12,343 - 1505172 - piper.organizer - ERROR - []
2025-09-08 06:22:12,344 - 1505172 - piper.organizer - ERROR - []
2025-09-08 06:22:12,344 - 1505172 - piper.organizer - ERROR - []
2025-09-08 06:22:12,344 - 1505172 - piper.organizer - ERROR - []
2025-09-08 06:22:12,344 - 1505172 - piper.organizer - ERROR - []
2025-09-08 06:22:12,345 - 1505172 - piper.organizer - ERROR - []
2025-09-08 06:22:12,345 - 1505172 - piper.organizer - ERROR - []
2025-09-08 06:22:12,345 - 1505172 - piper.organizer - ERROR - []
2025-09-08 06:22:12,346 - 1505172 - piper.organizer - ERROR - []
2025-09-08 06:22:12,352 - 1505172 - piper.organizer - ERROR - []
2025-09-08 06:22:12,353 - 1505172 - piper.organizer - ERROR - []
2025-09-08 06:22:12,355 - 1505172 - piper.organizer - ERROR - []
2025-09-08 06:22:12,355 - 1505172 - piper.organizer - ERROR - []
2025-09-08 06:22:12,356 - 1505172 - piper.organizer - ERROR - []
2025-09-08 06:22:12,356 - 1505172 - piper.organizer - ERROR - []
2025-09-08 06:22:12,356 - 1505172 - piper.organizer - ERROR - []
2025-09-08 06:22:12,357 - 1505172 - piper.organizer - ERROR - []
2025-09-08 06:22:12,357 - 1505172 - piper.organizer - ERROR - []
2025-09-08 06:22:12,360 - 1505172 - piper.organizer - ERROR - []
2025-09-08 06:22:12,360 - 1505172 - piper.organizer - ERROR - []
2025-09-08 06:22:12,360 - 1505172 - piper.organizer - ERROR - []
2025-09-08 06:22:12,362 - 1505172 - piper.organizer - ERROR - []
2025-09-08 06:22:12,362 - 1505172 - piper.organizer - ERROR - []
2025-09-08 06:22:12,363 - 1505172 - piper.organizer - ERROR - []
2025-09-08 06:22:12,363 - 1505172 - piper.organizer - ERROR - []
2025-09-08 06:22:12,363 - 1505172 - piper.organizer - ERROR - []
2025-09-08 06:22:12,363 - 1505172 - piper.organizer - ERROR - []
2025-09-08 06:22:12,363 - 1505172 - piper.organizer - ERROR - []
2025-09-08 06:22:12,364 - 1505172 - piper.organizer - ERROR - []
2025-09-08 06:22:12,364 - 1505172 - piper.organizer - ERROR - []
2025-09-08 06:22:12,364 - 1505172 - piper.organizer - ERROR - []
2025-09-08 06:22:12,365 - 1505172 - piper.organizer - ERROR - []
2025-09-08 06:22:12,365 - 1505172 - piper.organizer - ERROR - []
2025-09-08 06:22:12,366 - 1505172 - piper.organizer - ERROR - []
2025-09-08 06:22:12,366 - 1505172 - piper.organizer - ERROR - []
2025-09-08 06:22:12,366 - 1505172 - piper.organizer - ERROR - []
2025-09-08 06:22:12,366 - 1505172 - piper.organizer - ERROR - []
2025-09-08 06:22:12,367 - 1505172 - piper.organizer - ERROR - []
2025-09-08 06:22:12,367 - 1505172 - piper.organizer - ERROR - []
2025-09-08 06:22:12,368 - 1505172 - piper.organizer - ERROR - []
2025-09-08 06:22:12,368 - 1505172 - piper.organizer - ERROR - []
2025-09-08 06:22:12,368 - 1505172 - piper.organizer - ERROR - []
2025-09-08 06:22:12,369 - 1505172 - piper.organizer - ERROR - []
2025-09-08 06:22:12,369 - 1505172 - piper.organizer - ERROR - []
2025-09-08 06:22:12,369 - 1505172 - piper.organizer - ERROR - []
2025-09-08 06:22:12,369 - 1505172 - piper.organizer - ERROR - []
2025-09-08 06:22:12,369 - 1505172 - piper.organizer - ERROR - []
2025-09-08 06:22:12,372 - 1505172 - piper.organizer - ERROR - []
2025-09-08 06:22:12,374 - 1505172 - piper.organizer - ERROR - []
2025-09-08 06:22:12,376 - 1505172 - piper.organizer - ERROR - []
2025-09-08 06:22:12,376 - 1505172 - piper.organizer - ERROR - []
2025-09-08 06:22:12,377 - 1505172 - piper.organizer - ERROR - []
2025-09-08 06:22:12,377 - 1505172 - piper.organizer - ERROR - []
2025-09-08 06:22:12,379 - 1505172 - piper.organizer - ERROR - []
2025-09-08 06:22:12,380 - 1505172 - piper.organizer - ERROR - []
2025-09-08 06:22:12,380 - 1505172 - piper.organizer - ERROR - []
2025-09-08 06:22:12,380 - 1505172 - piper.organizer - ERROR - []
2025-09-08 06:22:12,381 - 1505172 - piper.organizer - ERROR - []
2025-09-08 06:22:12,381 - 1505172 - piper.organizer - ERROR - []
2025-09-08 06:22:12,381 - 1505172 - piper.organizer - ERROR - []
2025-09-08 06:22:12,381 - 1505172 - piper.organizer - ERROR - []
2025-09-08 06:22:12,384 - 1505172 - piper.organizer - ERROR - []
2025-09-08 06:22:12,386 - 1505172 - piper.organizer - ERROR - []
2025-09-08 06:22:12,388 - 1505172 - piper.organizer - ERROR - []
2025-09-08 06:22:12,388 - 1505172 - piper.organizer - ERROR - []
2025-09-08 06:22:12,389 - 1505172 - piper.organizer - ERROR - []
2025-09-08 06:22:12,389 - 1505172 - piper.organizer - ERROR - []
2025-09-08 06:22:12,391 - 1505172 - piper.organizer - ERROR - []
2025-09-08 06:22:12,392 - 1505172 - piper.organizer - ERROR - []
2025-09-08 06:22:12,392 - 1505172 - piper.organizer - ERROR - []
2025-09-08 06:22:12,392 - 1505172 - piper.organizer - ERROR - []
2025-09-08 06:22:12,393 - 1505172 - piper.organizer - ERROR - []
2025-09-08 06:22:12,393 - 1505172 - piper.organizer - ERROR - []
2025-09-08 06:22:12,393 - 1505172 - piper.organizer - ERROR - []
2025-09-08 06:22:12,393 - 1505172 - piper.organizer - ERROR - []
2025-09-08 06:22:12,394 - 1505172 - piper.organizer - ERROR - []
2025-09-08 06:22:12,394 - 1505172 - piper.organizer - ERROR - []
2025-09-08 06:22:12,397 - 1505172 - piper.organizer - ERROR - []
2025-09-08 06:22:12,398 - 1505172 - piper.organizer - ERROR - []
2025-09-08 06:22:12,399 - 1505172 - piper.organizer - ERROR - []
2025-09-08 06:22:12,400 - 1505172 - piper.organizer - ERROR - []
2025-09-08 06:22:12,400 - 1505172 - piper.organizer - ERROR - []
2025-09-08 06:22:12,401 - 1505172 - piper.organizer - ERROR - []
2025-09-08 06:22:12,403 - 1505172 - piper.organizer - ERROR - []
2025-09-08 06:22:12,404 - 1505172 - piper.organizer - ERROR - []
2025-09-08 06:22:12,404 - 1505172 - piper.organizer - ERROR - []
2025-09-08 06:22:12,404 - 1505172 - piper.organizer - ERROR - []
2025-09-08 06:22:12,407 - 1505172 - piper.organizer - ERROR - []
2025-09-08 06:22:12,407 - 1505172 - piper.organizer - ERROR - []
2025-09-08 06:22:12,407 - 1505172 - piper.organizer - ERROR - []
2025-09-08 06:22:12,407 - 1505172 - piper.organizer - ERROR - []
2025-09-08 06:22:12,408 - 1505172 - piper.organizer - ERROR - []
2025-09-08 06:22:12,409 - 1505172 - piper.organizer - ERROR - []
2025-09-08 06:22:12,409 - 1505172 - piper.organizer - ERROR - []
2025-09-08 06:22:12,409 - 1505172 - piper.organizer - ERROR - []
2025-09-08 06:22:12,409 - 1505172 - piper.organizer - ERROR - []
2025-09-08 06:22:12,409 - 1505172 - piper.organizer - ERROR - []
2025-09-08 06:22:12,410 - 1505172 - piper.organizer - ERROR - []
2025-09-08 06:22:12,410 - 1505172 - piper.organizer - ERROR - []
2025-09-08 06:22:12,410 - 1505172 - piper.organizer - ERROR - []
2025-09-08 06:22:12,411 - 1505172 - piper.organizer - ERROR - []
2025-09-08 06:22:12,411 - 1505172 - piper.organizer - ERROR - []
2025-09-08 06:22:12,411 - 1505172 - piper.organizer - ERROR - []
2025-09-08 06:22:12,411 - 1505172 - piper.organizer - ERROR - []
2025-09-08 06:22:12,412 - 1505172 - piper.organizer - ERROR - []
2025-09-08 06:22:12,412 - 1505172 - piper.organizer - ERROR - []
2025-09-08 06:22:12,412 - 1505172 - piper.organizer - ERROR - []
2025-09-08 06:22:12,412 - 1505172 - piper.organizer - ERROR - []
2025-09-08 06:22:12,412 - 1505172 - piper.organizer - ERROR - []
2025-09-08 06:22:12,413 - 1505172 - piper.organizer - ERROR - []
2025-09-08 06:22:12,413 - 1505172 - piper.organizer - ERROR - []
2025-09-08 06:22:12,413 - 1505172 - piper.organizer - ERROR - []
2025-09-08 06:22:12,414 - 1505172 - piper.organizer - ERROR - []
2025-09-08 06:22:12,414 - 1505172 - piper.organizer - ERROR - []
2025-09-08 06:22:12,414 - 1505172 - piper.organizer - ERROR - []
2025-09-08 06:22:12,414 - 1505172 - piper.organizer - ERROR - []
2025-09-08 06:22:12,416 - 1505172 - piper.organizer - ERROR - []
2025-09-08 06:22:12,416 - 1505172 - piper.organizer - ERROR - []
2025-09-08 06:22:12,416 - 1505172 - piper.organizer - ERROR - []
2025-09-08 06:22:12,416 - 1505172 - piper.organizer - ERROR - []
2025-09-08 06:22:12,417 - 1505172 - piper.organizer - ERROR - []
2025-09-08 06:22:12,418 - 1505172 - piper.organizer - ERROR - []
2025-09-08 06:22:12,418 - 1505172 - piper.organizer - ERROR - []
2025-09-08 06:22:12,419 - 1505172 - piper.organizer - ERROR - []
2025-09-08 06:22:12,419 - 1505172 - piper.organizer - ERROR - []
2025-09-08 06:22:12,419 - 1505172 - piper.organizer - ERROR - []
2025-09-08 06:22:12,420 - 1505172 - piper.organizer - ERROR - []
2025-09-08 06:22:12,420 - 1505172 - piper.organizer - ERROR - []
2025-09-08 06:22:12,420 - 1505172 - piper.organizer - ERROR - []
2025-09-08 06:22:12,420 - 1505172 - piper.organizer - ERROR - []
2025-09-08 06:22:12,420 - 1505172 - piper.organizer - ERROR - []
2025-09-08 06:22:12,420 - 1505172 - piper.organizer - ERROR - []
2025-09-08 06:22:12,421 - 1505172 - piper.organizer - ERROR - []
2025-09-08 06:22:12,421 - 1505172 - piper.organizer - ERROR - []
2025-09-08 06:22:12,421 - 1505172 - piper.organizer - ERROR - []
2025-09-08 06:22:12,422 - 1505172 - piper.organizer - ERROR - []
2025-09-08 06:22:12,422 - 1505172 - piper.organizer - ERROR - []
2025-09-08 06:22:12,422 - 1505172 - piper.organizer - ERROR - []
2025-09-08 06:22:12,423 - 1505172 - piper.organizer - ERROR - []
2025-09-08 06:22:12,423 - 1505172 - piper.organizer - ERROR - []
2025-09-08 06:22:12,423 - 1505172 - piper.organizer - ERROR - []
2025-09-08 06:22:12,423 - 1505172 - piper.organizer - ERROR - []
2025-09-08 06:22:12,425 - 1505172 - piper.organizer - ERROR - []
2025-09-08 06:22:12,426 - 1505172 - piper.organizer - ERROR - []
2025-09-08 06:22:12,426 - 1505172 - piper.organizer - ERROR - []
2025-09-08 06:22:12,426 - 1505172 - piper.organizer - ERROR - []
2025-09-08 06:22:12,426 - 1505172 - piper.organizer - ERROR - []
2025-09-08 06:22:12,427 - 1505172 - piper.organizer - ERROR - []
2025-09-08 06:22:12,427 - 1505172 - piper.organizer - ERROR - []
2025-09-08 06:22:12,427 - 1505172 - piper.organizer - ERROR - []
2025-09-08 06:22:12,428 - 1505172 - piper.organizer - ERROR - []
2025-09-08 06:22:12,428 - 1505172 - piper.organizer - ERROR - []
2025-09-08 06:22:12,428 - 1505172 - piper.organizer - ERROR - []
2025-09-08 06:22:12,428 - 1505172 - piper.organizer - ERROR - []
2025-09-08 06:22:12,429 - 1505172 - piper.organizer - ERROR - []
2025-09-08 06:22:12,430 - 1505172 - piper.organizer - ERROR - []
2025-09-08 06:22:12,430 - 1505172 - piper.organizer - ERROR - []
2025-09-08 06:22:12,430 - 1505172 - piper.organizer - ERROR - []
2025-09-08 06:22:12,430 - 1505172 - piper.organizer - ERROR - []
2025-09-08 06:22:12,430 - 1505172 - piper.organizer - ERROR - []
2025-09-08 06:22:12,431 - 1505172 - piper.organizer - ERROR - []
2025-09-08 06:22:12,431 - 1505172 - piper.organizer - ERROR - []
2025-09-08 06:22:12,431 - 1505172 - piper.organizer - ERROR - []
2025-09-08 06:22:12,431 - 1505172 - piper.organizer - ERROR - []
2025-09-08 06:22:12,431 - 1505172 - piper.organizer - ERROR - []
2025-09-08 06:22:12,431 - 1504887 - piper.organizer - INFO - Monitoring process with target PipelineOrganizer.execute and pid 1505172
2025-09-08 06:22:12,432 - 1505172 - piper.organizer - ERROR - []
2025-09-08 06:22:12,433 - 1505172 - piper.organizer - ERROR - []
2025-09-08 06:22:12,433 - 1505172 - piper.organizer - ERROR - []
2025-09-08 06:22:12,433 - 1505172 - piper.organizer - ERROR - []
2025-09-08 06:22:12,433 - 1505172 - piper.organizer - ERROR - []
2025-09-08 06:22:12,434 - 1505172 - piper.organizer - ERROR - []
2025-09-08 06:22:12,434 - 1505172 - piper.organizer - ERROR - []
2025-09-08 06:22:12,434 - 1505172 - piper.organizer - ERROR - []
2025-09-08 06:22:12,435 - 1505172 - piper.organizer - ERROR - []
2025-09-08 06:22:12,435 - 1505172 - piper.organizer - ERROR - []
2025-09-08 06:22:12,436 - 1505172 - piper.organizer - ERROR - []
2025-09-08 06:22:12,436 - 1505172 - piper.organizer - ERROR - []
2025-09-08 06:22:12,436 - 1505172 - piper.organizer - ERROR - []
2025-09-08 06:22:12,436 - 1505172 - piper.organizer - ERROR - []
2025-09-08 06:22:12,436 - 1505172 - piper.organizer - ERROR - []
2025-09-08 06:22:12,436 - 1505172 - piper.organizer - ERROR - []
2025-09-08 06:22:12,440 - 1505172 - piper.organizer - ERROR - []
2025-09-08 06:22:12,445 - 1505172 - piper.organizer - ERROR - []
2025-09-08 06:22:12,450 - 1505172 - piper.organizer - ERROR - []
2025-09-08 06:22:12,451 - 1505172 - piper.organizer - ERROR - []
2025-09-08 06:22:12,453 - 1505172 - piper.organizer - ERROR - []
2025-09-08 06:22:12,453 - 1505172 - piper.organizer - ERROR - []
2025-09-08 06:22:12,453 - 1505172 - piper.organizer - ERROR - []
2025-09-08 06:22:12,453 - 1505172 - piper.organizer - ERROR - []
2025-09-08 06:22:12,453 - 1505172 - piper.organizer - ERROR - []
2025-09-08 06:22:12,453 - 1505172 - piper.organizer - ERROR - []
2025-09-08 06:22:12,454 - 1505172 - piper.organizer - ERROR - []
2025-09-08 06:22:12,455 - 1505172 - piper.organizer - ERROR - []
2025-09-08 06:22:12,455 - 1505172 - piper.organizer - ERROR - []
2025-09-08 06:22:12,455 - 1505172 - piper.organizer - ERROR - []
2025-09-08 06:22:12,455 - 1505172 - piper.organizer - ERROR - []
2025-09-08 06:22:12,457 - 1505172 - piper.organizer - ERROR - []
2025-09-08 06:22:12,460 - 1505172 - piper.organizer - ERROR - []
2025-09-08 06:22:12,460 - 1505172 - piper.organizer - ERROR - []
2025-09-08 06:22:12,460 - 1505172 - piper.organizer - ERROR - []
2025-09-08 06:22:12,462 - 1505172 - piper.organizer - ERROR - []
2025-09-08 06:22:12,462 - 1505172 - piper.organizer - ERROR - []
2025-09-08 06:22:12,463 - 1505172 - piper.organizer - ERROR - []
2025-09-08 06:22:12,463 - 1505172 - piper.organizer - ERROR - []
2025-09-08 06:22:12,464 - 1505172 - piper.organizer - ERROR - []
2025-09-08 06:22:12,464 - 1505172 - piper.organizer - ERROR - []
2025-09-08 06:22:12,464 - 1505172 - piper.organizer - ERROR - []
2025-09-08 06:22:12,465 - 1505172 - piper.organizer - ERROR - []
2025-09-08 06:22:12,465 - 1505172 - piper.organizer - ERROR - []
2025-09-08 06:22:12,465 - 1505172 - piper.organizer - ERROR - []
2025-09-08 06:22:12,465 - 1505172 - piper.organizer - ERROR - []
2025-09-08 06:22:12,466 - 1505172 - piper.organizer - ERROR - []
2025-09-08 06:22:12,466 - 1505172 - piper.organizer - ERROR - []
2025-09-08 06:22:12,467 - 1505172 - piper.organizer - ERROR - []
2025-09-08 06:22:12,467 - 1505172 - piper.organizer - ERROR - []
2025-09-08 06:22:12,467 - 1505172 - piper.organizer - ERROR - []
2025-09-08 06:22:12,467 - 1505172 - piper.organizer - ERROR - []
2025-09-08 06:22:12,467 - 1505172 - piper.organizer - ERROR - []
2025-09-08 06:22:12,468 - 1505172 - piper.organizer - ERROR - []
2025-09-08 06:22:12,469 - 1505172 - piper.organizer - ERROR - []
2025-09-08 06:22:12,469 - 1505172 - piper.organizer - ERROR - []
2025-09-08 06:22:12,469 - 1505172 - piper.organizer - ERROR - []
2025-09-08 06:22:12,469 - 1505172 - piper.organizer - ERROR - []
2025-09-08 06:22:12,471 - 1505172 - piper.organizer - ERROR - []
2025-09-08 06:22:12,472 - 1505172 - piper.organizer - ERROR - []
2025-09-08 06:22:12,472 - 1505172 - piper.organizer - ERROR - []
2025-09-08 06:22:12,472 - 1505172 - piper.organizer - ERROR - []
2025-09-08 06:22:12,473 - 1505172 - piper.organizer - ERROR - []
2025-09-08 06:22:12,473 - 1505172 - piper.organizer - ERROR - []
2025-09-08 06:22:12,473 - 1505172 - piper.organizer - ERROR - []
2025-09-08 06:22:12,474 - 1505172 - piper.organizer - ERROR - []
2025-09-08 06:22:12,474 - 1505172 - piper.organizer - ERROR - []
2025-09-08 06:22:12,474 - 1505172 - piper.organizer - ERROR - []
2025-09-08 06:22:12,475 - 1505172 - piper.organizer - ERROR - []
2025-09-08 06:22:12,475 - 1505172 - piper.organizer - ERROR - []
2025-09-08 06:22:12,475 - 1505172 - piper.organizer - ERROR - []
2025-09-08 06:22:12,476 - 1505172 - piper.organizer - ERROR - []
2025-09-08 06:22:12,476 - 1505172 - piper.organizer - ERROR - []
2025-09-08 06:22:12,476 - 1505172 - piper.organizer - ERROR - []
2025-09-08 06:22:12,477 - 1505172 - piper.organizer - ERROR - []
2025-09-08 06:22:12,477 - 1505172 - piper.organizer - ERROR - []
2025-09-08 06:22:12,477 - 1505172 - piper.organizer - ERROR - []
2025-09-08 06:22:12,478 - 1505172 - piper.organizer - ERROR - []
2025-09-08 06:22:12,478 - 1505172 - piper.organizer - ERROR - []
2025-09-08 06:22:12,478 - 1505172 - piper.organizer - ERROR - []
2025-09-08 06:22:12,478 - 1505172 - piper.organizer - ERROR - []
2025-09-08 06:22:12,479 - 1505172 - piper.organizer - ERROR - []
2025-09-08 06:22:12,479 - 1505172 - piper.organizer - ERROR - []
2025-09-08 06:22:12,479 - 1505172 - piper.organizer - ERROR - []
2025-09-08 06:22:12,480 - 1505172 - piper.organizer - ERROR - []
2025-09-08 06:22:12,480 - 1505172 - piper.organizer - ERROR - []
2025-09-08 06:22:12,480 - 1505172 - piper.organizer - ERROR - []
2025-09-08 06:22:12,480 - 1505172 - piper.organizer - ERROR - []
2025-09-08 06:22:12,480 - 1505172 - piper.organizer - ERROR - []
2025-09-08 06:22:12,482 - 1505172 - piper.organizer - ERROR - []
2025-09-08 06:22:12,483 - 1505172 - piper.organizer - ERROR - []
2025-09-08 06:22:12,483 - 1505172 - piper.organizer - ERROR - []
2025-09-08 06:22:12,483 - 1505172 - piper.organizer - ERROR - []
2025-09-08 06:22:12,483 - 1505172 - piper.organizer - ERROR - []
2025-09-08 06:22:12,484 - 1505172 - piper.organizer - ERROR - []
2025-09-08 06:22:12,484 - 1505172 - piper.organizer - ERROR - []
2025-09-08 06:22:12,484 - 1505172 - piper.organizer - ERROR - []
2025-09-08 06:22:12,485 - 1505172 - piper.organizer - ERROR - []
2025-09-08 06:22:12,485 - 1505172 - piper.organizer - ERROR - []
2025-09-08 06:22:12,486 - 1505172 - piper.organizer - ERROR - []
2025-09-08 06:22:12,486 - 1505172 - piper.organizer - ERROR - []
2025-09-08 06:22:12,488 - 1505172 - piper.organizer - ERROR - []
2025-09-08 06:22:12,489 - 1505172 - piper.organizer - ERROR - []
2025-09-08 06:22:12,489 - 1505172 - piper.organizer - ERROR - []
2025-09-08 06:22:12,489 - 1505172 - piper.organizer - ERROR - []
2025-09-08 06:22:12,489 - 1505172 - piper.organizer - ERROR - []
2025-09-08 06:22:12,490 - 1505172 - piper.organizer - ERROR - []
2025-09-08 06:22:12,490 - 1505172 - piper.organizer - ERROR - []
2025-09-08 06:22:12,490 - 1505172 - piper.organizer - ERROR - []
2025-09-08 06:22:12,491 - 1505172 - piper.organizer - ERROR - []
2025-09-08 06:22:12,491 - 1505172 - piper.organizer - ERROR - []
2025-09-08 06:22:12,491 - 1505172 - piper.organizer - ERROR - []
2025-09-08 06:22:12,492 - 1505172 - piper.organizer - ERROR - []
2025-09-08 06:22:12,492 - 1505172 - piper.organizer - ERROR - []
2025-09-08 06:22:12,492 - 1505172 - piper.organizer - ERROR - []
2025-09-08 06:22:12,492 - 1505172 - piper.organizer - ERROR - []
2025-09-08 06:22:12,492 - 1505172 - piper.organizer - ERROR - []
2025-09-08 06:22:12,493 - 1505172 - piper.organizer - ERROR - []
2025-09-08 06:22:12,493 - 1505172 - piper.organizer - ERROR - []
2025-09-08 06:22:12,493 - 1505172 - piper.organizer - ERROR - []
2025-09-08 06:22:12,494 - 1505172 - piper.organizer - ERROR - []
2025-09-08 06:22:12,495 - 1505172 - piper.organizer - ERROR - []
2025-09-08 06:22:12,495 - 1505172 - piper.organizer - ERROR - []
2025-09-08 06:22:12,495 - 1505172 - piper.organizer - ERROR - []
2025-09-08 06:22:12,495 - 1505172 - piper.organizer - ERROR - []
2025-09-08 06:22:12,495 - 1505172 - piper.organizer - ERROR - []
2025-09-08 06:22:12,497 - 1505172 - piper.organizer - ERROR - []
2025-09-08 06:22:12,497 - 1505172 - piper.organizer - ERROR - []
2025-09-08 06:22:12,497 - 1505172 - piper.organizer - ERROR - []
2025-09-08 06:22:12,497 - 1505172 - piper.organizer - ERROR - []
2025-09-08 06:22:12,498 - 1505172 - piper.organizer - ERROR - []
2025-09-08 06:22:12,499 - 1505172 - piper.organizer - ERROR - []
2025-09-08 06:22:12,499 - 1505172 - piper.organizer - ERROR - []
2025-09-08 06:22:12,499 - 1505172 - piper.organizer - ERROR - []
2025-09-08 06:22:12,500 - 1505172 - piper.organizer - ERROR - []
2025-09-08 06:22:12,500 - 1505172 - piper.organizer - ERROR - []
2025-09-08 06:22:12,501 - 1505172 - piper.organizer - ERROR - []
2025-09-08 06:22:12,501 - 1505172 - piper.organizer - ERROR - []
2025-09-08 06:22:12,501 - 1505172 - piper.organizer - ERROR - []
2025-09-08 06:22:12,502 - 1505172 - piper.organizer - ERROR - []
2025-09-08 06:22:12,502 - 1505172 - piper.organizer - ERROR - []
2025-09-08 06:22:12,502 - 1505172 - piper.organizer - ERROR - []
2025-09-08 06:22:12,502 - 1505172 - piper.organizer - ERROR - []
2025-09-08 06:22:12,503 - 1505172 - piper.organizer - ERROR - []
2025-09-08 06:22:12,503 - 1505172 - piper.organizer - ERROR - []
2025-09-08 06:22:12,503 - 1505172 - piper.organizer - ERROR - []
2025-09-08 06:22:12,505 - 1505172 - piper.organizer - ERROR - []
2025-09-08 06:22:12,506 - 1505172 - piper.organizer - ERROR - []
2025-09-08 06:22:12,506 - 1505172 - piper.organizer - ERROR - []
2025-09-08 06:22:12,507 - 1505172 - piper.organizer - ERROR - []
2025-09-08 06:22:12,507 - 1505172 - piper.organizer - ERROR - []
2025-09-08 06:22:12,508 - 1505172 - piper.organizer - ERROR - []
2025-09-08 06:22:12,508 - 1505172 - piper.organizer - ERROR - []
2025-09-08 06:22:12,508 - 1505172 - piper.organizer - ERROR - []
2025-09-08 06:22:12,509 - 1505172 - piper.organizer - ERROR - []
2025-09-08 06:22:12,509 - 1505172 - piper.organizer - ERROR - []
2025-09-08 06:22:12,509 - 1505172 - piper.organizer - ERROR - []
2025-09-08 06:22:12,509 - 1505172 - piper.organizer - ERROR - []
2025-09-08 06:22:12,509 - 1505172 - piper.organizer - ERROR - []
2025-09-08 06:22:12,509 - 1505172 - piper.organizer - ERROR - []
2025-09-08 06:22:12,509 - 1505172 - piper.organizer - ERROR - []
2025-09-08 06:22:12,509 - 1505172 - piper.organizer - ERROR - []
2025-09-08 06:22:12,510 - 1505172 - piper.organizer - ERROR - []
2025-09-08 06:22:12,510 - 1505172 - piper.organizer - ERROR - []
2025-09-08 06:22:12,510 - 1505172 - piper.organizer - ERROR - []
2025-09-08 06:22:12,512 - 1505172 - piper.organizer - ERROR - []
2025-09-08 06:22:12,512 - 1505172 - piper.organizer - ERROR - []
2025-09-08 06:22:12,512 - 1505172 - piper.organizer - ERROR - []
2025-09-08 06:22:12,512 - 1505172 - piper.organizer - ERROR - []
2025-09-08 06:22:12,513 - 1505172 - piper.organizer - ERROR - []
2025-09-08 06:22:12,513 - 1505172 - piper.organizer - ERROR - []
2025-09-08 06:22:12,513 - 1505172 - piper.organizer - ERROR - []
2025-09-08 06:22:12,514 - 1505172 - piper.organizer - ERROR - []
2025-09-08 06:22:12,514 - 1505172 - piper.organizer - ERROR - []
2025-09-08 06:22:12,515 - 1505172 - piper.organizer - ERROR - []
2025-09-08 06:22:12,515 - 1505172 - piper.organizer - ERROR - []
2025-09-08 06:22:12,515 - 1505172 - piper.organizer - ERROR - []
2025-09-08 06:22:12,516 - 1505172 - piper.organizer - ERROR - []
2025-09-08 06:22:12,516 - 1505172 - piper.organizer - ERROR - []
2025-09-08 06:22:12,516 - 1505172 - piper.organizer - ERROR - []
2025-09-08 06:22:12,517 - 1505172 - piper.organizer - ERROR - []
2025-09-08 06:22:12,517 - 1505172 - piper.organizer - ERROR - []
2025-09-08 06:22:12,517 - 1505172 - piper.organizer - ERROR - []
2025-09-08 06:22:12,518 - 1505172 - piper.organizer - ERROR - []
2025-09-08 06:22:12,518 - 1505172 - piper.organizer - ERROR - []
2025-09-08 06:22:12,518 - 1505172 - piper.organizer - ERROR - []
2025-09-08 06:22:12,518 - 1505172 - piper.organizer - ERROR - []
2025-09-08 06:22:12,519 - 1505172 - piper.organizer - ERROR - []
2025-09-08 06:22:12,519 - 1505172 - piper.organizer - ERROR - []
2025-09-08 06:22:12,519 - 1505172 - piper.organizer - ERROR - []
2025-09-08 06:22:12,520 - 1505172 - piper.organizer - ERROR - []
2025-09-08 06:22:12,520 - 1505172 - piper.organizer - ERROR - []
2025-09-08 06:22:12,520 - 1505172 - piper.organizer - ERROR - []
2025-09-08 06:22:12,520 - 1505172 - piper.organizer - ERROR - []
2025-09-08 06:22:12,521 - 1505172 - piper.organizer - ERROR - []
2025-09-08 06:22:12,522 - 1505172 - piper.organizer - ERROR - []
2025-09-08 06:22:12,522 - 1505172 - piper.organizer - ERROR - []
2025-09-08 06:22:12,522 - 1505172 - piper.organizer - ERROR - []
2025-09-08 06:22:12,522 - 1505172 - piper.organizer - ERROR - []
2025-09-08 06:22:12,526 - 1505172 - piper.organizer - ERROR - []
2025-09-08 06:22:12,526 - 1505172 - piper.organizer - ERROR - []
2025-09-08 06:22:12,526 - 1505172 - piper.organizer - ERROR - []
2025-09-08 06:22:12,526 - 1505172 - piper.organizer - ERROR - []
2025-09-08 06:22:12,527 - 1505172 - piper.organizer - ERROR - []
2025-09-08 06:22:12,527 - 1505172 - piper.organizer - ERROR - []
2025-09-08 06:22:12,528 - 1505172 - piper.organizer - ERROR - []
2025-09-08 06:22:12,528 - 1505172 - piper.organizer - ERROR - []
2025-09-08 06:22:12,528 - 1505172 - piper.organizer - ERROR - []
2025-09-08 06:22:12,529 - 1505172 - piper.organizer - ERROR - []
2025-09-08 06:22:12,530 - 1505172 - piper.organizer - ERROR - []
2025-09-08 06:22:12,530 - 1505172 - piper.organizer - ERROR - []
2025-09-08 06:22:12,530 - 1505172 - piper.organizer - ERROR - []
2025-09-08 06:22:12,530 - 1505172 - piper.organizer - ERROR - []
2025-09-08 06:22:12,530 - 1505172 - piper.organizer - ERROR - []
2025-09-08 06:22:12,531 - 1505172 - piper.organizer - ERROR - []
2025-09-08 06:22:12,531 - 1505172 - piper.organizer - ERROR - []
2025-09-08 06:22:12,531 - 1505172 - piper.organizer - ERROR - []
2025-09-08 06:22:12,531 - 1505172 - piper.organizer - ERROR - []
2025-09-08 06:22:12,532 - 1505172 - piper.organizer - ERROR - []
2025-09-08 06:22:12,532 - 1505172 - piper.organizer - ERROR - []
2025-09-08 06:22:12,532 - 1505172 - piper.organizer - ERROR - []
2025-09-08 06:22:12,537 - 1505172 - piper.organizer - ERROR - []
2025-09-08 06:22:12,537 - 1505172 - piper.organizer - ERROR - []
2025-09-08 06:22:12,537 - 1505172 - piper.organizer - ERROR - []
2025-09-08 06:22:12,538 - 1505172 - piper.organizer - ERROR - []
2025-09-08 06:22:12,538 - 1505172 - piper.organizer - ERROR - []
2025-09-08 06:22:12,543 - 1505172 - piper.organizer - ERROR - []
2025-09-08 06:22:12,547 - 1505172 - piper.organizer - ERROR - []
2025-09-08 06:22:12,548 - 1505172 - piper.organizer - ERROR - []
2025-09-08 06:22:12,550 - 1505172 - piper.organizer - ERROR - []
2025-09-08 06:22:12,550 - 1505172 - piper.organizer - ERROR - []
2025-09-08 06:22:12,551 - 1505172 - piper.organizer - ERROR - []
2025-09-08 06:22:12,551 - 1505172 - piper.organizer - ERROR - []
2025-09-08 06:22:12,552 - 1505172 - piper.organizer - ERROR - []
2025-09-08 06:22:12,553 - 1505172 - piper.organizer - ERROR - []
2025-09-08 06:22:12,553 - 1505172 - piper.organizer - ERROR - []
2025-09-08 06:22:12,554 - 1505172 - piper.organizer - ERROR - []
2025-09-08 06:22:12,554 - 1505172 - piper.organizer - ERROR - []
2025-09-08 06:22:12,554 - 1505172 - piper.organizer - ERROR - []
2025-09-08 06:22:12,555 - 1505172 - piper.organizer - ERROR - []
2025-09-08 06:22:12,558 - 1505172 - piper.organizer - ERROR - []
2025-09-08 06:22:12,558 - 1505172 - piper.organizer - ERROR - []
2025-09-08 06:22:12,558 - 1505172 - piper.organizer - ERROR - []
2025-09-08 06:22:12,558 - 1505172 - piper.organizer - ERROR - []
2025-09-08 06:22:12,559 - 1505172 - piper.organizer - ERROR - []
2025-09-08 06:22:12,559 - 1505172 - piper.organizer - ERROR - []
2025-09-08 06:22:12,561 - 1505172 - piper.organizer - ERROR - []
2025-09-08 06:22:12,562 - 1505172 - piper.organizer - ERROR - []
2025-09-08 06:22:12,562 - 1505172 - piper.organizer - ERROR - []
2025-09-08 06:22:12,562 - 1505172 - piper.organizer - ERROR - []
2025-09-08 06:22:12,562 - 1505172 - piper.organizer - ERROR - []
2025-09-08 06:22:12,565 - 1505172 - piper.organizer - ERROR - []
2025-09-08 06:22:12,565 - 1505172 - piper.organizer - ERROR - []
2025-09-08 06:22:12,565 - 1505172 - piper.organizer - ERROR - []
2025-09-08 06:22:12,565 - 1505172 - piper.organizer - ERROR - []
2025-09-08 06:22:12,565 - 1505172 - piper.organizer - ERROR - []
2025-09-08 06:22:12,566 - 1505172 - piper.organizer - ERROR - []
2025-09-08 06:22:12,568 - 1505172 - piper.organizer - ERROR - []
2025-09-08 06:22:12,568 - 1505172 - piper.organizer - ERROR - []
2025-09-08 06:22:12,568 - 1505172 - piper.organizer - ERROR - []
2025-09-08 06:22:12,568 - 1505172 - piper.organizer - ERROR - []
2025-09-08 06:22:12,569 - 1505172 - piper.organizer - ERROR - []
2025-09-08 06:22:12,569 - 1505172 - piper.organizer - ERROR - []
2025-09-08 06:22:12,570 - 1505172 - piper.organizer - ERROR - []
2025-09-08 06:22:12,572 - 1505172 - piper.organizer - ERROR - []
2025-09-08 06:22:12,573 - 1505172 - piper.organizer - ERROR - []
2025-09-08 06:22:12,576 - 1505172 - piper.organizer - ERROR - []
2025-09-08 06:22:12,576 - 1505172 - piper.organizer - ERROR - []
2025-09-08 06:22:12,577 - 1505172 - piper.organizer - ERROR - []
2025-09-08 06:22:12,577 - 1505172 - piper.organizer - ERROR - []
2025-09-08 06:22:12,577 - 1505172 - piper.organizer - ERROR - []
2025-09-08 06:22:12,577 - 1505172 - piper.organizer - ERROR - []
2025-09-08 06:22:12,578 - 1505172 - piper.organizer - ERROR - []
2025-09-08 06:22:12,578 - 1505172 - piper.organizer - ERROR - []
2025-09-08 06:22:12,578 - 1505172 - piper.organizer - ERROR - []
2025-09-08 06:22:12,578 - 1505172 - piper.organizer - ERROR - []
2025-09-08 06:22:12,579 - 1505172 - piper.organizer - ERROR - []
2025-09-08 06:22:12,579 - 1505172 - piper.organizer - ERROR - []
2025-09-08 06:22:12,580 - 1505172 - piper.organizer - ERROR - []
2025-09-08 06:22:12,581 - 1505172 - piper.organizer - ERROR - []
2025-09-08 06:22:12,581 - 1505172 - piper.organizer - ERROR - []
2025-09-08 06:22:12,582 - 1505172 - piper.organizer - ERROR - []
2025-09-08 06:22:12,582 - 1505172 - piper.organizer - ERROR - []
2025-09-08 06:22:12,583 - 1505172 - piper.organizer - ERROR - []
2025-09-08 06:22:12,583 - 1505172 - piper.organizer - ERROR - []
2025-09-08 06:22:12,583 - 1505172 - piper.organizer - ERROR - []
2025-09-08 06:22:12,584 - 1505172 - piper.organizer - ERROR - []
2025-09-08 06:22:12,584 - 1505172 - piper.organizer - ERROR - []
2025-09-08 06:22:12,584 - 1505172 - piper.organizer - ERROR - []
2025-09-08 06:22:12,584 - 1505172 - piper.organizer - ERROR - []
2025-09-08 06:22:12,585 - 1505172 - piper.organizer - ERROR - []
2025-09-08 06:22:12,585 - 1505172 - piper.organizer - ERROR - []
2025-09-08 06:22:12,585 - 1505172 - piper.organizer - ERROR - []
2025-09-08 06:22:12,587 - 1505172 - piper.organizer - ERROR - []
2025-09-08 06:22:12,589 - 1505172 - piper.organizer - ERROR - []
2025-09-08 06:22:12,589 - 1505172 - piper.organizer - ERROR - []
2025-09-08 06:22:12,589 - 1505172 - piper.organizer - ERROR - []
2025-09-08 06:22:12,589 - 1505172 - piper.organizer - ERROR - []
2025-09-08 06:22:12,589 - 1505172 - piper.organizer - ERROR - []
2025-09-08 06:22:12,594 - 1505172 - piper.organizer - ERROR - []
2025-09-08 06:22:12,594 - 1505172 - piper.organizer - ERROR - []
2025-09-08 06:22:12,595 - 1505172 - piper.organizer - ERROR - []
2025-09-08 06:22:12,595 - 1505172 - piper.organizer - ERROR - []
2025-09-08 06:22:12,595 - 1505172 - piper.organizer - ERROR - []
2025-09-08 06:22:12,596 - 1505172 - piper.organizer - ERROR - []
2025-09-08 06:22:12,599 - 1505172 - piper.organizer - ERROR - []
2025-09-08 06:22:12,600 - 1505172 - piper.organizer - ERROR - []
2025-09-08 06:22:12,601 - 1505172 - piper.organizer - ERROR - []
2025-09-08 06:22:12,602 - 1505172 - piper.organizer - ERROR - []
2025-09-08 06:22:12,602 - 1505172 - piper.organizer - ERROR - []
2025-09-08 06:22:12,603 - 1505172 - piper.organizer - ERROR - []
2025-09-08 06:22:12,603 - 1505172 - piper.organizer - ERROR - []
2025-09-08 06:22:12,604 - 1505172 - piper.organizer - ERROR - []
2025-09-08 06:22:12,604 - 1505172 - piper.organizer - ERROR - []
2025-09-08 06:22:12,604 - 1505172 - piper.organizer - ERROR - []
2025-09-08 06:22:12,605 - 1505172 - piper.organizer - ERROR - []
2025-09-08 06:22:12,605 - 1505172 - piper.organizer - ERROR - []
2025-09-08 06:22:12,605 - 1505172 - piper.organizer - ERROR - []
2025-09-08 06:22:12,606 - 1505172 - piper.organizer - ERROR - []
2025-09-08 06:22:12,606 - 1505172 - piper.organizer - ERROR - []
2025-09-08 06:22:12,606 - 1505172 - piper.organizer - ERROR - []
2025-09-08 06:22:12,607 - 1505172 - piper.organizer - ERROR - []
2025-09-08 06:22:12,607 - 1505172 - piper.organizer - ERROR - []
2025-09-08 06:22:12,607 - 1505172 - piper.organizer - ERROR - []
2025-09-08 06:22:12,607 - 1505172 - piper.organizer - ERROR - []
2025-09-08 06:22:12,608 - 1505172 - piper.organizer - ERROR - []
2025-09-08 06:22:12,609 - 1505172 - piper.organizer - ERROR - []
2025-09-08 06:22:12,609 - 1505172 - piper.organizer - ERROR - []
2025-09-08 06:22:12,609 - 1505172 - piper.organizer - ERROR - []
2025-09-08 06:22:12,610 - 1505172 - piper.organizer - ERROR - []
2025-09-08 06:22:12,611 - 1505172 - piper.organizer - ERROR - []
2025-09-08 06:22:12,611 - 1505172 - piper.organizer - ERROR - []
2025-09-08 06:22:12,611 - 1505172 - piper.organizer - ERROR - []
2025-09-08 06:22:12,611 - 1505172 - piper.organizer - ERROR - []
2025-09-08 06:22:12,611 - 1505172 - piper.organizer - ERROR - []
2025-09-08 06:22:12,612 - 1505172 - piper.organizer - ERROR - []
2025-09-08 06:22:12,612 - 1505172 - piper.organizer - ERROR - []
2025-09-08 06:22:12,612 - 1505172 - piper.organizer - ERROR - []
2025-09-08 06:22:12,613 - 1505172 - piper.organizer - ERROR - []
2025-09-08 06:22:12,613 - 1505172 - piper.organizer - ERROR - []
2025-09-08 06:22:12,614 - 1505172 - piper.organizer - ERROR - []
2025-09-08 06:22:12,614 - 1505172 - piper.organizer - ERROR - []
2025-09-08 06:22:12,614 - 1505172 - piper.organizer - ERROR - []
2025-09-08 06:22:12,614 - 1505172 - piper.organizer - ERROR - []
2025-09-08 06:22:12,615 - 1505172 - piper.organizer - ERROR - []
2025-09-08 06:22:12,616 - 1505172 - piper.organizer - ERROR - []
2025-09-08 06:22:12,616 - 1505172 - piper.organizer - ERROR - []
2025-09-08 06:22:12,616 - 1505172 - piper.organizer - ERROR - []
2025-09-08 06:22:12,617 - 1505172 - piper.organizer - ERROR - []
2025-09-08 06:22:12,617 - 1505172 - piper.organizer - ERROR - []
2025-09-08 06:22:12,617 - 1505172 - piper.organizer - ERROR - []
2025-09-08 06:22:12,619 - 1505172 - piper.organizer - ERROR - []
2025-09-08 06:22:12,619 - 1505172 - piper.organizer - ERROR - []
2025-09-08 06:22:12,619 - 1505172 - piper.organizer - ERROR - []
2025-09-08 06:22:12,619 - 1505172 - piper.organizer - ERROR - []
2025-09-08 06:22:12,619 - 1505172 - piper.organizer - ERROR - []
2025-09-08 06:22:12,619 - 1505172 - piper.organizer - ERROR - []
2025-09-08 06:22:12,620 - 1505172 - piper.organizer - ERROR - []
2025-09-08 06:22:12,620 - 1505172 - piper.organizer - ERROR - []
2025-09-08 06:22:12,621 - 1505172 - piper.organizer - ERROR - []
2025-09-08 06:22:12,621 - 1505172 - piper.organizer - ERROR - []
2025-09-08 06:22:12,622 - 1505172 - piper.organizer - ERROR - []
2025-09-08 06:22:12,622 - 1505172 - piper.organizer - ERROR - []
2025-09-08 06:22:12,622 - 1505172 - piper.organizer - ERROR - []
2025-09-08 06:22:12,623 - 1505172 - piper.organizer - ERROR - []
2025-09-08 06:22:12,623 - 1505172 - piper.organizer - ERROR - []
2025-09-08 06:22:12,623 - 1505172 - piper.organizer - ERROR - []
2025-09-08 06:22:12,623 - 1505172 - piper.organizer - ERROR - []
2025-09-08 06:22:12,623 - 1505172 - piper.organizer - ERROR - []
2025-09-08 06:22:12,623 - 1505172 - piper.organizer - ERROR - []
2025-09-08 06:22:12,623 - 1505172 - piper.organizer - ERROR - []
2025-09-08 06:22:12,625 - 1505172 - piper.organizer - ERROR - []
2025-09-08 06:22:12,625 - 1505172 - piper.organizer - ERROR - []
2025-09-08 06:22:12,626 - 1505172 - piper.organizer - ERROR - []
2025-09-08 06:22:12,626 - 1505172 - piper.organizer - ERROR - []
2025-09-08 06:22:12,626 - 1505172 - piper.organizer - ERROR - []
2025-09-08 06:22:12,627 - 1505172 - piper.organizer - ERROR - []
2025-09-08 06:22:12,628 - 1505172 - piper.organizer - ERROR - []
2025-09-08 06:22:12,628 - 1505172 - piper.organizer - ERROR - []
2025-09-08 06:22:12,629 - 1505172 - piper.organizer - ERROR - []
2025-09-08 06:22:12,629 - 1505172 - piper.organizer - ERROR - []
2025-09-08 06:22:12,629 - 1505172 - piper.organizer - ERROR - []
2025-09-08 06:22:12,631 - 1505172 - piper.organizer - ERROR - []
2025-09-08 06:22:12,631 - 1505172 - piper.organizer - ERROR - []
2025-09-08 06:22:12,631 - 1505172 - piper.organizer - ERROR - []
2025-09-08 06:22:12,632 - 1505172 - piper.organizer - ERROR - []
2025-09-08 06:22:12,632 - 1505172 - piper.organizer - ERROR - []
2025-09-08 06:22:12,633 - 1505172 - piper.organizer - ERROR - []
2025-09-08 06:22:12,633 - 1505172 - piper.organizer - ERROR - []
2025-09-08 06:22:12,634 - 1505172 - piper.organizer - ERROR - []
2025-09-08 06:22:12,634 - 1505172 - piper.organizer - ERROR - []
2025-09-08 06:22:12,634 - 1505172 - piper.organizer - ERROR - []
2025-09-08 06:22:12,634 - 1505172 - piper.organizer - ERROR - []
2025-09-08 06:22:12,635 - 1505172 - piper.organizer - ERROR - []
2025-09-08 06:22:12,635 - 1505172 - piper.organizer - ERROR - []
2025-09-08 06:22:12,635 - 1505172 - piper.organizer - ERROR - []
2025-09-08 06:22:12,636 - 1505172 - piper.organizer - ERROR - []
2025-09-08 06:22:12,636 - 1505172 - piper.organizer - ERROR - []
2025-09-08 06:22:12,636 - 1505172 - piper.organizer - ERROR - []
2025-09-08 06:22:12,636 - 1505172 - piper.organizer - ERROR - []
2025-09-08 06:22:12,636 - 1505172 - piper.organizer - ERROR - []
2025-09-08 06:22:12,637 - 1505172 - piper.organizer - ERROR - []
2025-09-08 06:22:12,637 - 1505172 - piper.organizer - ERROR - []
2025-09-08 06:22:12,638 - 1505172 - piper.organizer - ERROR - []
2025-09-08 06:22:12,638 - 1505172 - piper.organizer - ERROR - []
2025-09-08 06:22:12,638 - 1505172 - piper.organizer - ERROR - []
2025-09-08 06:22:12,638 - 1505172 - piper.organizer - ERROR - []
2025-09-08 06:22:12,638 - 1505172 - piper.organizer - ERROR - []
2025-09-08 06:22:12,638 - 1505172 - piper.organizer - ERROR - []
2025-09-08 06:22:12,639 - 1505172 - piper.organizer - ERROR - []
2025-09-08 06:22:12,639 - 1505172 - piper.organizer - ERROR - []
2025-09-08 06:22:12,639 - 1505172 - piper.organizer - ERROR - []
2025-09-08 06:22:12,641 - 1505172 - piper.organizer - ERROR - []
2025-09-08 06:22:12,641 - 1505172 - piper.organizer - ERROR - []
2025-09-08 06:22:12,641 - 1505172 - piper.organizer - ERROR - []
2025-09-08 06:22:12,642 - 1505172 - piper.organizer - ERROR - []
2025-09-08 06:22:12,643 - 1505172 - piper.organizer - ERROR - []
2025-09-08 06:22:12,643 - 1505172 - piper.organizer - ERROR - []
2025-09-08 06:22:12,643 - 1505172 - piper.organizer - ERROR - []
2025-09-08 06:22:12,643 - 1505172 - piper.organizer - ERROR - []
2025-09-08 06:22:12,644 - 1505172 - piper.organizer - ERROR - []
2025-09-08 06:22:12,644 - 1505172 - piper.organizer - ERROR - []
2025-09-08 06:22:12,645 - 1505172 - piper.organizer - ERROR - []
2025-09-08 06:22:12,645 - 1505172 - piper.organizer - ERROR - []
2025-09-08 06:22:12,646 - 1505172 - piper.organizer - ERROR - []
2025-09-08 06:22:12,646 - 1505172 - piper.organizer - ERROR - []
2025-09-08 06:22:12,647 - 1505172 - piper.organizer - ERROR - []
2025-09-08 06:22:12,647 - 1505172 - piper.organizer - ERROR - []
2025-09-08 06:22:12,647 - 1505172 - piper.organizer - ERROR - []
2025-09-08 06:22:12,647 - 1505172 - piper.organizer - ERROR - []
2025-09-08 06:22:12,649 - 1505172 - piper.organizer - ERROR - []
2025-09-08 06:22:12,649 - 1505172 - piper.organizer - ERROR - []
2025-09-08 06:22:12,649 - 1505172 - piper.organizer - ERROR - []
2025-09-08 06:22:12,651 - 1505172 - piper.organizer - ERROR - []
2025-09-08 06:22:12,651 - 1505172 - piper.organizer - ERROR - []
2025-09-08 06:22:12,651 - 1505172 - piper.organizer - ERROR - []
2025-09-08 06:22:12,651 - 1505172 - piper.organizer - ERROR - []
2025-09-08 06:22:12,651 - 1505172 - piper.organizer - ERROR - []
2025-09-08 06:22:12,651 - 1505172 - piper.organizer - ERROR - []
2025-09-08 06:22:12,652 - 1505172 - piper.organizer - ERROR - []
2025-09-08 06:22:12,652 - 1505172 - piper.organizer - ERROR - []
2025-09-08 06:22:12,652 - 1505172 - piper.organizer - ERROR - []
2025-09-08 06:22:12,653 - 1505172 - piper.organizer - ERROR - []
2025-09-08 06:22:12,653 - 1505172 - piper.organizer - ERROR - []
2025-09-08 06:22:12,653 - 1505172 - piper.organizer - ERROR - []
2025-09-08 06:22:12,653 - 1505172 - piper.organizer - ERROR - []
2025-09-08 06:22:12,654 - 1505172 - piper.organizer - ERROR - []
2025-09-08 06:22:12,654 - 1505172 - piper.organizer - ERROR - []
2025-09-08 06:22:12,655 - 1505172 - piper.organizer - ERROR - []
2025-09-08 06:22:12,655 - 1505172 - piper.organizer - ERROR - []
2025-09-08 06:22:12,656 - 1505172 - piper.organizer - ERROR - []
2025-09-08 06:22:12,656 - 1505172 - piper.organizer - ERROR - []
2025-09-08 06:22:12,656 - 1505172 - piper.organizer - ERROR - []
2025-09-08 06:22:12,657 - 1505172 - piper.organizer - ERROR - []
2025-09-08 06:22:12,657 - 1505172 - piper.organizer - ERROR - []
2025-09-08 06:22:12,657 - 1505172 - piper.organizer - ERROR - []
2025-09-08 06:22:12,658 - 1505172 - piper.organizer - ERROR - []
2025-09-08 06:22:12,661 - 1505172 - piper.organizer - ERROR - []
2025-09-08 06:22:12,661 - 1505172 - piper.organizer - ERROR - []
2025-09-08 06:22:12,666 - 1505172 - piper.organizer - ERROR - []
2025-09-08 06:22:12,666 - 1505172 - piper.organizer - ERROR - []
2025-09-08 06:22:12,667 - 1505172 - piper.organizer - ERROR - []
2025-09-08 06:22:12,667 - 1505172 - piper.organizer - ERROR - []
2025-09-08 06:22:12,668 - 1505172 - piper.organizer - ERROR - []
2025-09-08 06:22:12,670 - 1505172 - piper.organizer - ERROR - []
2025-09-08 06:22:12,671 - 1505172 - piper.organizer - ERROR - []
2025-09-08 06:22:12,671 - 1505172 - piper.organizer - ERROR - []
2025-09-08 06:22:12,671 - 1505172 - piper.organizer - ERROR - []
2025-09-08 06:22:12,672 - 1505172 - piper.organizer - ERROR - []
2025-09-08 06:22:12,672 - 1505172 - piper.organizer - ERROR - []
2025-09-08 06:22:12,672 - 1505172 - piper.organizer - ERROR - []
2025-09-08 06:22:12,672 - 1505172 - piper.organizer - ERROR - []
2025-09-08 06:22:12,672 - 1505172 - piper.organizer - ERROR - []
2025-09-08 06:22:12,672 - 1505172 - piper.organizer - ERROR - []
2025-09-08 06:22:12,673 - 1505172 - piper.organizer - ERROR - []
2025-09-08 06:22:12,674 - 1505172 - piper.organizer - ERROR - []
2025-09-08 06:22:12,674 - 1505172 - piper.organizer - ERROR - []
2025-09-08 06:22:12,674 - 1505172 - piper.organizer - ERROR - []
2025-09-08 06:22:12,675 - 1505172 - piper.organizer - ERROR - []
2025-09-08 06:22:12,675 - 1505172 - piper.organizer - ERROR - []
2025-09-08 06:22:12,675 - 1505172 - piper.organizer - ERROR - []
2025-09-08 06:22:12,675 - 1505172 - piper.organizer - ERROR - []
2025-09-08 06:22:12,676 - 1505172 - piper.organizer - ERROR - []
2025-09-08 06:22:12,676 - 1505172 - piper.organizer - ERROR - []
2025-09-08 06:22:12,677 - 1505172 - piper.organizer - ERROR - []
2025-09-08 06:22:12,677 - 1505172 - piper.organizer - ERROR - []
2025-09-08 06:22:12,677 - 1505172 - piper.organizer - ERROR - []
2025-09-08 06:22:12,677 - 1505172 - piper.organizer - ERROR - []
2025-09-08 06:22:12,677 - 1505172 - piper.organizer - ERROR - []
2025-09-08 06:22:12,678 - 1505172 - piper.organizer - ERROR - []
2025-09-08 06:22:12,678 - 1505172 - piper.organizer - ERROR - []
2025-09-08 06:22:12,678 - 1505172 - piper.organizer - ERROR - []
2025-09-08 06:22:12,678 - 1505172 - piper.organizer - ERROR - []
2025-09-08 06:22:12,679 - 1505172 - piper.organizer - ERROR - []
2025-09-08 06:22:12,679 - 1505172 - piper.organizer - ERROR - []
2025-09-08 06:22:12,679 - 1505172 - piper.organizer - ERROR - []
2025-09-08 06:22:12,679 - 1505172 - piper.organizer - ERROR - []
2025-09-08 06:22:12,680 - 1505172 - piper.organizer - ERROR - []
2025-09-08 06:22:12,680 - 1505172 - piper.organizer - ERROR - []
2025-09-08 06:22:12,680 - 1505172 - piper.organizer - ERROR - []
2025-09-08 06:22:12,680 - 1505172 - piper.organizer - ERROR - []
2025-09-08 06:22:12,681 - 1505172 - piper.organizer - ERROR - []
2025-09-08 06:22:12,685 - 1505172 - piper.organizer - ERROR - []
2025-09-08 06:22:12,685 - 1505172 - piper.organizer - ERROR - []
2025-09-08 06:22:12,685 - 1505172 - piper.organizer - ERROR - []
2025-09-08 06:22:12,686 - 1505172 - piper.organizer - ERROR - []
2025-09-08 06:22:12,686 - 1505172 - piper.organizer - ERROR - []
2025-09-08 06:22:12,686 - 1505172 - piper.organizer - ERROR - []
2025-09-08 06:22:12,687 - 1505172 - piper.organizer - ERROR - []
2025-09-08 06:22:12,687 - 1505172 - piper.organizer - ERROR - []
2025-09-08 06:22:12,687 - 1505172 - piper.organizer - ERROR - []
2025-09-08 06:22:12,687 - 1505172 - piper.organizer - ERROR - []
2025-09-08 06:22:12,687 - 1505172 - piper.organizer - ERROR - []
2025-09-08 06:22:12,687 - 1505172 - piper.organizer - ERROR - []
2025-09-08 06:22:12,687 - 1505172 - piper.organizer - ERROR - []
2025-09-08 06:22:12,688 - 1505172 - piper.organizer - ERROR - []
2025-09-08 06:22:12,688 - 1505172 - piper.organizer - ERROR - []
2025-09-08 06:22:12,689 - 1505172 - piper.organizer - ERROR - []
2025-09-08 06:22:12,689 - 1505172 - piper.organizer - ERROR - []
2025-09-08 06:22:12,694 - 1505172 - piper.organizer - ERROR - []
2025-09-08 06:22:12,695 - 1505172 - piper.organizer - ERROR - []
2025-09-08 06:22:12,697 - 1505172 - piper.organizer - ERROR - []
2025-09-08 06:22:12,697 - 1505172 - piper.organizer - ERROR - []
2025-09-08 06:22:12,697 - 1505172 - piper.organizer - ERROR - []
2025-09-08 06:22:12,710 - 1505172 - piper.organizer - ERROR - []
2025-09-08 06:22:12,711 - 1505172 - piper.organizer - ERROR - []
2025-09-08 06:22:12,711 - 1505172 - piper.organizer - ERROR - []
2025-09-08 06:22:12,711 - 1505172 - piper.organizer - ERROR - []
2025-09-08 06:22:12,711 - 1505172 - piper.organizer - ERROR - []
2025-09-08 06:22:12,712 - 1505172 - piper.organizer - ERROR - []
2025-09-08 06:22:12,712 - 1505172 - piper.organizer - ERROR - []
2025-09-08 06:22:12,712 - 1505172 - piper.organizer - ERROR - []
2025-09-08 06:22:12,712 - 1505172 - piper.organizer - ERROR - []
2025-09-08 06:22:12,713 - 1505172 - piper.organizer - ERROR - []
2025-09-08 06:22:12,713 - 1505172 - piper.organizer - ERROR - []
2025-09-08 06:22:12,713 - 1505172 - piper.organizer - ERROR - []
2025-09-08 06:22:12,713 - 1505172 - piper.organizer - ERROR - []
2025-09-08 06:22:12,714 - 1505172 - piper.organizer - ERROR - []
2025-09-08 06:22:12,714 - 1505172 - piper.organizer - ERROR - []
2025-09-08 06:22:12,714 - 1505172 - piper.organizer - ERROR - []
2025-09-08 06:22:12,714 - 1505172 - piper.organizer - ERROR - []
2025-09-08 06:22:12,714 - 1505172 - piper.organizer - ERROR - []
2025-09-08 06:22:12,715 - 1505172 - piper.organizer - ERROR - []
2025-09-08 06:22:12,715 - 1505172 - piper.organizer - ERROR - []
2025-09-08 06:22:12,715 - 1505172 - piper.organizer - ERROR - []
2025-09-08 06:22:12,715 - 1505172 - piper.organizer - ERROR - []
2025-09-08 06:22:12,716 - 1505172 - piper.organizer - ERROR - []
2025-09-08 06:22:12,716 - 1505172 - piper.organizer - ERROR - []
2025-09-08 06:22:12,716 - 1505172 - piper.organizer - ERROR - []
2025-09-08 06:22:12,717 - 1505172 - piper.organizer - ERROR - []
2025-09-08 06:22:12,717 - 1505172 - piper.organizer - ERROR - []
2025-09-08 06:22:12,717 - 1505172 - piper.organizer - ERROR - []
2025-09-08 06:22:12,717 - 1505172 - piper.organizer - ERROR - []
2025-09-08 06:22:12,717 - 1505172 - piper.organizer - ERROR - []
2025-09-08 06:22:12,718 - 1505172 - piper.organizer - ERROR - []
2025-09-08 06:22:12,718 - 1505172 - piper.organizer - ERROR - []
2025-09-08 06:22:12,718 - 1505172 - piper.organizer - ERROR - []
2025-09-08 06:22:12,718 - 1505172 - piper.organizer - ERROR - []
2025-09-08 06:22:12,719 - 1505172 - piper.organizer - ERROR - []
2025-09-08 06:22:12,719 - 1505172 - piper.organizer - ERROR - []
2025-09-08 06:22:12,720 - 1505172 - piper.organizer - ERROR - []
2025-09-08 06:22:12,720 - 1505172 - piper.organizer - ERROR - []
2025-09-08 06:22:12,720 - 1505172 - piper.organizer - ERROR - []
2025-09-08 06:22:12,720 - 1505172 - piper.organizer - ERROR - []
2025-09-08 06:22:12,720 - 1505172 - piper.organizer - ERROR - []
2025-09-08 06:22:12,720 - 1505172 - piper.organizer - ERROR - []
2025-09-08 06:22:12,721 - 1505172 - piper.organizer - ERROR - []
2025-09-08 06:22:12,721 - 1505172 - piper.organizer - ERROR - []
2025-09-08 06:22:12,721 - 1505172 - piper.organizer - ERROR - []
2025-09-08 06:22:12,721 - 1505172 - piper.organizer - ERROR - []
2025-09-08 06:22:12,722 - 1505172 - piper.organizer - ERROR - []
2025-09-08 06:22:12,722 - 1505172 - piper.organizer - ERROR - []
2025-09-08 06:22:12,723 - 1505172 - piper.organizer - ERROR - []
2025-09-08 06:22:12,723 - 1505172 - piper.organizer - ERROR - []
2025-09-08 06:22:12,723 - 1505172 - piper.organizer - ERROR - []
2025-09-08 06:22:12,724 - 1505172 - piper.organizer - ERROR - []
2025-09-08 06:22:12,724 - 1505172 - piper.organizer - ERROR - []
2025-09-08 06:22:12,724 - 1505172 - piper.organizer - ERROR - []
2025-09-08 06:22:12,724 - 1505172 - piper.organizer - ERROR - []
2025-09-08 06:22:12,724 - 1505172 - piper.organizer - ERROR - []
2025-09-08 06:22:12,725 - 1505172 - piper.organizer - ERROR - []
2025-09-08 06:22:12,725 - 1505172 - piper.organizer - ERROR - []
2025-09-08 06:22:12,726 - 1505172 - piper.organizer - ERROR - []
2025-09-08 06:22:12,726 - 1505172 - piper.organizer - ERROR - []
2025-09-08 06:22:12,726 - 1505172 - piper.organizer - ERROR - []
2025-09-08 06:22:12,727 - 1505172 - piper.organizer - ERROR - []
2025-09-08 06:22:12,727 - 1505172 - piper.organizer - ERROR - []
2025-09-08 06:22:12,727 - 1505172 - piper.organizer - ERROR - []
2025-09-08 06:22:12,728 - 1505172 - piper.organizer - ERROR - []
2025-09-08 06:22:12,728 - 1505172 - piper.organizer - ERROR - []
2025-09-08 06:22:12,728 - 1505172 - piper.organizer - ERROR - []
2025-09-08 06:22:12,729 - 1505172 - piper.organizer - ERROR - []
2025-09-08 06:22:12,729 - 1505172 - piper.organizer - ERROR - []
2025-09-08 06:22:12,729 - 1505172 - piper.organizer - ERROR - []
2025-09-08 06:22:12,729 - 1505172 - piper.organizer - ERROR - []
2025-09-08 06:22:12,730 - 1505172 - piper.organizer - ERROR - []
2025-09-08 06:22:12,730 - 1505172 - piper.organizer - ERROR - []
2025-09-08 06:22:12,730 - 1505172 - piper.organizer - ERROR - []
2025-09-08 06:22:12,730 - 1505172 - piper.organizer - ERROR - []
2025-09-08 06:22:12,731 - 1505172 - piper.organizer - ERROR - []
2025-09-08 06:22:12,731 - 1505172 - piper.organizer - ERROR - []
2025-09-08 06:22:12,731 - 1505172 - piper.organizer - ERROR - []
2025-09-08 06:22:12,732 - 1505172 - piper.organizer - ERROR - []
2025-09-08 06:22:12,732 - 1505172 - piper.organizer - ERROR - []
2025-09-08 06:22:12,732 - 1505172 - piper.organizer - ERROR - []
2025-09-08 06:22:12,733 - 1505172 - piper.organizer - ERROR - []
2025-09-08 06:22:12,733 - 1505172 - piper.organizer - ERROR - []
2025-09-08 06:22:12,733 - 1505172 - piper.organizer - ERROR - []
2025-09-08 06:22:12,733 - 1505172 - piper.organizer - ERROR - []
2025-09-08 06:22:12,733 - 1505172 - piper.organizer - ERROR - []
2025-09-08 06:22:12,734 - 1505172 - piper.organizer - ERROR - []
2025-09-08 06:22:12,735 - 1505172 - piper.organizer - ERROR - []
2025-09-08 06:22:12,736 - 1505172 - piper.organizer - ERROR - []
2025-09-08 06:22:12,736 - 1505172 - piper.organizer - ERROR - []
2025-09-08 06:22:12,736 - 1505172 - piper.organizer - ERROR - []
2025-09-08 06:22:12,737 - 1505172 - piper.organizer - ERROR - []
2025-09-08 06:22:12,737 - 1505172 - piper.organizer - ERROR - []
2025-09-08 06:22:12,737 - 1505172 - piper.organizer - ERROR - []
2025-09-08 06:22:12,737 - 1505172 - piper.organizer - ERROR - []
2025-09-08 06:22:12,738 - 1505172 - piper.organizer - ERROR - []
2025-09-08 06:22:12,738 - 1505172 - piper.organizer - ERROR - []
2025-09-08 06:22:12,738 - 1505172 - piper.organizer - ERROR - []
2025-09-08 06:22:12,738 - 1505172 - piper.organizer - ERROR - []
2025-09-08 06:22:12,738 - 1505172 - piper.organizer - ERROR - []
2025-09-08 06:22:12,741 - 1505172 - piper.organizer - ERROR - []
2025-09-08 06:22:12,742 - 1505172 - piper.organizer - ERROR - []
2025-09-08 06:22:12,744 - 1505172 - piper.organizer - ERROR - []
2025-09-08 06:22:12,744 - 1505172 - piper.organizer - ERROR - Traversal encounters a non-existing file at /home/user/uber-one/data_piper_core_pipelines/core/new_verticals_data_warehouse/one_move/config
2025-09-08 06:22:12,745 - 1505172 - piper.organizer - ERROR - []
2025-09-08 06:22:12,746 - 1505172 - piper.organizer - ERROR - []
2025-09-08 06:22:12,746 - 1505172 - piper.organizer - ERROR - []
2025-09-08 06:22:12,746 - 1505172 - piper.organizer - ERROR - []
2025-09-08 06:22:12,761 - 1505172 - piper.organizer - ERROR - []
2025-09-08 06:22:12,771 - 1505172 - piper.organizer - ERROR - []
2025-09-08 06:22:12,771 - 1505172 - piper.organizer - ERROR - []
2025-09-08 06:22:12,771 - 1505172 - piper.organizer - ERROR - []
2025-09-08 06:22:12,771 - 1505172 - piper.organizer - ERROR - []
2025-09-08 06:22:12,772 - 1505172 - piper.organizer - ERROR - []
2025-09-08 06:22:12,772 - 1505172 - piper.organizer - ERROR - []
2025-09-08 06:22:12,773 - 1505172 - piper.organizer - ERROR - []
2025-09-08 06:22:12,773 - 1505172 - piper.organizer - ERROR - []
2025-09-08 06:22:12,773 - 1505172 - piper.organizer - ERROR - []
2025-09-08 06:22:12,774 - 1505172 - piper.organizer - ERROR - []
2025-09-08 06:22:12,774 - 1505172 - piper.organizer - ERROR - []
2025-09-08 06:22:12,774 - 1505172 - piper.organizer - ERROR - []
2025-09-08 06:22:12,775 - 1505172 - piper.organizer - ERROR - []
2025-09-08 06:22:12,775 - 1505172 - piper.organizer - ERROR - []
2025-09-08 06:22:12,775 - 1505172 - piper.organizer - ERROR - []
2025-09-08 06:22:12,778 - 1505172 - piper.organizer - ERROR - []
2025-09-08 06:22:12,778 - 1505172 - piper.organizer - ERROR - []
2025-09-08 06:22:12,778 - 1505172 - piper.organizer - ERROR - []
2025-09-08 06:22:12,779 - 1505172 - piper.organizer - ERROR - []
2025-09-08 06:22:12,779 - 1505172 - piper.organizer - ERROR - []
2025-09-08 06:22:12,779 - 1505172 - piper.organizer - ERROR - []
2025-09-08 06:22:12,779 - 1505172 - piper.organizer - ERROR - []
2025-09-08 06:22:12,780 - 1505172 - piper.organizer - ERROR - []
2025-09-08 06:22:12,780 - 1505172 - piper.organizer - ERROR - []
2025-09-08 06:22:12,780 - 1505172 - piper.organizer - ERROR - []
2025-09-08 06:22:12,781 - 1505172 - piper.organizer - ERROR - []
2025-09-08 06:22:12,786 - 1505172 - piper.organizer - ERROR - []
2025-09-08 06:22:12,786 - 1505172 - piper.organizer - ERROR - []
2025-09-08 06:22:12,786 - 1505172 - piper.organizer - ERROR - []
2025-09-08 06:22:12,786 - 1505172 - piper.organizer - ERROR - []
2025-09-08 06:22:12,787 - 1505172 - piper.organizer - ERROR - []
2025-09-08 06:22:12,788 - 1505172 - piper.organizer - ERROR - []
2025-09-08 06:22:12,788 - 1505172 - piper.organizer - ERROR - []
2025-09-08 06:22:12,788 - 1505172 - piper.organizer - ERROR - []
2025-09-08 06:22:12,788 - 1505172 - piper.organizer - ERROR - []
2025-09-08 06:22:12,788 - 1505172 - piper.organizer - ERROR - []
2025-09-08 06:22:12,788 - 1505172 - piper.organizer - ERROR - []
2025-09-08 06:22:12,789 - 1505172 - piper.organizer - ERROR - []
2025-09-08 06:22:12,789 - 1505172 - piper.organizer - ERROR - []
2025-09-08 06:22:12,789 - 1505172 - piper.organizer - ERROR - []
2025-09-08 06:22:12,792 - 1505172 - piper.organizer - ERROR - []
2025-09-08 06:22:12,792 - 1505172 - piper.organizer - ERROR - []
2025-09-08 06:22:12,792 - 1505172 - piper.organizer - ERROR - []
2025-09-08 06:22:12,792 - 1505172 - piper.organizer - ERROR - []
2025-09-08 06:22:12,793 - 1505172 - piper.organizer - ERROR - []
2025-09-08 06:22:12,793 - 1505172 - piper.organizer - ERROR - []
2025-09-08 06:22:12,793 - 1505172 - piper.organizer - ERROR - []
2025-09-08 06:22:12,793 - 1505172 - piper.organizer - ERROR - []
2025-09-08 06:22:12,797 - 1505172 - piper.organizer - ERROR - []
2025-09-08 06:22:12,797 - 1505172 - piper.organizer - ERROR - []
2025-09-08 06:22:12,797 - 1505172 - piper.organizer - ERROR - []
2025-09-08 06:22:12,797 - 1505172 - piper.organizer - ERROR - []
2025-09-08 06:22:12,798 - 1505172 - piper.organizer - ERROR - []
2025-09-08 06:22:12,798 - 1505172 - piper.organizer - ERROR - []
2025-09-08 06:22:12,798 - 1505172 - piper.organizer - ERROR - []
2025-09-08 06:22:12,799 - 1505172 - piper.organizer - ERROR - []
2025-09-08 06:22:12,799 - 1505172 - piper.organizer - ERROR - []
2025-09-08 06:22:12,799 - 1505172 - piper.organizer - ERROR - []
2025-09-08 06:22:12,800 - 1505172 - piper.organizer - ERROR - []
2025-09-08 06:22:12,800 - 1505172 - piper.organizer - ERROR - []
2025-09-08 06:22:12,800 - 1505172 - piper.organizer - ERROR - []
2025-09-08 06:22:12,801 - 1505172 - piper.organizer - ERROR - []
2025-09-08 06:22:12,801 - 1505172 - piper.organizer - ERROR - []
2025-09-08 06:22:12,801 - 1505172 - piper.organizer - ERROR - []
2025-09-08 06:22:12,802 - 1505172 - piper.organizer - ERROR - []
2025-09-08 06:22:12,802 - 1505172 - piper.organizer - ERROR - []
2025-09-08 06:22:12,802 - 1505172 - piper.organizer - ERROR - []
2025-09-08 06:22:12,803 - 1505172 - piper.organizer - ERROR - []
2025-09-08 06:22:12,803 - 1505172 - piper.organizer - ERROR - []
2025-09-08 06:22:12,803 - 1505172 - piper.organizer - ERROR - []
2025-09-08 06:22:12,804 - 1505172 - piper.organizer - ERROR - []
2025-09-08 06:22:12,804 - 1505172 - piper.organizer - ERROR - []
2025-09-08 06:22:12,804 - 1505172 - piper.organizer - ERROR - []
2025-09-08 06:22:12,806 - 1505172 - piper.organizer - ERROR - []
2025-09-08 06:22:12,806 - 1505172 - piper.organizer - ERROR - []
2025-09-08 06:22:12,806 - 1505172 - piper.organizer - ERROR - []
2025-09-08 06:22:12,807 - 1505172 - piper.organizer - ERROR - []
2025-09-08 06:22:12,807 - 1505172 - piper.organizer - ERROR - []
2025-09-08 06:22:12,808 - 1505172 - piper.organizer - ERROR - []
2025-09-08 06:22:12,808 - 1505172 - piper.organizer - ERROR - []
2025-09-08 06:22:12,809 - 1505172 - piper.organizer - ERROR - []
2025-09-08 06:22:12,809 - 1505172 - piper.organizer - ERROR - []
2025-09-08 06:22:12,811 - 1505172 - piper.organizer - ERROR - []
2025-09-08 06:22:12,811 - 1505172 - piper.organizer - ERROR - []
2025-09-08 06:22:12,812 - 1505172 - piper.organizer - ERROR - []
2025-09-08 06:22:12,812 - 1505172 - piper.organizer - ERROR - []
2025-09-08 06:22:12,813 - 1505172 - piper.organizer - ERROR - []
2025-09-08 06:22:12,813 - 1505172 - piper.organizer - ERROR - []
2025-09-08 06:22:12,814 - 1505172 - piper.organizer - ERROR - []
2025-09-08 06:22:12,814 - 1505172 - piper.organizer - ERROR - []
2025-09-08 06:22:12,814 - 1505172 - piper.organizer - ERROR - []
2025-09-08 06:22:12,816 - 1505172 - piper.organizer - ERROR - []
2025-09-08 06:22:12,816 - 1505172 - piper.organizer - ERROR - []
2025-09-08 06:22:12,816 - 1505172 - piper.organizer - ERROR - []
2025-09-08 06:22:12,817 - 1505172 - piper.organizer - ERROR - []
2025-09-08 06:22:12,817 - 1505172 - piper.organizer - ERROR - []
2025-09-08 06:22:12,817 - 1505172 - piper.organizer - ERROR - []
2025-09-08 06:22:12,817 - 1505172 - piper.organizer - ERROR - []
2025-09-08 06:22:12,818 - 1505172 - piper.organizer - ERROR - []
2025-09-08 06:22:12,818 - 1505172 - piper.organizer - ERROR - []
2025-09-08 06:22:12,819 - 1505172 - piper.organizer - ERROR - []
2025-09-08 06:22:12,819 - 1505172 - piper.organizer - ERROR - []
2025-09-08 06:22:12,819 - 1505172 - piper.organizer - ERROR - []
2025-09-08 06:22:12,819 - 1505172 - piper.organizer - ERROR - []
2025-09-08 06:22:12,820 - 1505172 - piper.organizer - ERROR - []
2025-09-08 06:22:12,820 - 1505172 - piper.organizer - ERROR - []
2025-09-08 06:22:12,820 - 1505172 - piper.organizer - ERROR - []
2025-09-08 06:22:12,820 - 1505172 - piper.organizer - ERROR - []
2025-09-08 06:22:12,821 - 1505172 - piper.organizer - ERROR - []
2025-09-08 06:22:12,821 - 1505172 - piper.organizer - ERROR - []
2025-09-08 06:22:12,822 - 1505172 - piper.organizer - ERROR - []
2025-09-08 06:22:12,822 - 1505172 - piper.organizer - ERROR - []
2025-09-08 06:22:12,822 - 1505172 - piper.organizer - ERROR - []
2025-09-08 06:22:12,822 - 1505172 - piper.organizer - ERROR - []
2025-09-08 06:22:12,823 - 1505172 - piper.organizer - ERROR - []
2025-09-08 06:22:12,823 - 1505172 - piper.organizer - ERROR - []
2025-09-08 06:22:12,824 - 1505172 - piper.organizer - ERROR - []
2025-09-08 06:22:12,824 - 1505172 - piper.organizer - ERROR - []
2025-09-08 06:22:12,825 - 1505172 - piper.organizer - ERROR - []
2025-09-08 06:22:12,825 - 1505172 - piper.organizer - ERROR - []
2025-09-08 06:22:12,825 - 1505172 - piper.organizer - ERROR - []
2025-09-08 06:22:12,825 - 1505172 - piper.organizer - ERROR - []
2025-09-08 06:22:12,826 - 1505172 - piper.organizer - ERROR - []
2025-09-08 06:22:12,826 - 1505172 - piper.organizer - ERROR - []
2025-09-08 06:22:12,826 - 1505172 - piper.organizer - ERROR - []
2025-09-08 06:22:12,826 - 1505172 - piper.organizer - ERROR - []
2025-09-08 06:22:12,827 - 1505172 - piper.organizer - ERROR - []
2025-09-08 06:22:12,827 - 1505172 - piper.organizer - ERROR - []
2025-09-08 06:22:12,827 - 1505172 - piper.organizer - ERROR - []
2025-09-08 06:22:12,827 - 1505172 - piper.organizer - ERROR - []
2025-09-08 06:22:12,827 - 1505172 - piper.organizer - ERROR - []
2025-09-08 06:22:12,828 - 1505172 - piper.organizer - ERROR - []
2025-09-08 06:22:12,828 - 1505172 - piper.organizer - ERROR - []
2025-09-08 06:22:12,828 - 1505172 - piper.organizer - ERROR - []
2025-09-08 06:22:12,829 - 1505172 - piper.organizer - ERROR - []
2025-09-08 06:22:12,829 - 1505172 - piper.organizer - ERROR - []
2025-09-08 06:22:12,830 - 1505172 - piper.organizer - ERROR - []
2025-09-08 06:22:12,830 - 1505172 - piper.organizer - ERROR - []
2025-09-08 06:22:12,830 - 1505172 - piper.organizer - ERROR - []
2025-09-08 06:22:12,831 - 1505172 - piper.organizer - ERROR - []
2025-09-08 06:22:12,831 - 1505172 - piper.organizer - ERROR - []
2025-09-08 06:22:12,831 - 1505172 - piper.organizer - ERROR - []
2025-09-08 06:22:12,831 - 1505172 - piper.organizer - ERROR - []
2025-09-08 06:22:12,832 - 1505172 - piper.organizer - ERROR - []
2025-09-08 06:22:12,832 - 1505172 - piper.organizer - ERROR - []
2025-09-08 06:22:12,832 - 1505172 - piper.organizer - ERROR - []
2025-09-08 06:22:12,833 - 1505172 - piper.organizer - ERROR - []
2025-09-08 06:22:12,833 - 1505172 - piper.organizer - ERROR - []
2025-09-08 06:22:12,833 - 1505172 - piper.organizer - ERROR - []
2025-09-08 06:22:12,834 - 1505172 - piper.organizer - ERROR - []
2025-09-08 06:22:12,834 - 1505172 - piper.organizer - ERROR - []
2025-09-08 06:22:12,834 - 1505172 - piper.organizer - ERROR - []
2025-09-08 06:22:12,835 - 1505172 - piper.organizer - ERROR - []
2025-09-08 06:22:12,835 - 1505172 - piper.organizer - ERROR - []
2025-09-08 06:22:12,836 - 1505172 - piper.organizer - ERROR - []
2025-09-08 06:22:12,836 - 1505172 - piper.organizer - ERROR - []
2025-09-08 06:22:12,836 - 1505172 - piper.organizer - ERROR - []
2025-09-08 06:22:12,837 - 1505172 - piper.organizer - ERROR - []
2025-09-08 06:22:12,837 - 1505172 - piper.organizer - ERROR - []
2025-09-08 06:22:12,837 - 1505172 - piper.organizer - ERROR - []
2025-09-08 06:22:12,842 - 1505172 - piper.organizer - ERROR - []
2025-09-08 06:22:12,843 - 1505172 - piper.organizer - ERROR - []
2025-09-08 06:22:12,843 - 1505172 - piper.organizer - ERROR - []
2025-09-08 06:22:12,844 - 1505172 - piper.organizer - ERROR - []
2025-09-08 06:22:12,844 - 1505172 - piper.organizer - ERROR - []
2025-09-08 06:22:12,845 - 1505172 - piper.organizer - ERROR - []
2025-09-08 06:22:12,845 - 1505172 - piper.organizer - ERROR - []
2025-09-08 06:22:12,845 - 1505172 - piper.organizer - ERROR - []
2025-09-08 06:22:12,845 - 1505172 - piper.organizer - ERROR - []
2025-09-08 06:22:12,845 - 1505172 - piper.organizer - ERROR - []
2025-09-08 06:22:12,845 - 1505172 - piper.organizer - ERROR - []
2025-09-08 06:22:12,845 - 1505172 - piper.organizer - ERROR - []
2025-09-08 06:22:12,846 - 1505172 - piper.organizer - ERROR - []
2025-09-08 06:22:12,846 - 1505172 - piper.organizer - ERROR - []
2025-09-08 06:22:12,846 - 1505172 - piper.organizer - ERROR - []
2025-09-08 06:22:12,851 - 1505172 - piper.organizer - ERROR - []
2025-09-08 06:22:12,851 - 1505172 - piper.organizer - ERROR - []
2025-09-08 06:22:12,852 - 1505172 - piper.organizer - ERROR - []
2025-09-08 06:22:12,852 - 1505172 - piper.organizer - ERROR - []
2025-09-08 06:22:12,852 - 1505172 - piper.organizer - ERROR - []
2025-09-08 06:22:12,852 - 1505172 - piper.organizer - ERROR - []
2025-09-08 06:22:12,852 - 1505172 - piper.organizer - ERROR - []
2025-09-08 06:22:12,853 - 1505172 - piper.organizer - ERROR - []
2025-09-08 06:22:12,853 - 1505172 - piper.organizer - ERROR - []
2025-09-08 06:22:12,853 - 1505172 - piper.organizer - ERROR - []
2025-09-08 06:22:12,854 - 1505172 - piper.organizer - ERROR - []
2025-09-08 06:22:12,855 - 1505172 - piper.organizer - ERROR - []
2025-09-08 06:22:12,855 - 1505172 - piper.organizer - ERROR - []
2025-09-08 06:22:12,855 - 1505172 - piper.organizer - ERROR - []
2025-09-08 06:22:12,855 - 1505172 - piper.organizer - ERROR - []
2025-09-08 06:22:12,856 - 1505172 - piper.organizer - ERROR - []
2025-09-08 06:22:12,858 - 1505172 - piper.organizer - ERROR - []
2025-09-08 06:22:12,858 - 1505172 - piper.organizer - ERROR - []
2025-09-08 06:22:12,858 - 1505172 - piper.organizer - ERROR - []
2025-09-08 06:22:12,859 - 1505172 - piper.organizer - ERROR - []
2025-09-08 06:22:12,859 - 1505172 - piper.organizer - ERROR - []
2025-09-08 06:22:12,859 - 1505172 - piper.organizer - ERROR - []
2025-09-08 06:22:12,860 - 1505172 - piper.organizer - ERROR - []
2025-09-08 06:22:12,860 - 1505172 - piper.organizer - ERROR - []
2025-09-08 06:22:12,860 - 1505172 - piper.organizer - ERROR - []
2025-09-08 06:22:12,861 - 1505172 - piper.organizer - ERROR - []
2025-09-08 06:22:12,861 - 1505172 - piper.organizer - ERROR - []
2025-09-08 06:22:12,861 - 1505172 - piper.organizer - ERROR - []
2025-09-08 06:22:12,862 - 1505172 - piper.organizer - ERROR - []
2025-09-08 06:22:12,862 - 1505172 - piper.organizer - ERROR - []
2025-09-08 06:22:12,862 - 1505172 - piper.organizer - ERROR - []
2025-09-08 06:22:12,862 - 1505172 - piper.organizer - ERROR - []
2025-09-08 06:22:12,869 - 1505172 - piper.organizer - ERROR - []
2025-09-08 06:22:12,869 - 1505172 - piper.organizer - ERROR - []
2025-09-08 06:22:12,870 - 1505172 - piper.organizer - ERROR - []
2025-09-08 06:22:12,870 - 1505172 - piper.organizer - ERROR - []
2025-09-08 06:22:12,870 - 1505172 - piper.organizer - ERROR - []
2025-09-08 06:22:12,871 - 1505172 - piper.organizer - ERROR - []
2025-09-08 06:22:12,871 - 1505172 - piper.organizer - ERROR - []
2025-09-08 06:22:12,872 - 1505172 - piper.organizer - ERROR - []
2025-09-08 06:22:12,873 - 1505172 - piper.organizer - ERROR - []
2025-09-08 06:22:12,873 - 1505172 - piper.organizer - ERROR - []
2025-09-08 06:22:12,873 - 1505172 - piper.organizer - ERROR - []
2025-09-08 06:22:12,874 - 1505172 - piper.organizer - ERROR - []
2025-09-08 06:22:12,874 - 1505172 - piper.organizer - ERROR - []
2025-09-08 06:22:12,874 - 1505172 - piper.organizer - ERROR - []
2025-09-08 06:22:12,874 - 1505172 - piper.organizer - ERROR - []
2025-09-08 06:22:12,874 - 1505172 - piper.organizer - ERROR - []
2025-09-08 06:22:12,875 - 1505172 - piper.organizer - ERROR - []
2025-09-08 06:22:12,875 - 1505172 - piper.organizer - ERROR - []
2025-09-08 06:22:12,875 - 1505172 - piper.organizer - ERROR - []
2025-09-08 06:22:12,876 - 1505172 - piper.organizer - ERROR - []
2025-09-08 06:22:12,877 - 1505172 - piper.organizer - ERROR - []
2025-09-08 06:22:12,877 - 1505172 - piper.organizer - ERROR - []
2025-09-08 06:22:12,877 - 1505172 - piper.organizer - ERROR - []
2025-09-08 06:22:12,878 - 1505172 - piper.organizer - ERROR - []
2025-09-08 06:22:12,878 - 1505172 - piper.organizer - ERROR - []
2025-09-08 06:22:12,878 - 1505172 - piper.organizer - ERROR - []
2025-09-08 06:22:12,879 - 1505172 - piper.organizer - ERROR - []
2025-09-08 06:22:12,881 - 1505172 - piper.organizer - ERROR - []
2025-09-08 06:22:12,881 - 1505172 - piper.organizer - ERROR - []
2025-09-08 06:22:12,881 - 1505172 - piper.organizer - ERROR - []
2025-09-08 06:22:12,882 - 1505172 - piper.organizer - ERROR - []
2025-09-08 06:22:12,883 - 1505172 - piper.organizer - ERROR - []
2025-09-08 06:22:12,883 - 1505172 - piper.organizer - ERROR - []
2025-09-08 06:22:12,884 - 1505172 - piper.organizer - ERROR - []
2025-09-08 06:22:12,884 - 1505172 - piper.organizer - ERROR - []
2025-09-08 06:22:12,885 - 1505172 - piper.organizer - ERROR - []
2025-09-08 06:22:12,885 - 1505172 - piper.organizer - ERROR - []
2025-09-08 06:22:12,885 - 1505172 - piper.organizer - ERROR - []
2025-09-08 06:22:12,886 - 1505172 - piper.organizer - ERROR - []
2025-09-08 06:22:12,886 - 1505172 - piper.organizer - ERROR - []
2025-09-08 06:22:12,886 - 1505172 - piper.organizer - ERROR - []
2025-09-08 06:22:12,886 - 1505172 - piper.organizer - ERROR - []
2025-09-08 06:22:12,887 - 1505172 - piper.organizer - ERROR - []
2025-09-08 06:22:12,887 - 1505172 - piper.organizer - ERROR - []
2025-09-08 06:22:12,887 - 1505172 - piper.organizer - ERROR - []
2025-09-08 06:22:12,888 - 1505172 - piper.organizer - ERROR - []
2025-09-08 06:22:12,888 - 1505172 - piper.organizer - ERROR - []
2025-09-08 06:22:12,888 - 1505172 - piper.organizer - ERROR - []
2025-09-08 06:22:12,889 - 1505172 - piper.organizer - ERROR - []
2025-09-08 06:22:12,889 - 1505172 - piper.organizer - ERROR - []
2025-09-08 06:22:12,889 - 1505172 - piper.organizer - ERROR - []
2025-09-08 06:22:12,890 - 1505172 - piper.organizer - ERROR - []
2025-09-08 06:22:12,890 - 1505172 - piper.organizer - ERROR - []
2025-09-08 06:22:12,891 - 1505172 - piper.organizer - ERROR - []
2025-09-08 06:22:12,891 - 1505172 - piper.organizer - ERROR - []
2025-09-08 06:22:12,891 - 1505172 - piper.organizer - ERROR - []
2025-09-08 06:22:12,891 - 1505172 - piper.organizer - ERROR - []
2025-09-08 06:22:12,892 - 1505172 - piper.organizer - ERROR - []
2025-09-08 06:22:12,892 - 1505172 - piper.organizer - ERROR - []
2025-09-08 06:22:12,892 - 1505172 - piper.organizer - ERROR - []
2025-09-08 06:22:12,893 - 1505172 - piper.organizer - ERROR - []
2025-09-08 06:22:12,893 - 1505172 - piper.organizer - ERROR - []
2025-09-08 06:22:12,893 - 1505172 - piper.organizer - ERROR - []
2025-09-08 06:22:12,894 - 1505172 - piper.organizer - ERROR - []
2025-09-08 06:22:12,894 - 1505172 - piper.organizer - ERROR - []
2025-09-08 06:22:12,895 - 1505172 - piper.organizer - ERROR - []
2025-09-08 06:22:12,895 - 1505172 - piper.organizer - ERROR - []
2025-09-08 06:22:12,895 - 1505172 - piper.organizer - ERROR - []
2025-09-08 06:22:12,896 - 1505172 - piper.organizer - ERROR - []
2025-09-08 06:22:12,896 - 1505172 - piper.organizer - ERROR - []
2025-09-08 06:22:12,896 - 1505172 - piper.organizer - ERROR - []
2025-09-08 06:22:12,897 - 1505172 - piper.organizer - ERROR - []
2025-09-08 06:22:12,897 - 1505172 - piper.organizer - ERROR - []
2025-09-08 06:22:12,897 - 1505172 - piper.organizer - ERROR - []
2025-09-08 06:22:12,897 - 1505172 - piper.organizer - ERROR - []
2025-09-08 06:22:12,898 - 1505172 - piper.organizer - ERROR - []
2025-09-08 06:22:12,898 - 1505172 - piper.organizer - ERROR - []
2025-09-08 06:22:12,898 - 1505172 - piper.organizer - ERROR - []
2025-09-08 06:22:12,899 - 1505172 - piper.organizer - ERROR - []
2025-09-08 06:22:12,899 - 1505172 - piper.organizer - ERROR - []
2025-09-08 06:22:12,899 - 1505172 - piper.organizer - ERROR - []
2025-09-08 06:22:12,900 - 1505172 - piper.organizer - ERROR - []
2025-09-08 06:22:12,900 - 1505172 - piper.organizer - ERROR - []
2025-09-08 06:22:12,900 - 1505172 - piper.organizer - ERROR - []
2025-09-08 06:22:12,901 - 1505172 - piper.organizer - ERROR - []
2025-09-08 06:22:12,901 - 1505172 - piper.organizer - ERROR - []
2025-09-08 06:22:12,901 - 1505172 - piper.organizer - ERROR - []
2025-09-08 06:22:12,902 - 1505172 - piper.organizer - ERROR - []
2025-09-08 06:22:12,902 - 1505172 - piper.organizer - ERROR - []
2025-09-08 06:22:12,902 - 1505172 - piper.organizer - ERROR - []
2025-09-08 06:22:12,903 - 1505172 - piper.organizer - ERROR - []
2025-09-08 06:22:12,903 - 1505172 - piper.organizer - ERROR - []
2025-09-08 06:22:12,903 - 1505172 - piper.organizer - ERROR - []
2025-09-08 06:22:12,904 - 1505172 - piper.organizer - ERROR - []
2025-09-08 06:22:12,904 - 1505172 - piper.organizer - ERROR - []
2025-09-08 06:22:12,904 - 1505172 - piper.organizer - ERROR - []
2025-09-08 06:22:12,904 - 1505172 - piper.organizer - ERROR - []
2025-09-08 06:22:12,905 - 1505172 - piper.organizer - ERROR - []
2025-09-08 06:22:12,905 - 1505172 - piper.organizer - ERROR - []
2025-09-08 06:22:12,905 - 1505172 - piper.organizer - ERROR - []
2025-09-08 06:22:12,906 - 1505172 - piper.organizer - ERROR - []
2025-09-08 06:22:12,906 - 1505172 - piper.organizer - ERROR - []
2025-09-08 06:22:12,906 - 1505172 - piper.organizer - ERROR - []
2025-09-08 06:22:12,907 - 1505172 - piper.organizer - ERROR - []
2025-09-08 06:22:12,907 - 1505172 - piper.organizer - ERROR - []
2025-09-08 06:22:12,907 - 1505172 - piper.organizer - ERROR - []
2025-09-08 06:22:12,907 - 1505172 - piper.organizer - ERROR - []
2025-09-08 06:22:12,908 - 1505172 - piper.organizer - ERROR - []
2025-09-08 06:22:12,908 - 1505172 - piper.organizer - ERROR - []
2025-09-08 06:22:12,908 - 1505172 - piper.organizer - ERROR - []
2025-09-08 06:22:12,909 - 1505172 - piper.organizer - ERROR - []
2025-09-08 06:22:12,909 - 1505172 - piper.organizer - ERROR - []
2025-09-08 06:22:12,909 - 1505172 - piper.organizer - ERROR - []
2025-09-08 06:22:12,909 - 1505172 - piper.organizer - ERROR - []
2025-09-08 06:22:12,910 - 1505172 - piper.organizer - ERROR - []
2025-09-08 06:22:12,910 - 1505172 - piper.organizer - ERROR - []
2025-09-08 06:22:12,911 - 1505172 - piper.organizer - ERROR - []
2025-09-08 06:22:12,911 - 1505172 - piper.organizer - ERROR - []
2025-09-08 06:22:12,911 - 1505172 - piper.organizer - ERROR - []
2025-09-08 06:22:12,912 - 1505172 - piper.organizer - ERROR - []
2025-09-08 06:22:12,912 - 1505172 - piper.organizer - ERROR - []
2025-09-08 06:22:12,912 - 1505172 - piper.organizer - ERROR - []
2025-09-08 06:22:12,912 - 1505172 - piper.organizer - ERROR - []
2025-09-08 06:22:12,912 - 1505172 - piper.organizer - ERROR - []
2025-09-08 06:22:12,914 - 1505172 - piper.organizer - ERROR - []
2025-09-08 06:22:12,914 - 1505172 - piper.organizer - ERROR - []
2025-09-08 06:22:12,914 - 1505172 - piper.organizer - ERROR - []
2025-09-08 06:22:12,915 - 1505172 - piper.organizer - ERROR - []
2025-09-08 06:22:12,915 - 1505172 - piper.organizer - ERROR - []
2025-09-08 06:22:12,915 - 1505172 - piper.organizer - ERROR - []
2025-09-08 06:22:12,915 - 1505172 - piper.organizer - ERROR - []
2025-09-08 06:22:12,916 - 1505172 - piper.organizer - ERROR - []
2025-09-08 06:22:12,916 - 1505172 - piper.organizer - ERROR - []
2025-09-08 06:22:12,916 - 1505172 - piper.organizer - ERROR - []
2025-09-08 06:22:12,917 - 1505172 - piper.organizer - ERROR - []
2025-09-08 06:22:12,917 - 1505172 - piper.organizer - ERROR - []
2025-09-08 06:22:12,917 - 1505172 - piper.organizer - ERROR - []
2025-09-08 06:22:12,917 - 1505172 - piper.organizer - ERROR - []
2025-09-08 06:22:12,924 - 1505172 - piper.organizer - ERROR - []
2025-09-08 06:22:12,924 - 1505172 - piper.organizer - ERROR - []
2025-09-08 06:22:12,924 - 1505172 - piper.organizer - ERROR - []
2025-09-08 06:22:12,925 - 1505172 - piper.organizer - ERROR - []
2025-09-08 06:22:12,926 - 1505172 - piper.organizer - ERROR - []
2025-09-08 06:22:12,926 - 1505172 - piper.organizer - ERROR - []
2025-09-08 06:22:12,926 - 1505172 - piper.organizer - ERROR - []
2025-09-08 06:22:12,926 - 1505172 - piper.organizer - ERROR - []
2025-09-08 06:22:12,926 - 1505172 - piper.organizer - ERROR - []
2025-09-08 06:22:12,927 - 1505172 - piper.organizer - ERROR - []
2025-09-08 06:22:12,927 - 1505172 - piper.organizer - ERROR - []
2025-09-08 06:22:12,927 - 1505172 - piper.organizer - ERROR - []
2025-09-08 06:22:12,927 - 1505172 - piper.organizer - ERROR - []
2025-09-08 06:22:12,928 - 1505172 - piper.organizer - ERROR - []
2025-09-08 06:22:12,929 - 1505172 - piper.organizer - ERROR - []
2025-09-08 06:22:12,929 - 1505172 - piper.organizer - ERROR - []
2025-09-08 06:22:12,930 - 1505172 - piper.organizer - ERROR - []
2025-09-08 06:22:12,930 - 1505172 - piper.organizer - ERROR - []
2025-09-08 06:22:12,930 - 1505172 - piper.organizer - ERROR - []
2025-09-08 06:22:12,930 - 1505172 - piper.organizer - ERROR - []
2025-09-08 06:22:12,930 - 1505172 - piper.organizer - ERROR - []
2025-09-08 06:22:12,931 - 1505172 - piper.organizer - ERROR - []
2025-09-08 06:22:12,931 - 1505172 - piper.organizer - ERROR - []
2025-09-08 06:22:12,931 - 1505172 - piper.organizer - ERROR - []
2025-09-08 06:22:12,931 - 1505172 - piper.organizer - ERROR - []
2025-09-08 06:22:12,932 - 1505172 - piper.organizer - ERROR - []
2025-09-08 06:22:12,932 - 1505172 - piper.organizer - ERROR - []
2025-09-08 06:22:12,932 - 1505172 - piper.organizer - ERROR - []
2025-09-08 06:22:12,933 - 1505172 - piper.organizer - ERROR - []
2025-09-08 06:22:12,933 - 1505172 - piper.organizer - ERROR - []
2025-09-08 06:22:12,934 - 1505172 - piper.organizer - ERROR - []
2025-09-08 06:22:12,934 - 1505172 - piper.organizer - ERROR - []
2025-09-08 06:22:12,935 - 1505172 - piper.organizer - ERROR - []
2025-09-08 06:22:12,935 - 1505172 - piper.organizer - ERROR - []
2025-09-08 06:22:12,935 - 1505172 - piper.organizer - ERROR - []
2025-09-08 06:22:12,935 - 1505172 - piper.organizer - ERROR - []
2025-09-08 06:22:12,935 - 1505172 - piper.organizer - ERROR - []
2025-09-08 06:22:12,936 - 1505172 - piper.organizer - ERROR - []
2025-09-08 06:22:12,936 - 1505172 - piper.organizer - ERROR - []
2025-09-08 06:22:12,936 - 1505172 - piper.organizer - ERROR - []
2025-09-08 06:22:12,936 - 1505172 - piper.organizer - ERROR - []
2025-09-08 06:22:12,937 - 1505172 - piper.organizer - ERROR - []
2025-09-08 06:22:12,937 - 1505172 - piper.organizer - ERROR - []
2025-09-08 06:22:12,937 - 1505172 - piper.organizer - ERROR - []
2025-09-08 06:22:12,938 - 1505172 - piper.organizer - ERROR - []
2025-09-08 06:22:12,938 - 1505172 - piper.organizer - ERROR - []
2025-09-08 06:22:12,938 - 1505172 - piper.organizer - ERROR - []
2025-09-08 06:22:12,938 - 1505172 - piper.organizer - ERROR - []
2025-09-08 06:22:12,939 - 1505172 - piper.organizer - ERROR - []
2025-09-08 06:22:12,939 - 1505172 - piper.organizer - ERROR - []
2025-09-08 06:22:12,943 - 1505172 - piper.organizer - ERROR - []
2025-09-08 06:22:12,943 - 1505172 - piper.organizer - ERROR - []
2025-09-08 06:22:12,947 - 1505172 - piper.organizer - ERROR - []
2025-09-08 06:22:12,950 - 1505172 - piper.organizer - ERROR - []
2025-09-08 06:22:12,950 - 1505172 - piper.organizer - ERROR - []
2025-09-08 06:22:12,950 - 1505172 - piper.organizer - ERROR - []
2025-09-08 06:22:12,951 - 1505172 - piper.organizer - ERROR - []
2025-09-08 06:22:12,959 - 1505172 - piper.organizer - ERROR - []
2025-09-08 06:22:12,959 - 1505172 - piper.organizer - ERROR - []
2025-09-08 06:22:12,961 - 1505172 - piper.organizer - ERROR - []
2025-09-08 06:22:12,961 - 1505172 - piper.organizer - ERROR - []
2025-09-08 06:22:12,971 - 1505172 - piper.organizer - ERROR - []
2025-09-08 06:22:12,971 - 1505172 - piper.organizer - ERROR - []
2025-09-08 06:22:12,972 - 1505172 - piper.organizer - ERROR - []
2025-09-08 06:22:12,972 - 1505172 - piper.organizer - ERROR - []
2025-09-08 06:22:12,972 - 1505172 - piper.organizer - ERROR - []
2025-09-08 06:22:12,972 - 1505172 - piper.organizer - ERROR - []
2025-09-08 06:22:12,972 - 1505172 - piper.organizer - ERROR - []
2025-09-08 06:22:12,973 - 1505172 - piper.organizer - ERROR - []
2025-09-08 06:22:12,973 - 1505172 - piper.organizer - ERROR - []
2025-09-08 06:22:12,973 - 1505172 - piper.organizer - ERROR - []
2025-09-08 06:22:12,980 - 1505172 - piper.organizer - ERROR - []
2025-09-08 06:22:12,981 - 1505172 - piper.organizer - ERROR - []
2025-09-08 06:22:12,981 - 1505172 - piper.organizer - ERROR - []
2025-09-08 06:22:12,981 - 1505172 - piper.organizer - ERROR - []
2025-09-08 06:22:12,981 - 1505172 - piper.organizer - ERROR - []
2025-09-08 06:22:12,983 - 1505172 - piper.organizer - ERROR - []
2025-09-08 06:22:12,983 - 1505172 - piper.organizer - ERROR - []
2025-09-08 06:22:12,983 - 1505172 - piper.organizer - ERROR - []
2025-09-08 06:22:12,984 - 1505172 - piper.organizer - ERROR - []
2025-09-08 06:22:12,984 - 1505172 - piper.organizer - ERROR - []
2025-09-08 06:22:12,986 - 1505172 - piper.organizer - ERROR - []
2025-09-08 06:22:12,986 - 1505172 - piper.organizer - ERROR - []
2025-09-08 06:22:12,986 - 1505172 - piper.organizer - ERROR - []
2025-09-08 06:22:12,986 - 1505172 - piper.organizer - ERROR - []
2025-09-08 06:22:12,987 - 1505172 - piper.organizer - ERROR - []
2025-09-08 06:22:12,987 - 1505172 - piper.organizer - ERROR - []
2025-09-08 06:22:12,987 - 1505172 - piper.organizer - ERROR - []
2025-09-08 06:22:12,988 - 1505172 - piper.organizer - ERROR - []
2025-09-08 06:22:12,988 - 1505172 - piper.organizer - ERROR - []
2025-09-08 06:22:12,988 - 1505172 - piper.organizer - ERROR - []
2025-09-08 06:22:12,988 - 1505172 - piper.organizer - ERROR - []
2025-09-08 06:22:12,990 - 1505172 - piper.organizer - ERROR - []
2025-09-08 06:22:12,990 - 1505172 - piper.organizer - ERROR - []
2025-09-08 06:22:12,991 - 1505172 - piper.organizer - ERROR - []
2025-09-08 06:22:12,991 - 1505172 - piper.organizer - ERROR - []
2025-09-08 06:22:12,991 - 1505172 - piper.organizer - ERROR - []
2025-09-08 06:22:12,996 - 1505172 - piper.organizer - ERROR - []
2025-09-08 06:22:12,996 - 1505172 - piper.organizer - ERROR - []
2025-09-08 06:22:12,997 - 1505172 - piper.organizer - ERROR - []
2025-09-08 06:22:12,997 - 1505172 - piper.organizer - ERROR - []
2025-09-08 06:22:12,997 - 1505172 - piper.organizer - ERROR - []
2025-09-08 06:22:12,998 - 1505172 - piper.organizer - ERROR - []
2025-09-08 06:22:12,998 - 1505172 - piper.organizer - ERROR - []
2025-09-08 06:22:12,998 - 1505172 - piper.organizer - ERROR - []
2025-09-08 06:22:12,999 - 1505172 - piper.organizer - ERROR - []
2025-09-08 06:22:12,999 - 1505172 - piper.organizer - ERROR - []
2025-09-08 06:22:13,000 - 1505172 - piper.organizer - ERROR - []
2025-09-08 06:22:13,000 - 1505172 - piper.organizer - ERROR - []
2025-09-08 06:22:13,001 - 1505172 - piper.organizer - ERROR - []
2025-09-08 06:22:13,001 - 1505172 - piper.organizer - ERROR - []
2025-09-08 06:22:13,001 - 1505172 - piper.organizer - ERROR - []
2025-09-08 06:22:13,001 - 1505172 - piper.organizer - ERROR - []
2025-09-08 06:22:13,001 - 1505172 - piper.organizer - ERROR - []
2025-09-08 06:22:13,002 - 1505172 - piper.organizer - ERROR - []
2025-09-08 06:22:13,002 - 1505172 - piper.organizer - ERROR - []
2025-09-08 06:22:13,002 - 1505172 - piper.organizer - ERROR - []
2025-09-08 06:22:13,006 - 1505172 - piper.organizer - ERROR - []
2025-09-08 06:22:13,006 - 1505172 - piper.organizer - ERROR - []
2025-09-08 06:22:13,006 - 1505172 - piper.organizer - ERROR - []
2025-09-08 06:22:13,007 - 1505172 - piper.organizer - ERROR - []
2025-09-08 06:22:13,007 - 1505172 - piper.organizer - ERROR - []
2025-09-08 06:22:13,008 - 1505172 - piper.organizer - ERROR - []
2025-09-08 06:22:13,008 - 1505172 - piper.organizer - ERROR - []
2025-09-08 06:22:13,008 - 1505172 - piper.organizer - ERROR - []
2025-09-08 06:22:13,008 - 1505172 - piper.organizer - ERROR - []
2025-09-08 06:22:13,011 - 1505172 - piper.organizer - ERROR - []
2025-09-08 06:22:13,013 - 1505172 - piper.organizer - ERROR - []
2025-09-08 06:22:13,013 - 1505172 - piper.organizer - ERROR - []
2025-09-08 06:22:13,013 - 1505172 - piper.organizer - ERROR - []
2025-09-08 06:22:13,013 - 1505172 - piper.organizer - ERROR - []
2025-09-08 06:22:13,025 - 1505172 - piper.organizer - ERROR - []
2025-09-08 06:22:13,025 - 1505172 - piper.organizer - ERROR - []
2025-09-08 06:22:13,028 - 1505172 - piper.organizer - ERROR - []
2025-09-08 06:22:13,028 - 1505172 - piper.organizer - ERROR - []
2025-09-08 06:22:13,028 - 1505172 - piper.organizer - ERROR - []
2025-09-08 06:22:13,031 - 1505172 - piper.organizer - ERROR - []
2025-09-08 06:22:13,031 - 1505172 - piper.organizer - ERROR - []
2025-09-08 06:22:13,032 - 1505172 - piper.organizer - ERROR - []
2025-09-08 06:22:13,032 - 1505172 - piper.organizer - ERROR - []
2025-09-08 06:22:13,032 - 1505172 - piper.organizer - ERROR - []
2025-09-08 06:22:13,032 - 1505172 - piper.organizer - ERROR - []
2025-09-08 06:22:13,033 - 1505172 - piper.organizer - ERROR - []
2025-09-08 06:22:13,033 - 1505172 - piper.organizer - ERROR - []
2025-09-08 06:22:13,034 - 1505172 - piper.organizer - ERROR - []
2025-09-08 06:22:13,034 - 1505172 - piper.organizer - ERROR - []
2025-09-08 06:22:13,035 - 1505172 - piper.organizer - ERROR - []
2025-09-08 06:22:13,035 - 1505172 - piper.organizer - ERROR - []
2025-09-08 06:22:13,035 - 1505172 - piper.organizer - ERROR - []
2025-09-08 06:22:13,035 - 1505172 - piper.organizer - ERROR - []
2025-09-08 06:22:13,037 - 1505172 - piper.organizer - ERROR - []
2025-09-08 06:22:13,052 - 1505172 - piper.organizer - ERROR - []
2025-09-08 06:22:13,053 - 1505172 - piper.organizer - ERROR - []
2025-09-08 06:22:13,054 - 1505172 - piper.organizer - ERROR - []
2025-09-08 06:22:13,054 - 1505172 - piper.organizer - ERROR - []
2025-09-08 06:22:13,055 - 1505172 - piper.organizer - ERROR - []
2025-09-08 06:22:13,055 - 1505172 - piper.organizer - ERROR - []
2025-09-08 06:22:13,055 - 1505172 - piper.organizer - ERROR - []
2025-09-08 06:22:13,055 - 1505172 - piper.organizer - ERROR - []
2025-09-08 06:22:13,056 - 1505172 - piper.organizer - ERROR - []
2025-09-08 06:22:13,056 - 1505172 - piper.organizer - ERROR - []
2025-09-08 06:22:13,062 - 1505172 - piper.organizer - ERROR - []
2025-09-08 06:22:13,062 - 1505172 - piper.organizer - ERROR - []
2025-09-08 06:22:13,063 - 1505172 - piper.organizer - ERROR - []
2025-09-08 06:22:13,063 - 1505172 - piper.organizer - ERROR - []
2025-09-08 06:22:13,063 - 1505172 - piper.organizer - ERROR - []
2025-09-08 06:22:13,064 - 1505172 - piper.organizer - ERROR - []
2025-09-08 06:22:13,064 - 1505172 - piper.organizer - ERROR - []
2025-09-08 06:22:13,067 - 1505172 - piper.organizer - ERROR - []
2025-09-08 06:22:13,067 - 1505172 - piper.organizer - ERROR - []
2025-09-08 06:22:13,068 - 1505172 - piper.organizer - ERROR - []
2025-09-08 06:22:13,068 - 1505172 - piper.organizer - ERROR - []
2025-09-08 06:22:13,068 - 1505172 - piper.organizer - ERROR - []
2025-09-08 06:22:13,068 - 1505172 - piper.organizer - ERROR - []
2025-09-08 06:22:13,070 - 1505172 - piper.organizer - ERROR - []
2025-09-08 06:22:13,070 - 1505172 - piper.organizer - ERROR - []
2025-09-08 06:22:13,070 - 1505172 - piper.organizer - ERROR - []
2025-09-08 06:22:13,071 - 1505172 - piper.organizer - ERROR - []
2025-09-08 06:22:13,071 - 1505172 - piper.organizer - ERROR - []
2025-09-08 06:22:13,073 - 1505172 - piper.organizer - ERROR - []
2025-09-08 06:22:13,073 - 1505172 - piper.organizer - ERROR - []
2025-09-08 06:22:13,073 - 1505172 - piper.organizer - ERROR - []
2025-09-08 06:22:13,073 - 1505172 - piper.organizer - ERROR - []
2025-09-08 06:22:13,074 - 1505172 - piper.organizer - ERROR - []
2025-09-08 06:22:13,078 - 1505172 - piper.organizer - ERROR - []
2025-09-08 06:22:13,078 - 1505172 - piper.organizer - ERROR - []
2025-09-08 06:22:13,078 - 1505172 - piper.organizer - ERROR - []
2025-09-08 06:22:13,078 - 1505172 - piper.organizer - ERROR - []
2025-09-08 06:22:13,082 - 1505172 - piper.organizer - ERROR - []
2025-09-08 06:22:13,083 - 1505172 - piper.organizer - ERROR - []
2025-09-08 06:22:13,084 - 1505172 - piper.organizer - ERROR - []
2025-09-08 06:22:13,084 - 1505172 - piper.organizer - ERROR - []
2025-09-08 06:22:13,084 - 1505172 - piper.organizer - ERROR - []
2025-09-08 06:22:13,084 - 1505172 - piper.organizer - ERROR - []
2025-09-08 06:22:13,084 - 1505172 - piper.organizer - ERROR - []
2025-09-08 06:22:13,085 - 1505172 - piper.organizer - ERROR - []
2025-09-08 06:22:13,085 - 1505172 - piper.organizer - ERROR - []
2025-09-08 06:22:13,085 - 1505172 - piper.organizer - ERROR - []
2025-09-08 06:22:13,085 - 1505172 - piper.organizer - ERROR - []
2025-09-08 06:22:13,086 - 1505172 - piper.organizer - ERROR - []
2025-09-08 06:22:13,086 - 1505172 - piper.organizer - ERROR - []
2025-09-08 06:22:13,089 - 1505172 - piper.organizer - ERROR - []
2025-09-08 06:22:13,089 - 1505172 - piper.organizer - ERROR - []
2025-09-08 06:22:13,090 - 1505172 - piper.organizer - ERROR - []
2025-09-08 06:22:13,090 - 1505172 - piper.organizer - ERROR - []
2025-09-08 06:22:13,091 - 1505172 - piper.organizer - ERROR - []
2025-09-08 06:22:13,091 - 1505172 - piper.organizer - ERROR - []
2025-09-08 06:22:13,091 - 1505172 - piper.organizer - ERROR - []
2025-09-08 06:22:13,092 - 1505172 - piper.organizer - ERROR - []
2025-09-08 06:22:13,092 - 1505172 - piper.organizer - ERROR - []
2025-09-08 06:22:13,092 - 1505172 - piper.organizer - ERROR - []
2025-09-08 06:22:13,092 - 1505172 - piper.organizer - ERROR - []
2025-09-08 06:22:13,093 - 1505172 - piper.organizer - ERROR - []
2025-09-08 06:22:13,094 - 1505172 - piper.organizer - ERROR - []
2025-09-08 06:22:13,094 - 1505172 - piper.organizer - ERROR - []
2025-09-08 06:22:13,094 - 1505172 - piper.organizer - ERROR - []
2025-09-08 06:22:13,094 - 1505172 - piper.organizer - ERROR - []
2025-09-08 06:22:13,094 - 1505172 - piper.organizer - ERROR - []
2025-09-08 06:22:13,095 - 1505172 - piper.organizer - ERROR - []
2025-09-08 06:22:13,095 - 1505172 - piper.organizer - ERROR - []
2025-09-08 06:22:13,095 - 1505172 - piper.organizer - ERROR - []
2025-09-08 06:22:13,095 - 1505172 - piper.organizer - ERROR - []
2025-09-08 06:22:13,095 - 1505172 - piper.organizer - ERROR - []
2025-09-08 06:22:13,096 - 1505172 - piper.organizer - ERROR - []
2025-09-08 06:22:13,097 - 1505172 - piper.organizer - ERROR - []
2025-09-08 06:22:13,097 - 1505172 - piper.organizer - ERROR - []
2025-09-08 06:22:13,097 - 1505172 - piper.organizer - ERROR - []
2025-09-08 06:22:13,098 - 1505172 - piper.organizer - ERROR - []
2025-09-08 06:22:13,098 - 1505172 - piper.organizer - ERROR - []
2025-09-08 06:22:13,098 - 1505172 - piper.organizer - ERROR - []
2025-09-08 06:22:13,098 - 1505172 - piper.organizer - ERROR - []
2025-09-08 06:22:13,098 - 1505172 - piper.organizer - ERROR - []
2025-09-08 06:22:13,099 - 1505172 - piper.organizer - ERROR - []
2025-09-08 06:22:13,099 - 1505172 - piper.organizer - ERROR - []
2025-09-08 06:22:13,100 - 1505172 - piper.organizer - ERROR - []
2025-09-08 06:22:13,100 - 1505172 - piper.organizer - ERROR - []
2025-09-08 06:22:13,100 - 1505172 - piper.organizer - ERROR - []
2025-09-08 06:22:13,100 - 1505172 - piper.organizer - ERROR - []
2025-09-08 06:22:13,101 - 1505172 - piper.organizer - ERROR - []
2025-09-08 06:22:13,101 - 1505172 - piper.organizer - ERROR - []
2025-09-08 06:22:13,102 - 1505172 - piper.organizer - ERROR - []
2025-09-08 06:22:13,102 - 1505172 - piper.organizer - ERROR - []
2025-09-08 06:22:13,102 - 1505172 - piper.organizer - ERROR - []
2025-09-08 06:22:13,102 - 1505172 - piper.organizer - ERROR - []
2025-09-08 06:22:13,105 - 1505172 - piper.organizer - ERROR - []
2025-09-08 06:22:13,105 - 1505172 - piper.organizer - ERROR - []
2025-09-08 06:22:13,106 - 1505172 - piper.organizer - ERROR - []
2025-09-08 06:22:13,106 - 1505172 - piper.organizer - ERROR - []
2025-09-08 06:22:13,106 - 1505172 - piper.organizer - ERROR - []
2025-09-08 06:22:13,107 - 1505172 - piper.organizer - ERROR - []
2025-09-08 06:22:13,107 - 1505172 - piper.organizer - ERROR - []
2025-09-08 06:22:13,107 - 1505172 - piper.organizer - ERROR - []
2025-09-08 06:22:13,107 - 1505172 - piper.organizer - ERROR - []
2025-09-08 06:22:13,108 - 1505172 - piper.organizer - ERROR - []
2025-09-08 06:22:13,108 - 1505172 - piper.organizer - ERROR - []
2025-09-08 06:22:13,108 - 1505172 - piper.organizer - ERROR - []
2025-09-08 06:22:13,109 - 1505172 - piper.organizer - ERROR - []
2025-09-08 06:22:13,113 - 1505172 - piper.organizer - ERROR - []
2025-09-08 06:22:13,113 - 1505172 - piper.organizer - ERROR - []
2025-09-08 06:22:13,118 - 1505172 - piper.organizer - ERROR - []
2025-09-08 06:22:13,118 - 1505172 - piper.organizer - ERROR - []
2025-09-08 06:22:13,118 - 1505172 - piper.organizer - ERROR - []
2025-09-08 06:22:13,130 - 1505172 - piper.organizer - ERROR - []
2025-09-08 06:22:13,131 - 1505172 - piper.organizer - ERROR - []
2025-09-08 06:22:13,131 - 1505172 - piper.organizer - ERROR - []
2025-09-08 06:22:13,131 - 1505172 - piper.organizer - ERROR - []
2025-09-08 06:22:13,132 - 1505172 - piper.organizer - ERROR - []
2025-09-08 06:22:13,132 - 1505172 - piper.organizer - ERROR - []
2025-09-08 06:22:13,132 - 1505172 - piper.organizer - ERROR - []
2025-09-08 06:22:13,132 - 1505172 - piper.organizer - ERROR - []
2025-09-08 06:22:13,132 - 1505172 - piper.organizer - ERROR - []
2025-09-08 06:22:13,133 - 1505172 - piper.organizer - ERROR - []
2025-09-08 06:22:13,133 - 1505172 - piper.organizer - ERROR - []
2025-09-08 06:22:13,137 - 1505172 - piper.organizer - ERROR - []
2025-09-08 06:22:13,137 - 1505172 - piper.organizer - ERROR - []
2025-09-08 06:22:13,137 - 1505172 - piper.organizer - ERROR - []
2025-09-08 06:22:13,138 - 1505172 - piper.organizer - ERROR - []
2025-09-08 06:22:13,138 - 1505172 - piper.organizer - ERROR - []
2025-09-08 06:22:13,138 - 1505172 - piper.organizer - ERROR - []
2025-09-08 06:22:13,138 - 1505172 - piper.organizer - ERROR - []
2025-09-08 06:22:13,139 - 1505172 - piper.organizer - ERROR - []
2025-09-08 06:22:13,139 - 1505172 - piper.organizer - ERROR - []
2025-09-08 06:22:13,140 - 1505172 - piper.organizer - ERROR - []
2025-09-08 06:22:13,140 - 1505172 - piper.organizer - ERROR - []
2025-09-08 06:22:13,140 - 1505172 - piper.organizer - ERROR - []
2025-09-08 06:22:13,140 - 1505172 - piper.organizer - ERROR - []
2025-09-08 06:22:13,141 - 1505172 - piper.organizer - ERROR - []
2025-09-08 06:22:13,141 - 1505172 - piper.organizer - ERROR - []
2025-09-08 06:22:13,141 - 1505172 - piper.organizer - ERROR - []
2025-09-08 06:22:13,142 - 1505172 - piper.organizer - ERROR - []
2025-09-08 06:22:13,142 - 1505172 - piper.organizer - ERROR - []
2025-09-08 06:22:13,142 - 1505172 - piper.organizer - ERROR - []
2025-09-08 06:22:13,142 - 1505172 - piper.organizer - ERROR - []
2025-09-08 06:22:13,143 - 1505172 - piper.organizer - ERROR - []
2025-09-08 06:22:13,143 - 1505172 - piper.organizer - ERROR - []
2025-09-08 06:22:13,143 - 1505172 - piper.organizer - ERROR - []
2025-09-08 06:22:13,143 - 1505172 - piper.organizer - ERROR - []
2025-09-08 06:22:13,144 - 1505172 - piper.organizer - ERROR - []
2025-09-08 06:22:13,144 - 1505172 - piper.organizer - ERROR - []
2025-09-08 06:22:13,149 - 1505172 - piper.organizer - ERROR - []
2025-09-08 06:22:13,149 - 1505172 - piper.organizer - ERROR - []
2025-09-08 06:22:13,150 - 1505172 - piper.organizer - ERROR - []
2025-09-08 06:22:13,150 - 1505172 - piper.organizer - ERROR - []
2025-09-08 06:22:13,150 - 1505172 - piper.organizer - ERROR - []
2025-09-08 06:22:13,150 - 1505172 - piper.organizer - ERROR - []
2025-09-08 06:22:13,150 - 1505172 - piper.organizer - ERROR - []
2025-09-08 06:22:13,151 - 1505172 - piper.organizer - ERROR - []
2025-09-08 06:22:13,151 - 1505172 - piper.organizer - ERROR - []
2025-09-08 06:22:13,151 - 1505172 - piper.organizer - ERROR - []
2025-09-08 06:22:13,152 - 1505172 - piper.organizer - ERROR - []
2025-09-08 06:22:13,158 - 1505172 - piper.organizer - ERROR - []
2025-09-08 06:22:13,159 - 1505172 - piper.organizer - ERROR - []
2025-09-08 06:22:13,159 - 1505172 - piper.organizer - ERROR - []
2025-09-08 06:22:13,160 - 1505172 - piper.organizer - ERROR - []
2025-09-08 06:22:13,160 - 1505172 - piper.organizer - ERROR - []
2025-09-08 06:22:13,161 - 1505172 - piper.organizer - ERROR - []
2025-09-08 06:22:13,161 - 1505172 - piper.organizer - ERROR - []
2025-09-08 06:22:13,162 - 1505172 - piper.organizer - ERROR - []
2025-09-08 06:22:13,162 - 1505172 - piper.organizer - ERROR - []
2025-09-08 06:22:13,162 - 1505172 - piper.organizer - ERROR - []
2025-09-08 06:22:13,162 - 1505172 - piper.organizer - ERROR - []
2025-09-08 06:22:13,163 - 1505172 - piper.organizer - ERROR - []
2025-09-08 06:22:13,164 - 1505172 - piper.organizer - ERROR - []
2025-09-08 06:22:13,164 - 1505172 - piper.organizer - ERROR - []
2025-09-08 06:22:13,164 - 1505172 - piper.organizer - ERROR - []
2025-09-08 06:22:13,165 - 1505172 - piper.organizer - ERROR - []
2025-09-08 06:22:13,165 - 1505172 - piper.organizer - ERROR - []
2025-09-08 06:22:13,166 - 1505172 - piper.organizer - ERROR - []
2025-09-08 06:22:13,168 - 1505172 - piper.organizer - ERROR - []
2025-09-08 06:22:13,169 - 1505172 - piper.organizer - ERROR - []
2025-09-08 06:22:13,169 - 1505172 - piper.organizer - ERROR - []
2025-09-08 06:22:13,170 - 1505172 - piper.organizer - ERROR - []
2025-09-08 06:22:13,171 - 1505172 - piper.organizer - ERROR - []
2025-09-08 06:22:13,171 - 1505172 - piper.organizer - ERROR - []
2025-09-08 06:22:13,171 - 1505172 - piper.organizer - ERROR - []
2025-09-08 06:22:13,172 - 1505172 - piper.organizer - ERROR - []
2025-09-08 06:22:13,172 - 1505172 - piper.organizer - ERROR - []
2025-09-08 06:22:13,172 - 1505172 - piper.organizer - ERROR - []
2025-09-08 06:22:13,173 - 1505172 - piper.organizer - ERROR - []
2025-09-08 06:22:13,173 - 1505172 - piper.organizer - ERROR - []
2025-09-08 06:22:13,173 - 1505172 - piper.organizer - ERROR - []
2025-09-08 06:22:13,174 - 1505172 - piper.organizer - ERROR - []
2025-09-08 06:22:13,174 - 1505172 - piper.organizer - ERROR - []
2025-09-08 06:22:13,174 - 1505172 - piper.organizer - ERROR - []
2025-09-08 06:22:13,175 - 1505172 - piper.organizer - ERROR - []
2025-09-08 06:22:13,176 - 1505172 - piper.organizer - ERROR - []
2025-09-08 06:22:13,176 - 1505172 - piper.organizer - ERROR - []
2025-09-08 06:22:13,176 - 1505172 - piper.organizer - ERROR - []
2025-09-08 06:22:13,177 - 1505172 - piper.organizer - ERROR - []
2025-09-08 06:22:13,177 - 1505172 - piper.organizer - ERROR - []
2025-09-08 06:22:13,178 - 1505172 - piper.organizer - ERROR - []
2025-09-08 06:22:13,179 - 1505172 - piper.organizer - ERROR - []
2025-09-08 06:22:13,179 - 1505172 - piper.organizer - ERROR - []
2025-09-08 06:22:13,179 - 1505172 - piper.organizer - ERROR - []
2025-09-08 06:22:13,179 - 1505172 - piper.organizer - ERROR - []
2025-09-08 06:22:13,180 - 1505172 - piper.organizer - ERROR - []
2025-09-08 06:22:13,180 - 1505172 - piper.organizer - ERROR - []
2025-09-08 06:22:13,180 - 1505172 - piper.organizer - ERROR - []
2025-09-08 06:22:13,181 - 1505172 - piper.organizer - ERROR - []
2025-09-08 06:22:13,181 - 1505172 - piper.organizer - ERROR - []
2025-09-08 06:22:13,181 - 1505172 - piper.organizer - ERROR - []
2025-09-08 06:22:13,182 - 1505172 - piper.organizer - ERROR - []
2025-09-08 06:22:13,182 - 1505172 - piper.organizer - ERROR - []
2025-09-08 06:22:13,183 - 1505172 - piper.organizer - ERROR - []
2025-09-08 06:22:13,183 - 1505172 - piper.organizer - ERROR - []
2025-09-08 06:22:13,183 - 1505172 - piper.organizer - ERROR - []
2025-09-08 06:22:13,184 - 1505172 - piper.organizer - ERROR - []
2025-09-08 06:22:13,187 - 1505172 - piper.organizer - ERROR - []
2025-09-08 06:22:13,188 - 1505172 - piper.organizer - ERROR - []
2025-09-08 06:22:13,188 - 1505172 - piper.organizer - ERROR - []
2025-09-08 06:22:13,188 - 1505172 - piper.organizer - ERROR - []
2025-09-08 06:22:13,189 - 1505172 - piper.organizer - ERROR - []
2025-09-08 06:22:13,189 - 1505172 - piper.organizer - ERROR - []
2025-09-08 06:22:13,189 - 1505172 - piper.organizer - ERROR - []
2025-09-08 06:22:13,189 - 1505172 - piper.organizer - ERROR - []
2025-09-08 06:22:13,190 - 1505172 - piper.organizer - ERROR - []
2025-09-08 06:22:13,190 - 1505172 - piper.organizer - ERROR - []
2025-09-08 06:22:13,190 - 1505172 - piper.organizer - ERROR - []
2025-09-08 06:22:13,191 - 1505172 - piper.organizer - ERROR - []
2025-09-08 06:22:13,191 - 1505172 - piper.organizer - ERROR - []
2025-09-08 06:22:13,191 - 1505172 - piper.organizer - ERROR - []
2025-09-08 06:22:13,192 - 1505172 - piper.organizer - ERROR - []
2025-09-08 06:22:13,192 - 1505172 - piper.organizer - ERROR - []
2025-09-08 06:22:13,192 - 1505172 - piper.organizer - ERROR - []
2025-09-08 06:22:13,193 - 1505172 - piper.organizer - ERROR - []
2025-09-08 06:22:13,193 - 1505172 - piper.organizer - ERROR - []
2025-09-08 06:22:13,193 - 1505172 - piper.organizer - ERROR - []
2025-09-08 06:22:13,193 - 1505172 - piper.organizer - ERROR - []
2025-09-08 06:22:13,194 - 1505172 - piper.organizer - ERROR - []
2025-09-08 06:22:13,194 - 1505172 - piper.organizer - ERROR - []
2025-09-08 06:22:13,194 - 1505172 - piper.organizer - ERROR - []
2025-09-08 06:22:13,194 - 1505172 - piper.organizer - ERROR - []
2025-09-08 06:22:13,194 - 1505172 - piper.organizer - ERROR - []
2025-09-08 06:22:13,197 - 1505172 - piper.organizer - ERROR - []
2025-09-08 06:22:13,198 - 1505172 - piper.organizer - ERROR - []
2025-09-08 06:22:13,198 - 1505172 - piper.organizer - ERROR - []
2025-09-08 06:22:13,200 - 1505172 - piper.organizer - ERROR - []
2025-09-08 06:22:13,201 - 1505172 - piper.organizer - ERROR - []
2025-09-08 06:22:13,201 - 1505172 - piper.organizer - ERROR - []
2025-09-08 06:22:13,201 - 1505172 - piper.organizer - ERROR - []
2025-09-08 06:22:13,201 - 1505172 - piper.organizer - ERROR - []
2025-09-08 06:22:13,202 - 1505172 - piper.organizer - ERROR - []
2025-09-08 06:22:13,202 - 1505172 - piper.organizer - ERROR - []
2025-09-08 06:22:13,202 - 1505172 - piper.organizer - ERROR - []
2025-09-08 06:22:13,203 - 1505172 - piper.organizer - ERROR - []
2025-09-08 06:22:13,203 - 1505172 - piper.organizer - ERROR - []
2025-09-08 06:22:13,203 - 1505172 - piper.organizer - ERROR - []
2025-09-08 06:22:13,203 - 1505172 - piper.organizer - ERROR - []
2025-09-08 06:22:13,206 - 1505172 - piper.organizer - ERROR - []
2025-09-08 06:22:13,207 - 1505172 - piper.organizer - ERROR - []
2025-09-08 06:22:13,207 - 1505172 - piper.organizer - ERROR - []
2025-09-08 06:22:13,207 - 1505172 - piper.organizer - ERROR - []
2025-09-08 06:22:13,207 - 1505172 - piper.organizer - ERROR - []
2025-09-08 06:22:13,207 - 1505172 - piper.organizer - ERROR - []
2025-09-08 06:22:13,208 - 1505172 - piper.organizer - ERROR - []
2025-09-08 06:22:13,208 - 1505172 - piper.organizer - ERROR - []
2025-09-08 06:22:13,208 - 1505172 - piper.organizer - ERROR - []
2025-09-08 06:22:13,209 - 1505172 - piper.organizer - ERROR - []
2025-09-08 06:22:13,209 - 1505172 - piper.organizer - ERROR - []
2025-09-08 06:22:13,210 - 1505172 - piper.organizer - ERROR - []
2025-09-08 06:22:13,210 - 1505172 - piper.organizer - ERROR - []
2025-09-08 06:22:13,210 - 1505172 - piper.organizer - ERROR - []
2025-09-08 06:22:13,211 - 1505172 - piper.organizer - ERROR - []
2025-09-08 06:22:13,211 - 1505172 - piper.organizer - ERROR - []
2025-09-08 06:22:13,211 - 1505172 - piper.organizer - ERROR - []
2025-09-08 06:22:13,211 - 1505172 - piper.organizer - ERROR - []
2025-09-08 06:22:13,212 - 1505172 - piper.organizer - ERROR - []
2025-09-08 06:22:13,212 - 1505172 - piper.organizer - ERROR - []
2025-09-08 06:22:13,212 - 1505172 - piper.organizer - ERROR - []
2025-09-08 06:22:13,212 - 1505172 - piper.organizer - ERROR - []
2025-09-08 06:22:13,213 - 1505172 - piper.organizer - ERROR - []
2025-09-08 06:22:13,213 - 1505172 - piper.organizer - ERROR - []
2025-09-08 06:22:13,216 - 1505172 - piper.organizer - ERROR - []
2025-09-08 06:22:13,216 - 1505172 - piper.organizer - ERROR - []
2025-09-08 06:22:13,222 - 1505172 - piper.organizer - ERROR - []
2025-09-08 06:22:13,223 - 1505172 - piper.organizer - ERROR - []
2025-09-08 06:22:13,225 - 1505172 - piper.organizer - ERROR - []
2025-09-08 06:22:13,225 - 1505172 - piper.organizer - ERROR - []
2025-09-08 06:22:13,225 - 1505172 - piper.organizer - ERROR - []
2025-09-08 06:22:13,230 - 1505172 - piper.organizer - ERROR - []
2025-09-08 06:22:13,230 - 1505172 - piper.organizer - ERROR - []
2025-09-08 06:22:13,230 - 1505172 - piper.organizer - ERROR - []
2025-09-08 06:22:13,233 - 1505172 - piper.organizer - ERROR - []
2025-09-08 06:22:13,234 - 1505172 - piper.organizer - ERROR - []
2025-09-08 06:22:13,234 - 1505172 - piper.organizer - ERROR - []
2025-09-08 06:22:13,235 - 1505172 - piper.organizer - ERROR - []
2025-09-08 06:22:13,235 - 1505172 - piper.organizer - ERROR - []
2025-09-08 06:22:13,235 - 1505172 - piper.organizer - ERROR - []
2025-09-08 06:22:13,245 - 1505172 - piper.organizer - ERROR - []
2025-09-08 06:22:13,249 - 1505172 - piper.organizer - ERROR - []
2025-09-08 06:22:13,249 - 1505172 - piper.organizer - ERROR - []
2025-09-08 06:22:13,250 - 1505172 - piper.organizer - ERROR - []
2025-09-08 06:22:13,250 - 1505172 - piper.organizer - ERROR - []
2025-09-08 06:22:13,250 - 1505172 - piper.organizer - ERROR - []
2025-09-08 06:22:13,251 - 1505172 - piper.organizer - ERROR - []
2025-09-08 06:22:13,252 - 1505172 - piper.organizer - ERROR - []
2025-09-08 06:22:13,252 - 1505172 - piper.organizer - ERROR - []
2025-09-08 06:22:13,252 - 1505172 - piper.organizer - ERROR - []
2025-09-08 06:22:13,253 - 1505172 - piper.organizer - ERROR - []
2025-09-08 06:22:13,255 - 1505172 - piper.organizer - ERROR - []
2025-09-08 06:22:13,256 - 1505172 - piper.organizer - ERROR - []
2025-09-08 06:22:13,256 - 1505172 - piper.organizer - ERROR - []
2025-09-08 06:22:13,257 - 1505172 - piper.organizer - ERROR - []
2025-09-08 06:22:13,257 - 1505172 - piper.organizer - ERROR - []
2025-09-08 06:22:13,257 - 1505172 - piper.organizer - ERROR - []
2025-09-08 06:22:13,257 - 1505172 - piper.organizer - ERROR - []
2025-09-08 06:22:13,258 - 1505172 - piper.organizer - ERROR - []
2025-09-08 06:22:13,259 - 1505172 - piper.organizer - ERROR - []
2025-09-08 06:22:13,259 - 1505172 - piper.organizer - ERROR - []
2025-09-08 06:22:13,259 - 1505172 - piper.organizer - ERROR - []
2025-09-08 06:22:13,259 - 1505172 - piper.organizer - ERROR - []
2025-09-08 06:22:13,260 - 1505172 - piper.organizer - ERROR - []
2025-09-08 06:22:13,260 - 1505172 - piper.organizer - ERROR - []
2025-09-08 06:22:13,260 - 1505172 - piper.organizer - ERROR - []
2025-09-08 06:22:13,261 - 1505172 - piper.organizer - ERROR - []
2025-09-08 06:22:13,261 - 1505172 - piper.organizer - ERROR - []
2025-09-08 06:22:13,261 - 1505172 - piper.organizer - ERROR - []
2025-09-08 06:22:13,262 - 1505172 - piper.organizer - ERROR - []
2025-09-08 06:22:13,263 - 1505172 - piper.organizer - ERROR - []
2025-09-08 06:22:13,263 - 1505172 - piper.organizer - ERROR - []
2025-09-08 06:22:13,263 - 1505172 - piper.organizer - ERROR - []
2025-09-08 06:22:13,263 - 1505172 - piper.organizer - ERROR - []
2025-09-08 06:22:13,263 - 1505172 - piper.organizer - ERROR - []
2025-09-08 06:22:13,263 - 1505172 - piper.organizer - ERROR - []
2025-09-08 06:22:13,265 - 1505172 - piper.organizer - ERROR - []
2025-09-08 06:22:13,265 - 1505172 - piper.organizer - ERROR - []
2025-09-08 06:22:13,268 - 1505172 - piper.organizer - ERROR - []
2025-09-08 06:22:13,268 - 1505172 - piper.organizer - ERROR - []
2025-09-08 06:22:13,268 - 1505172 - piper.organizer - ERROR - []
2025-09-08 06:22:13,268 - 1505172 - piper.organizer - ERROR - []
2025-09-08 06:22:13,269 - 1505172 - piper.organizer - ERROR - []
2025-09-08 06:22:13,269 - 1505172 - piper.organizer - ERROR - []
2025-09-08 06:22:13,269 - 1505172 - piper.organizer - ERROR - []
2025-09-08 06:22:13,269 - 1505172 - piper.organizer - ERROR - []
2025-09-08 06:22:13,270 - 1505172 - piper.organizer - ERROR - []
2025-09-08 06:22:13,271 - 1505172 - piper.organizer - ERROR - []
2025-09-08 06:22:13,271 - 1505172 - piper.organizer - ERROR - []
2025-09-08 06:22:13,271 - 1505172 - piper.organizer - ERROR - []
2025-09-08 06:22:13,271 - 1505172 - piper.organizer - ERROR - []
2025-09-08 06:22:13,271 - 1505172 - piper.organizer - ERROR - []
2025-09-08 06:22:13,272 - 1505172 - piper.organizer - ERROR - []
2025-09-08 06:22:13,272 - 1505172 - piper.organizer - ERROR - []
2025-09-08 06:22:13,273 - 1505172 - piper.organizer - ERROR - []
2025-09-08 06:22:13,273 - 1505172 - piper.organizer - ERROR - []
2025-09-08 06:22:13,273 - 1505172 - piper.organizer - ERROR - []
2025-09-08 06:22:13,273 - 1505172 - piper.organizer - ERROR - []
2025-09-08 06:22:13,273 - 1505172 - piper.organizer - ERROR - []
2025-09-08 06:22:13,276 - 1505172 - piper.organizer - ERROR - []
2025-09-08 06:22:13,277 - 1505172 - piper.organizer - ERROR - []
2025-09-08 06:22:13,277 - 1505172 - piper.organizer - ERROR - []
2025-09-08 06:22:13,278 - 1505172 - piper.organizer - ERROR - []
2025-09-08 06:22:13,278 - 1505172 - piper.organizer - ERROR - []
2025-09-08 06:22:13,279 - 1505172 - piper.organizer - ERROR - []
2025-09-08 06:22:13,279 - 1505172 - piper.organizer - ERROR - []
2025-09-08 06:22:13,280 - 1505172 - piper.organizer - ERROR - []
2025-09-08 06:22:13,280 - 1505172 - piper.organizer - ERROR - []
2025-09-08 06:22:13,280 - 1505172 - piper.organizer - ERROR - []
2025-09-08 06:22:13,281 - 1505172 - piper.organizer - ERROR - []
2025-09-08 06:22:13,281 - 1505172 - piper.organizer - ERROR - []
2025-09-08 06:22:13,285 - 1505172 - piper.organizer - ERROR - []
2025-09-08 06:22:13,285 - 1505172 - piper.organizer - ERROR - []
2025-09-08 06:22:13,285 - 1505172 - piper.organizer - ERROR - []
2025-09-08 06:22:13,286 - 1505172 - piper.organizer - ERROR - []
2025-09-08 06:22:13,287 - 1505172 - piper.organizer - ERROR - []
2025-09-08 06:22:13,287 - 1505172 - piper.organizer - ERROR - []
2025-09-08 06:22:13,288 - 1505172 - piper.organizer - ERROR - []
2025-09-08 06:22:13,288 - 1505172 - piper.organizer - ERROR - []
2025-09-08 06:22:13,289 - 1505172 - piper.organizer - ERROR - []
2025-09-08 06:22:13,289 - 1505172 - piper.organizer - ERROR - []
2025-09-08 06:22:13,290 - 1505172 - piper.organizer - ERROR - []
2025-09-08 06:22:13,290 - 1505172 - piper.organizer - ERROR - []
2025-09-08 06:22:13,291 - 1505172 - piper.organizer - ERROR - []
2025-09-08 06:22:13,291 - 1505172 - piper.organizer - ERROR - []
2025-09-08 06:22:13,295 - 1505172 - piper.organizer - ERROR - []
2025-09-08 06:22:13,295 - 1505172 - piper.organizer - ERROR - []
2025-09-08 06:22:13,295 - 1505172 - piper.organizer - ERROR - []
2025-09-08 06:22:13,296 - 1505172 - piper.organizer - ERROR - []
2025-09-08 06:22:13,296 - 1505172 - piper.organizer - ERROR - []
2025-09-08 06:22:13,297 - 1505172 - piper.organizer - ERROR - []
2025-09-08 06:22:13,298 - 1505172 - piper.organizer - ERROR - []
2025-09-08 06:22:13,298 - 1505172 - piper.organizer - ERROR - []
2025-09-08 06:22:13,299 - 1505172 - piper.organizer - ERROR - []
2025-09-08 06:22:13,299 - 1505172 - piper.organizer - ERROR - []
2025-09-08 06:22:13,300 - 1505172 - piper.organizer - ERROR - []
2025-09-08 06:22:13,301 - 1505172 - piper.organizer - ERROR - []
2025-09-08 06:22:13,301 - 1505172 - piper.organizer - ERROR - []
2025-09-08 06:22:13,302 - 1505172 - piper.organizer - ERROR - []
2025-09-08 06:22:13,303 - 1505172 - piper.organizer - ERROR - []
2025-09-08 06:22:13,303 - 1505172 - piper.organizer - ERROR - []
2025-09-08 06:22:13,303 - 1505172 - piper.organizer - ERROR - []
2025-09-08 06:22:13,304 - 1505172 - piper.organizer - ERROR - []
2025-09-08 06:22:13,305 - 1505172 - piper.organizer - ERROR - []
2025-09-08 06:22:13,305 - 1505172 - piper.organizer - ERROR - []
2025-09-08 06:22:13,305 - 1505172 - piper.organizer - ERROR - []
2025-09-08 06:22:13,306 - 1505172 - piper.organizer - ERROR - []
2025-09-08 06:22:13,307 - 1505172 - piper.organizer - ERROR - []
2025-09-08 06:22:13,308 - 1505172 - piper.organizer - ERROR - []
2025-09-08 06:22:13,308 - 1505172 - piper.organizer - ERROR - []
2025-09-08 06:22:13,309 - 1505172 - piper.organizer - ERROR - []
2025-09-08 06:22:13,311 - 1505172 - piper.organizer - ERROR - []
2025-09-08 06:22:13,311 - 1505172 - piper.organizer - ERROR - []
2025-09-08 06:22:13,311 - 1505172 - piper.organizer - ERROR - []
2025-09-08 06:22:13,311 - 1505172 - piper.organizer - ERROR - []
2025-09-08 06:22:13,312 - 1505172 - piper.organizer - ERROR - []
2025-09-08 06:22:13,312 - 1505172 - piper.organizer - ERROR - []
2025-09-08 06:22:13,314 - 1505172 - piper.organizer - ERROR - []
2025-09-08 06:22:13,314 - 1505172 - piper.organizer - ERROR - []
2025-09-08 06:22:13,315 - 1505172 - piper.organizer - ERROR - []
2025-09-08 06:22:13,315 - 1505172 - piper.organizer - ERROR - []
2025-09-08 06:22:13,315 - 1505172 - piper.organizer - ERROR - []
2025-09-08 06:22:13,315 - 1505172 - piper.organizer - ERROR - []
2025-09-08 06:22:13,315 - 1505172 - piper.organizer - ERROR - []
2025-09-08 06:22:13,315 - 1505172 - piper.organizer - ERROR - []
2025-09-08 06:22:13,315 - 1505172 - piper.organizer - ERROR - []
2025-09-08 06:22:13,316 - 1505172 - piper.organizer - ERROR - []
2025-09-08 06:22:13,316 - 1505172 - piper.organizer - ERROR - []
2025-09-08 06:22:13,319 - 1505172 - piper.organizer - ERROR - []
2025-09-08 06:22:13,320 - 1505172 - piper.organizer - ERROR - []
2025-09-08 06:22:13,320 - 1505172 - piper.organizer - ERROR - []
2025-09-08 06:22:13,320 - 1505172 - piper.organizer - ERROR - []
2025-09-08 06:22:13,321 - 1505172 - piper.organizer - ERROR - []
2025-09-08 06:22:13,321 - 1505172 - piper.organizer - ERROR - []
2025-09-08 06:22:13,321 - 1505172 - piper.organizer - ERROR - []
2025-09-08 06:22:13,322 - 1505172 - piper.organizer - ERROR - []
2025-09-08 06:22:13,322 - 1505172 - piper.organizer - ERROR - []
2025-09-08 06:22:13,322 - 1505172 - piper.organizer - ERROR - []
2025-09-08 06:22:13,323 - 1505172 - piper.organizer - ERROR - []
2025-09-08 06:22:13,323 - 1505172 - piper.organizer - ERROR - []
2025-09-08 06:22:13,323 - 1505172 - piper.organizer - ERROR - []
2025-09-08 06:22:13,323 - 1505172 - piper.organizer - ERROR - []
2025-09-08 06:22:13,324 - 1505172 - piper.organizer - ERROR - []
2025-09-08 06:22:13,324 - 1505172 - piper.organizer - ERROR - []
2025-09-08 06:22:13,324 - 1505172 - piper.organizer - ERROR - []
2025-09-08 06:22:13,324 - 1505172 - piper.organizer - ERROR - []
2025-09-08 06:22:13,325 - 1505172 - piper.organizer - ERROR - []
2025-09-08 06:22:13,326 - 1505172 - piper.organizer - ERROR - []
2025-09-08 06:22:13,326 - 1505172 - piper.organizer - ERROR - []
2025-09-08 06:22:13,327 - 1505172 - piper.organizer - ERROR - []
2025-09-08 06:22:13,327 - 1505172 - piper.organizer - ERROR - []
2025-09-08 06:22:13,327 - 1505172 - piper.organizer - ERROR - []
2025-09-08 06:22:13,328 - 1505172 - piper.organizer - ERROR - []
2025-09-08 06:22:13,329 - 1505172 - piper.organizer - ERROR - []
2025-09-08 06:22:13,329 - 1505172 - piper.organizer - ERROR - []
2025-09-08 06:22:13,330 - 1505172 - piper.organizer - ERROR - []
2025-09-08 06:22:13,330 - 1505172 - piper.organizer - ERROR - []
2025-09-08 06:22:13,330 - 1505172 - piper.organizer - ERROR - []
2025-09-08 06:22:13,331 - 1505172 - piper.organizer - ERROR - []
2025-09-08 06:22:13,331 - 1505172 - piper.organizer - ERROR - []
2025-09-08 06:22:13,331 - 1505172 - piper.organizer - ERROR - []
2025-09-08 06:22:13,331 - 1505172 - piper.organizer - ERROR - []
2025-09-08 06:22:13,331 - 1505172 - piper.organizer - ERROR - []
2025-09-08 06:22:13,332 - 1505172 - piper.organizer - ERROR - []
2025-09-08 06:22:13,332 - 1505172 - piper.organizer - ERROR - []
2025-09-08 06:22:13,346 - 1505172 - piper.organizer - ERROR - Traversal encounters a non-existing file at /home/user/uber-one/data_piper_core_pipelines/core/core/einvoicing/one_etl/config
2025-09-08 06:22:13,347 - 1505172 - piper.organizer - ERROR - []
2025-09-08 06:22:13,347 - 1505172 - piper.organizer - ERROR - []
2025-09-08 06:22:13,348 - 1505172 - piper.organizer - ERROR - []
2025-09-08 06:22:13,348 - 1505172 - piper.organizer - ERROR - []
2025-09-08 06:22:13,348 - 1505172 - piper.organizer - ERROR - []
2025-09-08 06:22:13,350 - 1505172 - piper.organizer - ERROR - []
2025-09-08 06:22:13,350 - 1505172 - piper.organizer - ERROR - []
2025-09-08 06:22:13,354 - 1505172 - piper.organizer - ERROR - []
2025-09-08 06:22:13,355 - 1505172 - piper.organizer - ERROR - []
2025-09-08 06:22:13,360 - 1505172 - piper.organizer - ERROR - []
2025-09-08 06:22:13,361 - 1505172 - piper.organizer - ERROR - []
2025-09-08 06:22:13,361 - 1505172 - piper.organizer - ERROR - []
2025-09-08 06:22:13,361 - 1505172 - piper.organizer - ERROR - []
2025-09-08 06:22:13,362 - 1505172 - piper.organizer - ERROR - []
2025-09-08 06:22:13,362 - 1505172 - piper.organizer - ERROR - []
2025-09-08 06:22:13,362 - 1505172 - piper.organizer - ERROR - []
2025-09-08 06:22:13,363 - 1505172 - piper.organizer - ERROR - []
2025-09-08 06:22:13,363 - 1505172 - piper.organizer - ERROR - []
2025-09-08 06:22:13,368 - 1505172 - piper.organizer - ERROR - []
2025-09-08 06:22:13,369 - 1505172 - piper.organizer - ERROR - []
2025-09-08 06:22:13,376 - 1505172 - piper.organizer - ERROR - []
2025-09-08 06:22:13,377 - 1505172 - piper.organizer - ERROR - []
2025-09-08 06:22:13,377 - 1505172 - piper.organizer - ERROR - []
2025-09-08 06:22:13,377 - 1505172 - piper.organizer - ERROR - []
2025-09-08 06:22:13,378 - 1505172 - piper.organizer - ERROR - []
2025-09-08 06:22:13,378 - 1505172 - piper.organizer - ERROR - []
2025-09-08 06:22:13,379 - 1505172 - piper.organizer - ERROR - []
2025-09-08 06:22:13,379 - 1505172 - piper.organizer - ERROR - []
2025-09-08 06:22:13,379 - 1505172 - piper.organizer - ERROR - []
2025-09-08 06:22:13,381 - 1505172 - piper.organizer - ERROR - []
2025-09-08 06:22:13,383 - 1505172 - piper.organizer - ERROR - []
2025-09-08 06:22:13,383 - 1505172 - piper.organizer - ERROR - []
2025-09-08 06:22:13,383 - 1505172 - piper.organizer - ERROR - []
2025-09-08 06:22:13,383 - 1505172 - piper.organizer - ERROR - []
2025-09-08 06:22:13,383 - 1505172 - piper.organizer - ERROR - []
2025-09-08 06:22:13,384 - 1505172 - piper.organizer - ERROR - []
2025-09-08 06:22:13,386 - 1505172 - piper.organizer - ERROR - []
2025-09-08 06:22:13,387 - 1505172 - piper.organizer - ERROR - []
2025-09-08 06:22:13,387 - 1505172 - piper.organizer - ERROR - []
2025-09-08 06:22:13,388 - 1505172 - piper.organizer - ERROR - []
2025-09-08 06:22:13,389 - 1505172 - piper.organizer - ERROR - []
2025-09-08 06:22:13,389 - 1505172 - piper.organizer - ERROR - []
2025-09-08 06:22:13,389 - 1505172 - piper.organizer - ERROR - []
2025-09-08 06:22:13,389 - 1505172 - piper.organizer - ERROR - []
2025-09-08 06:22:13,393 - 1505172 - piper.organizer - ERROR - []
2025-09-08 06:22:13,393 - 1505172 - piper.organizer - ERROR - []
2025-09-08 06:22:13,394 - 1505172 - piper.organizer - ERROR - []
2025-09-08 06:22:13,394 - 1505172 - piper.organizer - ERROR - []
2025-09-08 06:22:13,394 - 1505172 - piper.organizer - ERROR - []
2025-09-08 06:22:13,394 - 1505172 - piper.organizer - ERROR - []
2025-09-08 06:22:13,398 - 1505172 - piper.organizer - ERROR - []
2025-09-08 06:22:13,398 - 1505172 - piper.organizer - ERROR - []
2025-09-08 06:22:13,398 - 1505172 - piper.organizer - ERROR - []
2025-09-08 06:22:13,402 - 1505172 - piper.organizer - ERROR - []
2025-09-08 06:22:13,403 - 1505172 - piper.organizer - ERROR - []
2025-09-08 06:22:13,405 - 1505172 - piper.organizer - ERROR - []
2025-09-08 06:22:13,405 - 1505172 - piper.organizer - ERROR - []
2025-09-08 06:22:13,405 - 1505172 - piper.organizer - ERROR - []
2025-09-08 06:22:13,405 - 1505172 - piper.organizer - ERROR - []
2025-09-08 06:22:13,406 - 1505172 - piper.organizer - ERROR - []
2025-09-08 06:22:13,406 - 1505172 - piper.organizer - ERROR - []
2025-09-08 06:22:13,409 - 1505172 - piper.organizer - ERROR - []
2025-09-08 06:22:13,410 - 1505172 - piper.organizer - ERROR - []
2025-09-08 06:22:13,410 - 1505172 - piper.organizer - ERROR - []
2025-09-08 06:22:13,413 - 1505172 - piper.organizer - ERROR - []
2025-09-08 06:22:13,415 - 1505172 - piper.organizer - ERROR - []
2025-09-08 06:22:13,420 - 1505172 - piper.organizer - ERROR - []
2025-09-08 06:22:13,422 - 1505172 - piper.organizer - ERROR - []
2025-09-08 06:22:13,422 - 1505172 - piper.organizer - ERROR - []
2025-09-08 06:22:13,423 - 1505172 - piper.organizer - ERROR - []
2025-09-08 06:22:13,423 - 1505172 - piper.organizer - ERROR - []
2025-09-08 06:22:13,424 - 1505172 - piper.organizer - ERROR - []
2025-09-08 06:22:13,424 - 1505172 - piper.organizer - ERROR - []
2025-09-08 06:22:13,425 - 1505172 - piper.organizer - ERROR - []
2025-09-08 06:22:13,428 - 1505172 - piper.organizer - ERROR - []
2025-09-08 06:22:13,428 - 1505172 - piper.organizer - ERROR - []
2025-09-08 06:22:13,431 - 1505172 - piper.organizer - ERROR - []
2025-09-08 06:22:13,432 - 1505172 - piper.organizer - ERROR - []
2025-09-08 06:22:13,432 - 1505172 - piper.organizer - ERROR - []
2025-09-08 06:22:13,433 - 1504887 - piper.organizer - INFO - Monitoring process with target PipelineOrganizer.execute and pid 1505172
2025-09-08 06:22:13,435 - 1505172 - piper.organizer - ERROR - []
2025-09-08 06:22:13,437 - 1505172 - piper.organizer - ERROR - []
2025-09-08 06:22:13,438 - 1505172 - piper.organizer - ERROR - []
2025-09-08 06:22:13,443 - 1505172 - piper.organizer - ERROR - []
2025-09-08 06:22:13,445 - 1505172 - piper.organizer - ERROR - []
2025-09-08 06:22:13,445 - 1505172 - piper.organizer - ERROR - []
2025-09-08 06:22:13,445 - 1505172 - piper.organizer - ERROR - []
2025-09-08 06:22:13,446 - 1505172 - piper.organizer - ERROR - []
2025-09-08 06:22:13,447 - 1505172 - piper.organizer - ERROR - []
2025-09-08 06:22:13,448 - 1505172 - piper.organizer - ERROR - []
2025-09-08 06:22:13,448 - 1505172 - piper.organizer - ERROR - []
2025-09-08 06:22:13,457 - 1505172 - piper.organizer - ERROR - []
2025-09-08 06:22:13,457 - 1505172 - piper.organizer - ERROR - []
2025-09-08 06:22:13,459 - 1505172 - piper.organizer - ERROR - []
2025-09-08 06:22:13,459 - 1505172 - piper.organizer - ERROR - []
2025-09-08 06:22:13,460 - 1505172 - piper.organizer - ERROR - []
2025-09-08 06:22:13,460 - 1505172 - piper.organizer - ERROR - []
2025-09-08 06:22:13,460 - 1505172 - piper.organizer - ERROR - []
2025-09-08 06:22:13,461 - 1505172 - piper.organizer - ERROR - []
2025-09-08 06:22:13,461 - 1505172 - piper.organizer - ERROR - []
2025-09-08 06:22:13,462 - 1505172 - piper.organizer - ERROR - []
2025-09-08 06:22:13,462 - 1505172 - piper.organizer - ERROR - []
2025-09-08 06:22:13,462 - 1505172 - piper.organizer - ERROR - []
2025-09-08 06:22:13,463 - 1505172 - piper.organizer - ERROR - []
2025-09-08 06:22:13,463 - 1505172 - piper.organizer - ERROR - []
2025-09-08 06:22:13,463 - 1505172 - piper.organizer - ERROR - []
2025-09-08 06:22:13,464 - 1505172 - piper.organizer - ERROR - []
2025-09-08 06:22:13,464 - 1505172 - piper.organizer - ERROR - []
2025-09-08 06:22:13,464 - 1505172 - piper.organizer - ERROR - []
2025-09-08 06:22:13,464 - 1505172 - piper.organizer - ERROR - []
2025-09-08 06:22:13,468 - 1505172 - piper.organizer - ERROR - []
2025-09-08 06:22:13,469 - 1505172 - piper.organizer - ERROR - []
2025-09-08 06:22:13,470 - 1505172 - piper.organizer - ERROR - []
2025-09-08 06:22:13,470 - 1505172 - piper.organizer - ERROR - []
2025-09-08 06:22:13,472 - 1505172 - piper.organizer - ERROR - []
2025-09-08 06:22:13,473 - 1505172 - piper.organizer - ERROR - []
2025-09-08 06:22:13,473 - 1505172 - piper.organizer - ERROR - []
2025-09-08 06:22:13,474 - 1505172 - piper.organizer - ERROR - []
2025-09-08 06:22:13,476 - 1505172 - piper.organizer - ERROR - []
2025-09-08 06:22:13,479 - 1505172 - piper.organizer - ERROR - []
2025-09-08 06:22:13,479 - 1505172 - piper.organizer - ERROR - []
2025-09-08 06:22:13,485 - 1505172 - piper.organizer - ERROR - []
2025-09-08 06:22:13,485 - 1505172 - piper.organizer - ERROR - []
2025-09-08 06:22:13,486 - 1505172 - piper.organizer - ERROR - []
2025-09-08 06:22:13,488 - 1505172 - piper.organizer - ERROR - []
2025-09-08 06:22:13,488 - 1505172 - piper.organizer - ERROR - []
2025-09-08 06:22:13,489 - 1505172 - piper.organizer - ERROR - []
2025-09-08 06:22:13,489 - 1505172 - piper.organizer - ERROR - []
2025-09-08 06:22:13,490 - 1505172 - piper.organizer - ERROR - []
2025-09-08 06:22:13,490 - 1505172 - piper.organizer - ERROR - []
2025-09-08 06:22:13,491 - 1505172 - piper.organizer - ERROR - []
2025-09-08 06:22:13,491 - 1505172 - piper.organizer - ERROR - []
2025-09-08 06:22:13,491 - 1505172 - piper.organizer - ERROR - []
2025-09-08 06:22:13,493 - 1505172 - piper.organizer - ERROR - []
2025-09-08 06:22:13,493 - 1505172 - piper.organizer - ERROR - []
2025-09-08 06:22:13,494 - 1505172 - piper.organizer - ERROR - []
2025-09-08 06:22:13,494 - 1505172 - piper.organizer - ERROR - []
2025-09-08 06:22:13,494 - 1505172 - piper.organizer - ERROR - []
2025-09-08 06:22:13,494 - 1505172 - piper.organizer - ERROR - []
2025-09-08 06:22:13,495 - 1505172 - piper.organizer - ERROR - []
2025-09-08 06:22:13,495 - 1505172 - piper.organizer - ERROR - []
2025-09-08 06:22:13,496 - 1505172 - piper.organizer - ERROR - []
2025-09-08 06:22:13,496 - 1505172 - piper.organizer - ERROR - []
2025-09-08 06:22:13,496 - 1505172 - piper.organizer - ERROR - []
2025-09-08 06:22:13,497 - 1505172 - piper.organizer - ERROR - []
2025-09-08 06:22:13,497 - 1505172 - piper.organizer - ERROR - []
2025-09-08 06:22:13,497 - 1505172 - piper.organizer - ERROR - []
2025-09-08 06:22:13,497 - 1505172 - piper.organizer - ERROR - []
2025-09-08 06:22:13,497 - 1505172 - piper.organizer - ERROR - []
2025-09-08 06:22:13,497 - 1505172 - piper.organizer - ERROR - []
2025-09-08 06:22:13,497 - 1505172 - piper.organizer - ERROR - []
2025-09-08 06:22:13,497 - 1505172 - piper.organizer - ERROR - []
2025-09-08 06:22:13,500 - 1505172 - piper.organizer - ERROR - []
2025-09-08 06:22:13,500 - 1505172 - piper.organizer - ERROR - []
2025-09-08 06:22:13,500 - 1505172 - piper.organizer - ERROR - []
2025-09-08 06:22:13,501 - 1505172 - piper.organizer - ERROR - []
2025-09-08 06:22:13,501 - 1505172 - piper.organizer - ERROR - []
2025-09-08 06:22:13,507 - 1505172 - piper.organizer - ERROR - []
2025-09-08 06:22:13,508 - 1505172 - piper.organizer - ERROR - []
2025-09-08 06:22:13,509 - 1505172 - piper.organizer - ERROR - []
2025-09-08 06:22:13,509 - 1505172 - piper.organizer - ERROR - []
2025-09-08 06:22:13,510 - 1505172 - piper.organizer - ERROR - []
2025-09-08 06:22:13,510 - 1505172 - piper.organizer - ERROR - []
2025-09-08 06:22:13,510 - 1505172 - piper.organizer - ERROR - []
2025-09-08 06:22:13,510 - 1505172 - piper.organizer - ERROR - []
2025-09-08 06:22:13,514 - 1505172 - piper.organizer - ERROR - []
2025-09-08 06:22:13,514 - 1505172 - piper.organizer - ERROR - []
2025-09-08 06:22:13,514 - 1505172 - piper.organizer - ERROR - []
2025-09-08 06:22:13,514 - 1505172 - piper.organizer - ERROR - []
2025-09-08 06:22:13,515 - 1505172 - piper.organizer - ERROR - []
2025-09-08 06:22:13,515 - 1505172 - piper.organizer - ERROR - []
2025-09-08 06:22:13,515 - 1505172 - piper.organizer - ERROR - []
2025-09-08 06:22:13,515 - 1505172 - piper.organizer - ERROR - []
2025-09-08 06:22:13,516 - 1505172 - piper.organizer - ERROR - []
2025-09-08 06:22:13,516 - 1505172 - piper.organizer - ERROR - []
2025-09-08 06:22:13,516 - 1505172 - piper.organizer - ERROR - []
2025-09-08 06:22:13,516 - 1505172 - piper.organizer - ERROR - []
2025-09-08 06:22:13,517 - 1505172 - piper.organizer - ERROR - []
2025-09-08 06:22:13,517 - 1505172 - piper.organizer - ERROR - []
2025-09-08 06:22:13,517 - 1505172 - piper.organizer - ERROR - []
2025-09-08 06:22:13,517 - 1505172 - piper.organizer - ERROR - []
2025-09-08 06:22:13,517 - 1505172 - piper.organizer - ERROR - []
2025-09-08 06:22:13,518 - 1505172 - piper.organizer - ERROR - []
2025-09-08 06:22:13,518 - 1505172 - piper.organizer - ERROR - []
2025-09-08 06:22:13,518 - 1505172 - piper.organizer - ERROR - []
2025-09-08 06:22:13,518 - 1505172 - piper.organizer - ERROR - []
2025-09-08 06:22:13,519 - 1505172 - piper.organizer - ERROR - []
2025-09-08 06:22:13,519 - 1505172 - piper.organizer - ERROR - []
2025-09-08 06:22:13,519 - 1505172 - piper.organizer - ERROR - []
2025-09-08 06:22:13,519 - 1505172 - piper.organizer - ERROR - []
2025-09-08 06:22:13,519 - 1505172 - piper.organizer - ERROR - []
2025-09-08 06:22:13,520 - 1505172 - piper.organizer - ERROR - []
2025-09-08 06:22:13,520 - 1505172 - piper.organizer - ERROR - []
2025-09-08 06:22:13,520 - 1505172 - piper.organizer - ERROR - []
2025-09-08 06:22:13,520 - 1505172 - piper.organizer - ERROR - []
2025-09-08 06:22:13,521 - 1505172 - piper.organizer - ERROR - []
2025-09-08 06:22:13,521 - 1505172 - piper.organizer - ERROR - []
2025-09-08 06:22:13,521 - 1505172 - piper.organizer - ERROR - []
2025-09-08 06:22:13,521 - 1505172 - piper.organizer - ERROR - []
2025-09-08 06:22:13,521 - 1505172 - piper.organizer - ERROR - []
2025-09-08 06:22:13,522 - 1505172 - piper.organizer - ERROR - []
2025-09-08 06:22:13,522 - 1505172 - piper.organizer - ERROR - []
2025-09-08 06:22:13,522 - 1505172 - piper.organizer - ERROR - []
2025-09-08 06:22:13,522 - 1505172 - piper.organizer - ERROR - []
2025-09-08 06:22:13,523 - 1505172 - piper.organizer - ERROR - []
2025-09-08 06:22:13,523 - 1505172 - piper.organizer - ERROR - []
2025-09-08 06:22:13,523 - 1505172 - piper.organizer - ERROR - []
2025-09-08 06:22:13,523 - 1505172 - piper.organizer - ERROR - []
2025-09-08 06:22:13,524 - 1505172 - piper.organizer - ERROR - []
2025-09-08 06:22:13,524 - 1505172 - piper.organizer - ERROR - []
2025-09-08 06:22:13,524 - 1505172 - piper.organizer - ERROR - []
2025-09-08 06:22:13,525 - 1505172 - piper.organizer - ERROR - []
2025-09-08 06:22:13,525 - 1505172 - piper.organizer - ERROR - []
2025-09-08 06:22:13,525 - 1505172 - piper.organizer - ERROR - []
2025-09-08 06:22:13,525 - 1505172 - piper.organizer - ERROR - []
2025-09-08 06:22:13,526 - 1505172 - piper.organizer - ERROR - []
2025-09-08 06:22:13,526 - 1505172 - piper.organizer - ERROR - []
2025-09-08 06:22:13,526 - 1505172 - piper.organizer - ERROR - []
2025-09-08 06:22:13,527 - 1505172 - piper.organizer - ERROR - []
2025-09-08 06:22:13,527 - 1505172 - piper.organizer - ERROR - []
2025-09-08 06:22:13,527 - 1505172 - piper.organizer - ERROR - []
2025-09-08 06:22:13,527 - 1505172 - piper.organizer - ERROR - []
2025-09-08 06:22:13,528 - 1505172 - piper.organizer - ERROR - []
2025-09-08 06:22:13,528 - 1505172 - piper.organizer - ERROR - []
2025-09-08 06:22:13,528 - 1505172 - piper.organizer - ERROR - []
2025-09-08 06:22:13,528 - 1505172 - piper.organizer - ERROR - []
2025-09-08 06:22:13,529 - 1505172 - piper.organizer - ERROR - []
2025-09-08 06:22:13,529 - 1505172 - piper.organizer - ERROR - []
2025-09-08 06:22:13,529 - 1505172 - piper.organizer - ERROR - []
2025-09-08 06:22:13,529 - 1505172 - piper.organizer - ERROR - []
2025-09-08 06:22:13,529 - 1505172 - piper.organizer - ERROR - []
2025-09-08 06:22:13,530 - 1505172 - piper.organizer - ERROR - []
2025-09-08 06:22:13,530 - 1505172 - piper.organizer - ERROR - []
2025-09-08 06:22:13,531 - 1505172 - piper.organizer - ERROR - []
2025-09-08 06:22:13,531 - 1505172 - piper.organizer - ERROR - []
2025-09-08 06:22:13,532 - 1505172 - piper.organizer - ERROR - []
2025-09-08 06:22:13,532 - 1505172 - piper.organizer - ERROR - []
2025-09-08 06:22:13,532 - 1505172 - piper.organizer - ERROR - []
2025-09-08 06:22:13,532 - 1505172 - piper.organizer - ERROR - []
2025-09-08 06:22:13,533 - 1505172 - piper.organizer - ERROR - []
2025-09-08 06:22:13,536 - 1505172 - piper.organizer - ERROR - []
2025-09-08 06:22:13,536 - 1505172 - piper.organizer - ERROR - []
2025-09-08 06:22:13,536 - 1505172 - piper.organizer - ERROR - []
2025-09-08 06:22:13,537 - 1505172 - piper.organizer - ERROR - []
2025-09-08 06:22:13,537 - 1505172 - piper.organizer - ERROR - []
2025-09-08 06:22:13,537 - 1505172 - piper.organizer - ERROR - []
2025-09-08 06:22:13,539 - 1505172 - piper.organizer - ERROR - []
2025-09-08 06:22:13,539 - 1505172 - piper.organizer - ERROR - []
2025-09-08 06:22:13,539 - 1505172 - piper.organizer - ERROR - []
2025-09-08 06:22:13,540 - 1505172 - piper.organizer - ERROR - []
2025-09-08 06:22:13,540 - 1505172 - piper.organizer - ERROR - []
2025-09-08 06:22:13,540 - 1505172 - piper.organizer - ERROR - []
2025-09-08 06:22:13,541 - 1505172 - piper.organizer - ERROR - []
2025-09-08 06:22:13,541 - 1505172 - piper.organizer - ERROR - []
2025-09-08 06:22:13,541 - 1505172 - piper.organizer - ERROR - []
2025-09-08 06:22:13,541 - 1505172 - piper.organizer - ERROR - []
2025-09-08 06:22:13,543 - 1505172 - piper.organizer - ERROR - []
2025-09-08 06:22:13,543 - 1505172 - piper.organizer - ERROR - []
2025-09-08 06:22:13,543 - 1505172 - piper.organizer - ERROR - []
2025-09-08 06:22:13,544 - 1505172 - piper.organizer - ERROR - []
2025-09-08 06:22:13,544 - 1505172 - piper.organizer - ERROR - []
2025-09-08 06:22:13,544 - 1505172 - piper.organizer - ERROR - []
2025-09-08 06:22:13,545 - 1505172 - piper.organizer - ERROR - []
2025-09-08 06:22:13,545 - 1505172 - piper.organizer - ERROR - []
2025-09-08 06:22:13,545 - 1505172 - piper.organizer - ERROR - []
2025-09-08 06:22:13,546 - 1505172 - piper.organizer - ERROR - []
2025-09-08 06:22:13,546 - 1505172 - piper.organizer - ERROR - []
2025-09-08 06:22:13,546 - 1505172 - piper.organizer - ERROR - []
2025-09-08 06:22:13,547 - 1505172 - piper.organizer - ERROR - []
2025-09-08 06:22:13,547 - 1505172 - piper.organizer - ERROR - []
2025-09-08 06:22:13,547 - 1505172 - piper.organizer - ERROR - []
2025-09-08 06:22:13,547 - 1505172 - piper.organizer - ERROR - []
2025-09-08 06:22:13,547 - 1505172 - piper.organizer - ERROR - []
2025-09-08 06:22:13,548 - 1505172 - piper.organizer - ERROR - []
2025-09-08 06:22:13,548 - 1505172 - piper.organizer - ERROR - []
2025-09-08 06:22:13,548 - 1505172 - piper.organizer - ERROR - []
2025-09-08 06:22:13,550 - 1505172 - piper.organizer - ERROR - []
2025-09-08 06:22:13,550 - 1505172 - piper.organizer - ERROR - []
2025-09-08 06:22:13,550 - 1505172 - piper.organizer - ERROR - []
2025-09-08 06:22:13,550 - 1505172 - piper.organizer - ERROR - []
2025-09-08 06:22:13,550 - 1505172 - piper.organizer - ERROR - []
2025-09-08 06:22:13,551 - 1505172 - piper.organizer - ERROR - []
2025-09-08 06:22:13,551 - 1505172 - piper.organizer - ERROR - []
2025-09-08 06:22:13,551 - 1505172 - piper.organizer - ERROR - []
2025-09-08 06:22:13,552 - 1505172 - piper.organizer - ERROR - []
2025-09-08 06:22:13,552 - 1505172 - piper.organizer - ERROR - []
2025-09-08 06:22:13,552 - 1505172 - piper.organizer - ERROR - []
2025-09-08 06:22:13,553 - 1505172 - piper.organizer - ERROR - []
2025-09-08 06:22:13,553 - 1505172 - piper.organizer - ERROR - []
2025-09-08 06:22:13,554 - 1505172 - piper.organizer - ERROR - []
2025-09-08 06:22:13,554 - 1505172 - piper.organizer - ERROR - []
2025-09-08 06:22:13,554 - 1505172 - piper.organizer - ERROR - []
2025-09-08 06:22:13,554 - 1505172 - piper.organizer - ERROR - []
2025-09-08 06:22:13,555 - 1505172 - piper.organizer - ERROR - []
2025-09-08 06:22:13,555 - 1505172 - piper.organizer - ERROR - []
2025-09-08 06:22:13,556 - 1505172 - piper.organizer - ERROR - []
2025-09-08 06:22:13,556 - 1505172 - piper.organizer - ERROR - []
2025-09-08 06:22:13,557 - 1505172 - piper.organizer - ERROR - []
2025-09-08 06:22:13,557 - 1505172 - piper.organizer - ERROR - []
2025-09-08 06:22:13,557 - 1505172 - piper.organizer - ERROR - []
2025-09-08 06:22:13,557 - 1505172 - piper.organizer - ERROR - []
2025-09-08 06:22:13,557 - 1505172 - piper.organizer - ERROR - []
2025-09-08 06:22:13,558 - 1505172 - piper.organizer - ERROR - []
2025-09-08 06:22:13,558 - 1505172 - piper.organizer - ERROR - []
2025-09-08 06:22:13,559 - 1505172 - piper.organizer - ERROR - []
2025-09-08 06:22:13,559 - 1505172 - piper.organizer - ERROR - []
2025-09-08 06:22:13,559 - 1505172 - piper.organizer - ERROR - []
2025-09-08 06:22:13,559 - 1505172 - piper.organizer - ERROR - []
2025-09-08 06:22:13,559 - 1505172 - piper.organizer - ERROR - []
2025-09-08 06:22:13,560 - 1505172 - piper.organizer - ERROR - []
2025-09-08 06:22:13,560 - 1505172 - piper.organizer - ERROR - []
2025-09-08 06:22:13,560 - 1505172 - piper.organizer - ERROR - []
2025-09-08 06:22:13,561 - 1505172 - piper.organizer - ERROR - []
2025-09-08 06:22:13,561 - 1505172 - piper.organizer - ERROR - []
2025-09-08 06:22:13,561 - 1505172 - piper.organizer - ERROR - []
2025-09-08 06:22:13,561 - 1505172 - piper.organizer - ERROR - []
2025-09-08 06:22:13,563 - 1505172 - piper.organizer - ERROR - []
2025-09-08 06:22:13,563 - 1505172 - piper.organizer - ERROR - []
2025-09-08 06:22:13,563 - 1505172 - piper.organizer - ERROR - []
2025-09-08 06:22:13,564 - 1505172 - piper.organizer - ERROR - []
2025-09-08 06:22:13,564 - 1505172 - piper.organizer - ERROR - []
2025-09-08 06:22:13,564 - 1505172 - piper.organizer - ERROR - []
2025-09-08 06:22:13,565 - 1505172 - piper.organizer - ERROR - []
2025-09-08 06:22:13,565 - 1505172 - piper.organizer - ERROR - []
2025-09-08 06:22:13,568 - 1505172 - piper.organizer - ERROR - []
2025-09-08 06:22:13,568 - 1505172 - piper.organizer - ERROR - []
2025-09-08 06:22:13,569 - 1505172 - piper.organizer - ERROR - []
2025-09-08 06:22:13,570 - 1505172 - piper.organizer - ERROR - []
2025-09-08 06:22:13,570 - 1505172 - piper.organizer - ERROR - []
2025-09-08 06:22:13,571 - 1505172 - piper.organizer - ERROR - []
2025-09-08 06:22:13,571 - 1505172 - piper.organizer - ERROR - []
2025-09-08 06:22:13,571 - 1505172 - piper.organizer - ERROR - []
2025-09-08 06:22:13,571 - 1505172 - piper.organizer - ERROR - []
2025-09-08 06:22:13,573 - 1505172 - piper.organizer - ERROR - []
2025-09-08 06:22:13,573 - 1505172 - piper.organizer - ERROR - []
2025-09-08 06:22:13,573 - 1505172 - piper.organizer - ERROR - []
2025-09-08 06:22:13,573 - 1505172 - piper.organizer - ERROR - []
2025-09-08 06:22:13,573 - 1505172 - piper.organizer - ERROR - []
2025-09-08 06:22:13,575 - 1505172 - piper.organizer - ERROR - []
2025-09-08 06:22:13,576 - 1505172 - piper.organizer - ERROR - []
2025-09-08 06:22:13,576 - 1505172 - piper.organizer - ERROR - []
2025-09-08 06:22:13,577 - 1505172 - piper.organizer - ERROR - []
2025-09-08 06:22:13,577 - 1505172 - piper.organizer - ERROR - []
2025-09-08 06:22:13,577 - 1505172 - piper.organizer - ERROR - []
2025-09-08 06:22:13,578 - 1505172 - piper.organizer - ERROR - []
2025-09-08 06:22:13,578 - 1505172 - piper.organizer - ERROR - []
2025-09-08 06:22:13,578 - 1505172 - piper.organizer - ERROR - []
2025-09-08 06:22:13,579 - 1505172 - piper.organizer - ERROR - []
2025-09-08 06:22:13,579 - 1505172 - piper.organizer - ERROR - []
2025-09-08 06:22:13,579 - 1505172 - piper.organizer - ERROR - []
2025-09-08 06:22:13,580 - 1505172 - piper.organizer - ERROR - []
2025-09-08 06:22:13,580 - 1505172 - piper.organizer - ERROR - []
2025-09-08 06:22:13,580 - 1505172 - piper.organizer - ERROR - []
2025-09-08 06:22:13,580 - 1505172 - piper.organizer - ERROR - []
2025-09-08 06:22:13,580 - 1505172 - piper.organizer - ERROR - []
2025-09-08 06:22:13,581 - 1505172 - piper.organizer - ERROR - []
2025-09-08 06:22:13,581 - 1505172 - piper.organizer - ERROR - []
2025-09-08 06:22:13,581 - 1505172 - piper.organizer - ERROR - []
2025-09-08 06:22:13,583 - 1505172 - piper.organizer - ERROR - []
2025-09-08 06:22:13,583 - 1505172 - piper.organizer - ERROR - []
2025-09-08 06:22:13,583 - 1505172 - piper.organizer - ERROR - []
2025-09-08 06:22:13,583 - 1505172 - piper.organizer - ERROR - []
2025-09-08 06:22:13,583 - 1505172 - piper.organizer - ERROR - []
2025-09-08 06:22:13,583 - 1505172 - piper.organizer - ERROR - []
2025-09-08 06:22:13,583 - 1505172 - piper.organizer - ERROR - []
2025-09-08 06:22:13,586 - 1505172 - piper.organizer - ERROR - []
2025-09-08 06:22:13,586 - 1505172 - piper.organizer - ERROR - []
2025-09-08 06:22:13,586 - 1505172 - piper.organizer - ERROR - []
2025-09-08 06:22:13,587 - 1505172 - piper.organizer - ERROR - []
2025-09-08 06:22:13,587 - 1505172 - piper.organizer - ERROR - []
2025-09-08 06:22:13,588 - 1505172 - piper.organizer - ERROR - []
2025-09-08 06:22:13,588 - 1505172 - piper.organizer - ERROR - []
2025-09-08 06:22:13,591 - 1505172 - piper.organizer - ERROR - []
2025-09-08 06:22:13,592 - 1505172 - piper.organizer - ERROR - []
2025-09-08 06:22:13,592 - 1505172 - piper.organizer - ERROR - []
2025-09-08 06:22:13,592 - 1505172 - piper.organizer - ERROR - []
2025-09-08 06:22:13,593 - 1505172 - piper.organizer - ERROR - []
2025-09-08 06:22:13,593 - 1505172 - piper.organizer - ERROR - []
2025-09-08 06:22:13,594 - 1505172 - piper.organizer - ERROR - []
2025-09-08 06:22:13,594 - 1505172 - piper.organizer - ERROR - []
2025-09-08 06:22:13,595 - 1505172 - piper.organizer - ERROR - []
2025-09-08 06:22:13,595 - 1505172 - piper.organizer - ERROR - []
2025-09-08 06:22:13,596 - 1505172 - piper.organizer - ERROR - []
2025-09-08 06:22:13,596 - 1505172 - piper.organizer - ERROR - []
2025-09-08 06:22:13,596 - 1505172 - piper.organizer - ERROR - []
2025-09-08 06:22:13,597 - 1505172 - piper.organizer - ERROR - []
2025-09-08 06:22:13,597 - 1505172 - piper.organizer - ERROR - []
2025-09-08 06:22:13,598 - 1505172 - piper.organizer - ERROR - []
2025-09-08 06:22:13,598 - 1505172 - piper.organizer - ERROR - []
2025-09-08 06:22:13,598 - 1505172 - piper.organizer - ERROR - []
2025-09-08 06:22:13,599 - 1505172 - piper.organizer - ERROR - []
2025-09-08 06:22:13,599 - 1505172 - piper.organizer - ERROR - []
2025-09-08 06:22:13,599 - 1505172 - piper.organizer - ERROR - []
2025-09-08 06:22:13,600 - 1505172 - piper.organizer - ERROR - []
2025-09-08 06:22:13,600 - 1505172 - piper.organizer - ERROR - []
2025-09-08 06:22:13,601 - 1505172 - piper.organizer - ERROR - []
2025-09-08 06:22:13,601 - 1505172 - piper.organizer - ERROR - []
2025-09-08 06:22:13,602 - 1505172 - piper.organizer - ERROR - []
2025-09-08 06:22:13,602 - 1505172 - piper.organizer - ERROR - []
2025-09-08 06:22:13,603 - 1505172 - piper.organizer - ERROR - []
2025-09-08 06:22:13,603 - 1505172 - piper.organizer - ERROR - []
2025-09-08 06:22:13,604 - 1505172 - piper.organizer - ERROR - []
2025-09-08 06:22:13,605 - 1505172 - piper.organizer - ERROR - []
2025-09-08 06:22:13,605 - 1505172 - piper.organizer - ERROR - []
2025-09-08 06:22:13,606 - 1505172 - piper.organizer - ERROR - []
2025-09-08 06:22:13,607 - 1505172 - piper.organizer - ERROR - []
2025-09-08 06:22:13,607 - 1505172 - piper.organizer - ERROR - []
2025-09-08 06:22:13,607 - 1505172 - piper.organizer - ERROR - []
2025-09-08 06:22:13,609 - 1505172 - piper.organizer - ERROR - []
2025-09-08 06:22:13,609 - 1505172 - piper.organizer - ERROR - []
2025-09-08 06:22:13,609 - 1505172 - piper.organizer - ERROR - []
2025-09-08 06:22:13,610 - 1505172 - piper.organizer - ERROR - []
2025-09-08 06:22:13,610 - 1505172 - piper.organizer - ERROR - []
2025-09-08 06:22:13,610 - 1505172 - piper.organizer - ERROR - []
2025-09-08 06:22:13,611 - 1505172 - piper.organizer - ERROR - []
2025-09-08 06:22:13,611 - 1505172 - piper.organizer - ERROR - []
2025-09-08 06:22:13,613 - 1505172 - piper.organizer - ERROR - []
2025-09-08 06:22:13,613 - 1505172 - piper.organizer - ERROR - []
2025-09-08 06:22:13,614 - 1505172 - piper.organizer - ERROR - []
2025-09-08 06:22:13,614 - 1505172 - piper.organizer - ERROR - []
2025-09-08 06:22:13,615 - 1505172 - piper.organizer - ERROR - []
2025-09-08 06:22:13,615 - 1505172 - piper.organizer - ERROR - []
2025-09-08 06:22:13,616 - 1505172 - piper.organizer - ERROR - []
2025-09-08 06:22:13,616 - 1505172 - piper.organizer - ERROR - []
2025-09-08 06:22:13,617 - 1505172 - piper.organizer - ERROR - []
2025-09-08 06:22:13,617 - 1505172 - piper.organizer - ERROR - []
2025-09-08 06:22:13,618 - 1505172 - piper.organizer - ERROR - []
2025-09-08 06:22:13,618 - 1505172 - piper.organizer - ERROR - []
2025-09-08 06:22:13,618 - 1505172 - piper.organizer - ERROR - []
2025-09-08 06:22:13,619 - 1505172 - piper.organizer - ERROR - []
2025-09-08 06:22:13,619 - 1505172 - piper.organizer - ERROR - []
2025-09-08 06:22:13,619 - 1505172 - piper.organizer - ERROR - []
2025-09-08 06:22:13,620 - 1505172 - piper.organizer - ERROR - []
2025-09-08 06:22:13,620 - 1505172 - piper.organizer - ERROR - []
2025-09-08 06:22:13,620 - 1505172 - piper.organizer - ERROR - []
2025-09-08 06:22:13,622 - 1505172 - piper.organizer - ERROR - []
2025-09-08 06:22:13,622 - 1505172 - piper.organizer - ERROR - []
2025-09-08 06:22:13,623 - 1505172 - piper.organizer - ERROR - []
2025-09-08 06:22:13,623 - 1505172 - piper.organizer - ERROR - []
2025-09-08 06:22:13,623 - 1505172 - piper.organizer - ERROR - []
2025-09-08 06:22:13,624 - 1505172 - piper.organizer - ERROR - []
2025-09-08 06:22:13,624 - 1505172 - piper.organizer - ERROR - []
2025-09-08 06:22:13,624 - 1505172 - piper.organizer - ERROR - []
2025-09-08 06:22:13,625 - 1505172 - piper.organizer - ERROR - []
2025-09-08 06:22:13,626 - 1505172 - piper.organizer - ERROR - []
2025-09-08 06:22:13,627 - 1505172 - piper.organizer - ERROR - []
2025-09-08 06:22:13,627 - 1505172 - piper.organizer - ERROR - []
2025-09-08 06:22:13,627 - 1505172 - piper.organizer - ERROR - []
2025-09-08 06:22:13,628 - 1505172 - piper.organizer - ERROR - []
2025-09-08 06:22:13,628 - 1505172 - piper.organizer - ERROR - []
2025-09-08 06:22:13,628 - 1505172 - piper.organizer - ERROR - []
2025-09-08 06:22:13,630 - 1505172 - piper.organizer - ERROR - []
2025-09-08 06:22:13,630 - 1505172 - piper.organizer - ERROR - []
2025-09-08 06:22:13,630 - 1505172 - piper.organizer - ERROR - []
2025-09-08 06:22:13,630 - 1505172 - piper.organizer - ERROR - []
2025-09-08 06:22:13,632 - 1505172 - piper.organizer - ERROR - []
2025-09-08 06:22:13,632 - 1505172 - piper.organizer - ERROR - []
2025-09-08 06:22:13,632 - 1505172 - piper.organizer - ERROR - []
2025-09-08 06:22:13,633 - 1505172 - piper.organizer - ERROR - []
2025-09-08 06:22:13,635 - 1505172 - piper.organizer - ERROR - []
2025-09-08 06:22:13,636 - 1505172 - piper.organizer - ERROR - []
2025-09-08 06:22:13,636 - 1505172 - piper.organizer - ERROR - []
2025-09-08 06:22:13,636 - 1505172 - piper.organizer - ERROR - []
2025-09-08 06:22:13,637 - 1505172 - piper.organizer - ERROR - []
2025-09-08 06:22:13,637 - 1505172 - piper.organizer - ERROR - []
2025-09-08 06:22:13,637 - 1505172 - piper.organizer - ERROR - []
2025-09-08 06:22:13,637 - 1505172 - piper.organizer - ERROR - []
2025-09-08 06:22:13,639 - 1505172 - piper.organizer - ERROR - []
2025-09-08 06:22:13,639 - 1505172 - piper.organizer - ERROR - []
2025-09-08 06:22:13,639 - 1505172 - piper.organizer - ERROR - []
2025-09-08 06:22:13,639 - 1505172 - piper.organizer - ERROR - []
2025-09-08 06:22:13,640 - 1505172 - piper.organizer - ERROR - []
2025-09-08 06:22:13,640 - 1505172 - piper.organizer - ERROR - []
2025-09-08 06:22:13,640 - 1505172 - piper.organizer - ERROR - []
2025-09-08 06:22:13,641 - 1505172 - piper.organizer - ERROR - []
2025-09-08 06:22:13,642 - 1505172 - piper.organizer - ERROR - []
2025-09-08 06:22:13,642 - 1505172 - piper.organizer - ERROR - []
2025-09-08 06:22:13,642 - 1505172 - piper.organizer - ERROR - []
2025-09-08 06:22:13,642 - 1505172 - piper.organizer - ERROR - []
2025-09-08 06:22:13,647 - 1505172 - piper.organizer - ERROR - []
2025-09-08 06:22:13,648 - 1505172 - piper.organizer - ERROR - []
2025-09-08 06:22:13,648 - 1505172 - piper.organizer - ERROR - []
2025-09-08 06:22:13,648 - 1505172 - piper.organizer - ERROR - []
2025-09-08 06:22:13,649 - 1505172 - piper.organizer - ERROR - []
2025-09-08 06:22:13,649 - 1505172 - piper.organizer - ERROR - []
2025-09-08 06:22:13,650 - 1505172 - piper.organizer - ERROR - []
2025-09-08 06:22:13,650 - 1505172 - piper.organizer - ERROR - []
2025-09-08 06:22:13,651 - 1505172 - piper.organizer - ERROR - []
2025-09-08 06:22:13,651 - 1505172 - piper.organizer - ERROR - []
2025-09-08 06:22:13,652 - 1505172 - piper.organizer - ERROR - []
2025-09-08 06:22:13,653 - 1505172 - piper.organizer - ERROR - []
2025-09-08 06:22:13,654 - 1505172 - piper.organizer - ERROR - []
2025-09-08 06:22:13,654 - 1505172 - piper.organizer - ERROR - []
2025-09-08 06:22:13,655 - 1505172 - piper.organizer - ERROR - []
2025-09-08 06:22:13,655 - 1505172 - piper.organizer - ERROR - []
2025-09-08 06:22:13,655 - 1505172 - piper.organizer - ERROR - []
2025-09-08 06:22:13,655 - 1505172 - piper.organizer - ERROR - []
2025-09-08 06:22:13,656 - 1505172 - piper.organizer - ERROR - []
2025-09-08 06:22:13,656 - 1505172 - piper.organizer - ERROR - []
2025-09-08 06:22:13,657 - 1505172 - piper.organizer - ERROR - []
2025-09-08 06:22:13,657 - 1505172 - piper.organizer - ERROR - []
2025-09-08 06:22:13,658 - 1505172 - piper.organizer - ERROR - []
2025-09-08 06:22:13,658 - 1505172 - piper.organizer - ERROR - []
2025-09-08 06:22:13,658 - 1505172 - piper.organizer - ERROR - []
2025-09-08 06:22:13,658 - 1505172 - piper.organizer - ERROR - []
2025-09-08 06:22:13,659 - 1505172 - piper.organizer - ERROR - []
2025-09-08 06:22:13,660 - 1505172 - piper.organizer - ERROR - []
2025-09-08 06:22:13,660 - 1505172 - piper.organizer - ERROR - []
2025-09-08 06:22:13,660 - 1505172 - piper.organizer - ERROR - []
2025-09-08 06:22:13,661 - 1505172 - piper.organizer - ERROR - []
2025-09-08 06:22:13,661 - 1505172 - piper.organizer - ERROR - []
2025-09-08 06:22:13,663 - 1505172 - piper.organizer - ERROR - []
2025-09-08 06:22:13,663 - 1505172 - piper.organizer - ERROR - []
2025-09-08 06:22:13,663 - 1505172 - piper.organizer - ERROR - []
2025-09-08 06:22:13,664 - 1505172 - piper.organizer - ERROR - []
2025-09-08 06:22:13,664 - 1505172 - piper.organizer - ERROR - []
2025-09-08 06:22:13,665 - 1505172 - piper.organizer - ERROR - []
2025-09-08 06:22:13,665 - 1505172 - piper.organizer - ERROR - []
2025-09-08 06:22:13,665 - 1505172 - piper.organizer - ERROR - []
2025-09-08 06:22:13,665 - 1505172 - piper.organizer - ERROR - []
2025-09-08 06:22:13,665 - 1505172 - piper.organizer - ERROR - []
2025-09-08 06:22:13,666 - 1505172 - piper.organizer - ERROR - []
2025-09-08 06:22:13,666 - 1505172 - piper.organizer - ERROR - []
2025-09-08 06:22:13,666 - 1505172 - piper.organizer - ERROR - []
2025-09-08 06:22:13,666 - 1505172 - piper.organizer - ERROR - []
2025-09-08 06:22:13,666 - 1505172 - piper.organizer - ERROR - []
2025-09-08 06:22:13,667 - 1505172 - piper.organizer - ERROR - []
2025-09-08 06:22:13,667 - 1505172 - piper.organizer - ERROR - []
2025-09-08 06:22:13,667 - 1505172 - piper.organizer - ERROR - []
2025-09-08 06:22:13,667 - 1505172 - piper.organizer - ERROR - []
2025-09-08 06:22:13,667 - 1505172 - piper.organizer - ERROR - []
2025-09-08 06:22:13,668 - 1505172 - piper.organizer - ERROR - []
2025-09-08 06:22:13,668 - 1505172 - piper.organizer - ERROR - []
2025-09-08 06:22:13,668 - 1505172 - piper.organizer - ERROR - []
2025-09-08 06:22:13,668 - 1505172 - piper.organizer - ERROR - []
2025-09-08 06:22:13,669 - 1505172 - piper.organizer - ERROR - []
2025-09-08 06:22:13,669 - 1505172 - piper.organizer - ERROR - []
2025-09-08 06:22:13,669 - 1505172 - piper.organizer - ERROR - []
2025-09-08 06:22:13,670 - 1505172 - piper.organizer - ERROR - Traversal encounters a non-existing file at /home/user/uber-one/data_piper_core_pipelines/core/advanced_matching/core/advanced_matching/tests
2025-09-08 06:22:13,671 - 1505172 - piper.organizer - ERROR - []
2025-09-08 06:22:13,671 - 1505172 - piper.organizer - ERROR - []
2025-09-08 06:22:13,671 - 1505172 - piper.organizer - ERROR - []
2025-09-08 06:22:13,671 - 1505172 - piper.organizer - ERROR - []
2025-09-08 06:22:13,671 - 1505172 - piper.organizer - ERROR - []
2025-09-08 06:22:13,671 - 1505172 - piper.organizer - ERROR - []
2025-09-08 06:22:13,672 - 1505172 - piper.organizer - ERROR - []
2025-09-08 06:22:13,672 - 1505172 - piper.organizer - ERROR - []
2025-09-08 06:22:13,672 - 1505172 - piper.organizer - ERROR - []
2025-09-08 06:22:13,672 - 1505172 - piper.organizer - ERROR - []
2025-09-08 06:22:13,673 - 1505172 - piper.organizer - ERROR - []
2025-09-08 06:22:13,682 - 1505172 - piper.organizer - ERROR - []
2025-09-08 06:22:13,682 - 1505172 - piper.organizer - ERROR - []
2025-09-08 06:22:13,683 - 1505172 - piper.organizer - ERROR - []
2025-09-08 06:22:13,683 - 1505172 - piper.organizer - ERROR - []
2025-09-08 06:22:13,683 - 1505172 - piper.organizer - ERROR - []
2025-09-08 06:22:13,684 - 1505172 - piper.organizer - ERROR - []
2025-09-08 06:22:13,684 - 1505172 - piper.organizer - ERROR - []
2025-09-08 06:22:13,684 - 1505172 - piper.organizer - ERROR - []
2025-09-08 06:22:13,684 - 1505172 - piper.organizer - ERROR - []
2025-09-08 06:22:13,684 - 1505172 - piper.organizer - ERROR - []
2025-09-08 06:22:13,685 - 1505172 - piper.organizer - ERROR - []
2025-09-08 06:22:13,685 - 1505172 - piper.organizer - ERROR - []
2025-09-08 06:22:13,686 - 1505172 - piper.organizer - ERROR - []
2025-09-08 06:22:13,686 - 1505172 - piper.organizer - ERROR - []
2025-09-08 06:22:13,687 - 1505172 - piper.organizer - ERROR - []
2025-09-08 06:22:13,687 - 1505172 - piper.organizer - ERROR - []
2025-09-08 06:22:13,687 - 1505172 - piper.organizer - ERROR - []
2025-09-08 06:22:13,688 - 1505172 - piper.organizer - ERROR - []
2025-09-08 06:22:13,688 - 1505172 - piper.organizer - ERROR - []
2025-09-08 06:22:13,689 - 1505172 - piper.organizer - ERROR - []
2025-09-08 06:22:13,689 - 1505172 - piper.organizer - ERROR - []
2025-09-08 06:22:13,690 - 1505172 - piper.organizer - ERROR - []
2025-09-08 06:22:13,693 - 1505172 - piper.organizer - ERROR - []
2025-09-08 06:22:13,695 - 1505172 - piper.organizer - ERROR - []
2025-09-08 06:22:13,697 - 1505172 - piper.organizer - ERROR - []
2025-09-08 06:22:13,699 - 1505172 - piper.organizer - ERROR - []
2025-09-08 06:22:13,699 - 1505172 - piper.organizer - ERROR - []
2025-09-08 06:22:13,699 - 1505172 - piper.organizer - ERROR - []
2025-09-08 06:22:13,702 - 1505172 - piper.organizer - ERROR - []
2025-09-08 06:22:13,702 - 1505172 - piper.organizer - ERROR - []
2025-09-08 06:22:13,703 - 1505172 - piper.organizer - ERROR - []
2025-09-08 06:22:13,703 - 1505172 - piper.organizer - ERROR - []
2025-09-08 06:22:13,703 - 1505172 - piper.organizer - ERROR - []
2025-09-08 06:22:13,705 - 1505172 - piper.organizer - ERROR - []
2025-09-08 06:22:13,709 - 1505172 - piper.organizer - ERROR - []
2025-09-08 06:22:13,709 - 1505172 - piper.organizer - ERROR - []
2025-09-08 06:22:13,709 - 1505172 - piper.organizer - ERROR - []
2025-09-08 06:22:13,710 - 1505172 - piper.organizer - ERROR - []
2025-09-08 06:22:13,710 - 1505172 - piper.organizer - ERROR - []
2025-09-08 06:22:13,710 - 1505172 - piper.organizer - ERROR - []
2025-09-08 06:22:13,711 - 1505172 - piper.organizer - ERROR - []
2025-09-08 06:22:13,711 - 1505172 - piper.organizer - ERROR - []
2025-09-08 06:22:13,711 - 1505172 - piper.organizer - ERROR - []
2025-09-08 06:22:13,712 - 1505172 - piper.organizer - ERROR - []
2025-09-08 06:22:13,712 - 1505172 - piper.organizer - ERROR - []
2025-09-08 06:22:13,712 - 1505172 - piper.organizer - ERROR - []
2025-09-08 06:22:13,713 - 1505172 - piper.organizer - ERROR - []
2025-09-08 06:22:13,713 - 1505172 - piper.organizer - ERROR - []
2025-09-08 06:22:13,713 - 1505172 - piper.organizer - ERROR - []
2025-09-08 06:22:13,714 - 1505172 - piper.organizer - ERROR - []
2025-09-08 06:22:13,714 - 1505172 - piper.organizer - ERROR - []
2025-09-08 06:22:13,714 - 1505172 - piper.organizer - ERROR - []
2025-09-08 06:22:13,715 - 1505172 - piper.organizer - ERROR - []
2025-09-08 06:22:13,715 - 1505172 - piper.organizer - ERROR - []
2025-09-08 06:22:13,716 - 1505172 - piper.organizer - ERROR - []
2025-09-08 06:22:13,716 - 1505172 - piper.organizer - ERROR - []
2025-09-08 06:22:13,716 - 1505172 - piper.organizer - ERROR - []
2025-09-08 06:22:13,717 - 1505172 - piper.organizer - ERROR - []
2025-09-08 06:22:13,717 - 1505172 - piper.organizer - ERROR - []
2025-09-08 06:22:13,717 - 1505172 - piper.organizer - ERROR - []
2025-09-08 06:22:13,718 - 1505172 - piper.organizer - ERROR - []
2025-09-08 06:22:13,718 - 1505172 - piper.organizer - ERROR - []
2025-09-08 06:22:13,718 - 1505172 - piper.organizer - ERROR - []
2025-09-08 06:22:13,719 - 1505172 - piper.organizer - ERROR - []
2025-09-08 06:22:13,719 - 1505172 - piper.organizer - ERROR - []
2025-09-08 06:22:13,719 - 1505172 - piper.organizer - ERROR - []
2025-09-08 06:22:13,719 - 1505172 - piper.organizer - ERROR - []
2025-09-08 06:22:13,721 - 1505172 - piper.organizer - ERROR - []
2025-09-08 06:22:13,721 - 1505172 - piper.organizer - ERROR - []
2025-09-08 06:22:13,721 - 1505172 - piper.organizer - ERROR - []
2025-09-08 06:22:13,721 - 1505172 - piper.organizer - ERROR - []
2025-09-08 06:22:13,721 - 1505172 - piper.organizer - ERROR - []
2025-09-08 06:22:13,723 - 1505172 - piper.organizer - ERROR - []
2025-09-08 06:22:13,724 - 1505172 - piper.organizer - ERROR - []
2025-09-08 06:22:13,724 - 1505172 - piper.organizer - ERROR - []
2025-09-08 06:22:13,725 - 1505172 - piper.organizer - ERROR - []
2025-09-08 06:22:13,725 - 1505172 - piper.organizer - ERROR - []
2025-09-08 06:22:13,725 - 1505172 - piper.organizer - ERROR - []
2025-09-08 06:22:13,725 - 1505172 - piper.organizer - ERROR - []
2025-09-08 06:22:13,726 - 1505172 - piper.organizer - ERROR - []
2025-09-08 06:22:13,726 - 1505172 - piper.organizer - ERROR - []
2025-09-08 06:22:13,726 - 1505172 - piper.organizer - ERROR - []
2025-09-08 06:22:13,726 - 1505172 - piper.organizer - ERROR - []
2025-09-08 06:22:13,726 - 1505172 - piper.organizer - ERROR - []
2025-09-08 06:22:13,727 - 1505172 - piper.organizer - ERROR - []
2025-09-08 06:22:13,727 - 1505172 - piper.organizer - ERROR - []
2025-09-08 06:22:13,727 - 1505172 - piper.organizer - ERROR - []
2025-09-08 06:22:13,727 - 1505172 - piper.organizer - ERROR - []
2025-09-08 06:22:13,728 - 1505172 - piper.organizer - ERROR - []
2025-09-08 06:22:13,728 - 1505172 - piper.organizer - ERROR - []
2025-09-08 06:22:13,729 - 1505172 - piper.organizer - ERROR - []
2025-09-08 06:22:13,729 - 1505172 - piper.organizer - ERROR - []
2025-09-08 06:22:13,730 - 1505172 - piper.organizer - ERROR - []
2025-09-08 06:22:13,731 - 1505172 - piper.organizer - ERROR - []
2025-09-08 06:22:13,731 - 1505172 - piper.organizer - ERROR - []
2025-09-08 06:22:13,731 - 1505172 - piper.organizer - ERROR - []
2025-09-08 06:22:13,732 - 1505172 - piper.organizer - INFO - {'msg': 'looking for all python files under /home/user/piper/pipelines/core/gss_piper_bhavneet/QB_to_Sheets'}
2025-09-08 06:22:13,732 - 1505172 - piper.organizer - INFO - {'msg': 'the number of all python files is 3 under /home/user/piper/pipelines/core/gss_piper_bhavneet/QB_to_Sheets'}
2025-09-08 06:22:13,732 - 1505172 - piper.organizer - INFO - {'msg': 'the number of active python files is 3 under /home/user/piper/pipelines/core/gss_piper_bhavneet/QB_to_Sheets'}
2025-09-08 06:22:13,733 - 1505172 - piper.organizer - INFO - {'msg': 'looking for all python files under /home/user/piper/pipelines/core/gss_piper_bhavneet/QB_to_Sheets'}
2025-09-08 06:22:13,733 - 1505172 - piper.organizer - INFO - {'msg': 'the number of all python files is 3 under /home/user/piper/pipelines/core/gss_piper_bhavneet/QB_to_Sheets'}
2025-09-08 06:22:13,733 - 1505172 - piper.organizer - INFO - {'msg': 'the number of active python files is 3 under /home/user/piper/pipelines/core/gss_piper_bhavneet/QB_to_Sheets'}
2025-09-08 06:22:13,733 - 1505172 - piper.organizer - INFO - This organizer loop will process all python files. The number of files is: 3
2025-09-08 06:22:13,733 - 1505172 - piper.organizer - INFO - this organizer is processing normal files, the subprocess_timeout is 600s
2025-09-08 06:22:13,752 - 1505172 - piper.organizer - INFO - Running pool with processes=16 and maxtasksperchild=None
2025-09-08 06:22:13,850 - 1505172 - piper.organizer - INFO - file /home/user/piper/pipelines/core/gss_piper_bhavneet/QB_to_Sheets/tasks/getsecret.py doesn't have pipeline keyword, organizer won't process it
2025-09-08 06:22:13,850 - 1505172 - piper.organizer - INFO - file /home/user/piper/pipelines/core/gss_piper_bhavneet/QB_to_Sheets/tasks/update_data.py doesn't have pipeline keyword, organizer won't process it
2025-09-08 06:22:13,850 - 1505272 - piper.organizer - INFO - Entering organizer execute for _home_user_piper_pipelines_core_gss_piper_bhavneet_QB_to_Sheets_pipeline_pipeline.py with python36 allowlist None
2025-09-08 06:22:14,062 - 1505272 - hdfs.hdfs_to_gcs_adapter - INFO - Using sas endpoint storage-access-service-prod-cloudlake@127.0.0.1:5435 for auth
2025-09-08 06:22:14,121 - 1505272 - piper.organizer - ERROR - {'msg': 'Failed to import', 'filepath': '/home/user/piper/pipelines/core/gss_piper_bhavneet/QB_to_Sheets/pipeline/pipeline.py', 'Exception': "No module named 'pandas_gbq'"}
2025-09-08 06:22:14,121 - 1505272 - piper.organizer - ERROR - No module named 'pandas_gbq'
Traceback (most recent call last):
  File "/home/user/uber-one/data_piper/piper/models/pipeline_bundle.py", line 199, in process_file
    m = self.load_source(mod_name, filepath)
  File "/home/user/uber-one/data_piper/piper/models/pipeline_bundle.py", line 1186, in load_source
    spec.loader.exec_module(m)
  File "<frozen importlib._bootstrap_external>", line 850, in exec_module
  File "<frozen importlib._bootstrap>", line 228, in _call_with_frames_removed
  File "/home/user/piper/pipelines/core/gss_piper_bhavneet/QB_to_Sheets/pipeline/pipeline.py", line 6, in <module>
    from pipelines.core.gss_piper_bhavneet.QB_to_Sheets.tasks.update_data import update_google_sheets_data
  File "/home/user/uber-one/data_piper/pipelines/core/gss_piper_bhavneet/QB_to_Sheets/tasks/update_data.py", line 5, in <module>
    import pandas_gbq
ModuleNotFoundError: No module named 'pandas_gbq'
2025-09-08 06:22:14,135 - 1505272 - piper.organizer - INFO - Exiting organizer execute for _home_user_piper_pipelines_core_gss_piper_bhavneet_QB_to_Sheets_pipeline_pipeline.py after 0 seconds
2025-09-08 06:22:14,155 - 1505172 - piper.organizer - INFO - update is_valid for all pipelines in SimpleSerializedPipelineModel
2025-09-08 06:22:14,173 - 1505172 - piper.models - INFO - backfill_pipeline_namespace: ['pipelines/core/piper_backfill', 'pipelines/core/piper_backfill/backfill_driver.py']
2025-09-08 06:22:14,174 - 1505172 - piper.organizer - INFO - {'msg': 'organizer has successfully processed the assigned files', 'file_count': 3, 'organizer_uid': 'bgill3_9676547eb9d144b8818c2a613f779963'}
2025-09-08 06:22:14,176 - 1505172 - piper.organizer - INFO - process import errors for 3 files
2025-09-08 06:22:14,435 - 1504887 - piper.organizer - INFO - Total Organizer loop Time: 5.013834
